Ramal;Sentido;Nombre parada;Latitud;Longitud;Seccion;Orden
213;Ida;Cervantes y Echeverría;-34.7179376;-58.2119823;1;1
213;Ida;Cervantes y Franklin;-34.7139426;-58.2181513;1;2
213;Ida;Cervantes y 25 bis;-34.7126418;-58.2200986;1;3
213;Ida;Cervantes y 23 bis;-34.7115261;-58.2217669;1;4
213;Ida;Cervantes y Iriarte (Pejerrey);-34.7102737;-58.2235157;1;5
213;Ida;Cervantes y Alamos;-34.7092419;-58.2250339;1;6
213;Ida;Cervantes y Olavarría;-34.7080380;-58.2270402;1;7
213;Ida;Otamendi y Cervantes;-34.7071383;-58.2308811;1;8
213;Ida;Otamendi y Yoldi;-34.7085070;-58.2334830;1;9
213;Ida;Otamendi y Juan B Justo;-34.7092270;-58.2347350;1;10
213;Ida;Otamendi y Panizza;-34.7102120;-58.2364601;1;11
213;Ida;Otamendi y Brussa;-34.7113189;-58.2383162;1;12
213;Ida;Otamendi y Toledo;-34.7129019;-58.2410896;1;13
213;Ida;Otamendi y Lora;-34.7139514;-58.2427847;1;14
213;Ida;Otamendi y Mozart;-34.7149788;-58.2445496;1;15
213;Ida;Otamendi y Monrroe;-34.7160283;-58.2463306;1;16
213;Ida;Ceballos y Otamendi;-34.7173026;-58.2474250;1;17
213;Ida;Alem y Belgrano;-34.7194550;-58.2500350;1;18
213;Ida;Alem y Paz;-34.7204250;-58.2519620;1;19
213;Ida;Alem y Mitre;-34.7213680;-58.2538650;1;20
213;Ida;Alem y Brown;-34.7223170;-58.2557270;1;21
213;Ida;Alem y Moreno;-34.7233200;-58.2576070;1;22
213;Ida;Alem y H Yrigoyen;-34.7240928;-58.2592857;1;23
213;Ida;Yrigoyen y Alsina;-34.7232904;-58.2602835;1;24
213;Ida;Yrigoyen y 9 de Julio;-34.7217340;-58.2614529;1;25
213;Ida;Yrigoyen y Colon;-34.7207820;-58.2622130;1;26
213;Ida;Yrigoyen y Alberdi;-34.7190223;-58.2634753;1;27
213;Ida;Gran Canaria y P Oliveri;-34.7194368;-58.2659429;1;28
213;Ida;Gran Canaria y R Lopez;-34.7206890;-58.2650256;1;29
213;Ida;R Lopez y V Lopez;-34.7216750;-58.2665870;1;30
213;Ida;R Lopez y B Irigoyen;-34.7226570;-58.2685150;1;31
213;Ida;R Lopez y A Baranda;-34.7235850;-58.2703480;1;32
213;Ida;A Baranda y San Luis;-34.7221308;-58.2716131;1;33
213;Ida;A Baranda y Rep Libano;-34.7204156;-58.2728630;1;34
213;Ida;A Baranda y La Rioja;-34.7187130;-58.2740420;1;35
213;Ida;A Baranda y Lamadrid;-34.7169950;-58.2751920;1;36
213;Ida;Belgrano y Boedo;-34.7151100;-58.2766050;1;37
213;Ida;Belgrano y Zapiola;-34.7136600;-58.2777200;1;38
213;Ida;Zapiola y San Martin;-34.7122493;-58.2755613;1;39
213;Ida;San Martin y Don Bosco;-34.7108294;-58.2773960;1;40
213;Ida;San Martín y 9 de Julio;-34.7097887;-58.2798529;1;41
213;Ida;San Martín y LN Alem;-34.7075529;-58.2854962;1;42
213;Ida;San Martín y Cerrito;-34.7066312;-58.2875562;1;43
213;Ida;San Martín y Montevideo;-34.7050524;-58.2908070;1;44
213;Ida;San Martín y Formosa;-34.7038749;-58.2948947;1;45
213;Ida;San Martin y Chaco;-34.7035309;-58.2961446;1;46
213;Ida;San Martin y Los Andes;-34.7029047;-58.2982314;1;47
213;Ida;San Martin y Bermejo;-34.7019741;-58.3009833;1;48
213;Ida;Ramón Franco y Caviglia;-34.7001042;-58.3061492;1;49
213;Ida;Ramón Franco y Las Flores;-34.6978240;-58.3111542;1;50
213;Ida;Martín Fierro y Sodera;-34.6984050;-58.3132750;1;51
213;Ida;M Fierro y Zola;-34.6993250;-58.3143550;1;52
213;Ida;M Fierro y Bragado;-34.7001615;-58.3153975;1;53
213;Ida;M Fierro y Zeballos;-34.7010744;-58.3164275;1;54
213;Ida;M Fierro y Mitre;-34.7027459;-58.3184981;1;55
213;Ida;Mitre y Bahia Blanca;-34.7022167;-58.3195174;1;56
213;Ida;Mitre y Lomas de Zamora;-34.7006511;-58.3214968;1;57
213;Ida;Mitre y Lobos;-34.6990369;-58.3235192;1;58
213;Ida;D Alighieri y Mitre;-34.6969750;-58.3259520;1;59
213;Ida;B. de los Italianos y Mitre;-34.6980570;-58.3273080;1;60
213;Ida;B. de los Italianos y Belgrano;-34.6989170;-58.3283680;1;61
213;Ida;B. de los Italianos y Solier;-34.7006370;-58.3304680;1;62
213;Ida;B. de los italianos y Villegas;-34.7024650;-58.3327020;1;63
213;Ida;B. de los Italianos y Mansilla;-34.7035001;-58.3340657;1;64
213;Ida;Arredondo y B. de los Italianos;-34.7039852;-58.3353102;1;65
213;Ida;Arredondo y Chascomus;-34.7024813;-58.3372575;1;66
213;Ida;Arredondo y Centerario U;-34.7010877;-58.3390117;1;67
213;Ida;Arredondo y Pierres;-34.6998748;-58.3405674;1;68
213;Ida;Arredondo y P Palos;-34.6983577;-58.3424449;1;69
213;Ida;Arredondo y Pedernera;-34.6968405;-58.3442044;1;70
213;Ida;Arredondo y El Salvador;-34.6956673;-58.3456528;1;71
213;Ida;Arredondo y Suipacha;-34.6945029;-58.3470368;1;72
213;Ida;Arredondo y Deheza;-34.6932282;-58.3485550;1;73
213;Ida;Arredondo y Molina;-34.6917480;-58.3504170;1;74
213;Ida;Arredondo y Sarrat;-34.6906038;-58.3517522;1;75
213;Ida;Madariaga y C. Larralde;-34.6905200;-58.3535814;1;76
213;Ida;Larralde y Ferre;-34.6895937;-58.3549118;1;77
213;Ida;Larralde y  Supisiche;-34.6881028;-58.3566284;1;78
213;Ida;Larralde y Salta;-34.6869163;-58.3580661;1;79
213;Ida;Larralde y O Higgins;-34.6854121;-58.3599061;1;80
213;Ida;Larralde y Sarmiento;-34.6838329;-58.3618534;1;81
213;Ida;Larralde y Tres Sargentos;-34.6825350;-58.3635020;1;82
213;Ida;Eva Peron y Elisalde;-34.6796330;-58.3641470;1;83
213;Ida;Eva Peron y Guemes;-34.6767580;-58.3645480;1;84
213;Ida;Pitágoras (Museo);-34.6740920;-58.3622500;1;85
213;Ida;Guemes y Lanares;-34.6749836;-58.3642191;1;86
213;Ida;Guemes y villegas (Alto Avell);-34.6768100;-58.3662683;1;87
213;Ida;Larralde y Larrazabal;-34.6776300;-58.3694420;1;88
213;Ida;C. Larralde y Velez Sarfield;-34.6768365;-58.3703184;1;89
213;Ida;Puente Alsina;-34.6715557;-58.3778930;1;90
213;Ida;Gutemberg y Heredia;-34.6739910;-58.3804250;1;91
213;Ida;Heredia y Yrigoyen;-34.6739292;-58.3821309;1;92
213;Ida;Yrigoyen y Galicia;-34.6765409;-58.3829248;1;93
213;Ida;Yrigoyen y Mario Bravo;-34.6794084;-58.3842713;1;94
213;Ida;Cabildo y Beguerenstain;-34.6814750;-58.3859370;1;95
213;Ida;Cabildo y Santiago;-34.6800568;-58.3875275;1;96
213;Ida;Cabildo y Santa Fe;-34.6790466;-58.3887023;1;97
213;Ida;Cabildo y Catamarca;-34.6783050;-58.3896270;1;98
213;Ida;Cabildo y Peru;-34.6770747;-58.3909929;1;99
213;Ida;Cabildo y Mendoza;-34.6753350;-58.3930670;1;100
213;Ida;Guatemala y Cabildo;-34.6734880;-58.3951970;1;101
213;Ida;Rivadavia y Paraguay;-34.6736866;-58.3963412;1;102
213;Ida;Rivadavia y Rep.Argentina;-34.6751204;-58.3979398;1;103
213;Ida;Rivadavia y Colombia;-34.6758130;-58.3989161;1;104
213;Ida;Rivadavia y Pte Perón;-34.6769865;-58.4006757;1;105
213;Ida;Pte Perón y Oliden;-34.6762409;-58.4023869;1;106
213;Ida;Pte Perón y Ucrania;-34.6757230;-58.4031220;1;107
213;Ida;Pte Perón y P de la Patria;-34.6747277;-58.4044361;1;108
213;Ida;Pte Perón y Juan Farrel;-34.6740307;-58.4053749;1;109
213;Ida;Pte Perón y J Rucci;-34.6727204;-58.4071344;1;110
213;Ida;Pte Perón y Burgos;-34.6714542;-58.4088832;1;111
213;Ida;Pte Perón y Armenia;-34.6701880;-58.4105462;1;112
213;Ida;Pte Perón y Valparaíso;-34.6689924;-58.4121609;1;113
213;Ida;Pte Perón y Lomas Valentinas;-34.6677790;-58.4137541;1;114
213;Ida;Pte Perón y Crotti;-34.6666099;-58.4153634;1;115
213;Ida;Pte Perón y La Habana;-34.6656304;-58.4166992;1;116
213;Ida;R de Escalada y A L Palacios;-34.6625594;-58.4171551;1;117
213;Ida;Av Saenz y Esquiú  (metrobus);-34.6514838;-58.4162700;1;118
213;Ida;Av La Plata y Saenz;-34.6480450;-58.4170370;1;119
213;Ida;Av La Plata y Chiclana;-34.6431350;-58.4225570;1;120
213;Ida;Av La Plata y Caceros;-34.6404287;-58.4233725;1;121
213;Ida;Av La Plata y Rondeau;-34.6387350;-58.4238520;1;122
213;Ida;Av La Plata y Inclan;-34.6341350;-58.4250600;1;123
213;Ida;Av La Plata y Pavón;-34.6317620;-58.4256750;1;124
213;Ida;Av La Plata y San juan;-34.6273200;-58.4266780;1;125
213;Ida;Av La Plata e Independencia;-34.6223888;-58.4276694;1;126
213;Ida;Av La Plata y Venezuela;-34.6186232;-58.4283936;1;127
213;Ida;Av La Plata y Rivadavia;-34.6159037;-58.4290159;1;128
213;Ida;Rivadavia y Campichuelo;-34.6172180;-58.4340480;1;129
213;Ida;Rivadavia y Acoyte;-34.6186020;-58.4371670;1;130
213;Ida;Rivadavia y Colpayo;-34.6200800;-58.4406298;1;131
213;Ida;Rivadavia y Paynsandu;-34.6225521;-58.4463751;1;132
213;Ida;Rivadavia y Miró;-34.6238764;-58.4498459;1;133
213;Ida;Rivadavia y Curapaligue;-34.6254500;-58.4535320;1;134
213;Ida;Rivadavia y F.L.Beltrán;-34.6269488;-58.4575707;1;135
213;Ida;Rivadavia y Gabilán (Metrobus);-34.6277420;-58.4593820;1;136
213;Ida;Rivadavia y Pedernera;-34.6294825;-58.4651023;1;137
213;Ida;Rivadavia y Argeritch;-34.6309303;-58.4708261;1;138
213;Ida;Rivadavia y Cuenca;-34.6317999;-58.4740287;1;139
213;Ida;Rivadavia y San Nicolás;-34.6327709;-58.4776819;1;140
213;Ida;Rivadavia y Segurola;-34.6338303;-58.4822041;1;141
213;Ida;Mercedez y Bacacay;-34.6320100;-58.4839100;1;142
213;Ida;Mercedez y Avellaneda;-34.6300470;-58.4848320;1;143
213;Ida;Mercedez y Morón;-34.6277120;-58.4859020;1;144
213;Ida;Av Gaona y Gualeguaychu;-34.6266320;-58.4876530;1;145
213;Ida;Sanabria y Juan B. Justo;-34.6268720;-58.4893000;1;146
213;Ida;Sanabria y R.deE.San Martin;-34.6249920;-58.4916500;1;147
213;Ida;Sanabria y M Cervantes;-34.6232250;-58.4938600;1;148
213;Ida;Sanabria y San Blas;-34.6216251;-58.4958780;1;149
213;Ida;Sanabria y Miranda;-34.6192589;-58.4988284;1;150
213;Ida;Sanabria y A.Jonte;-34.6171380;-58.5013630;1;151
213;Ida;Sanabria y Snato Tomé;-34.6144970;-58.5033830;1;152
213;Ida;Sanabria y Nogoyá;-34.6115080;-58.5060470;1;153
213;Ida;Sanabria y P.Lozano;-34.6091630;-58.5081070;1;154
213;Ida;Sanabria y Simbron;-34.6074003;-58.5095894;1;155
213;Ida;Sanabria y Beiró;-34.6058638;-58.5109091;1;156
213;Ida;Beiró y Marcos Paz;-34.6075151;-58.5145569;1;157
213;Ida;Beiró y Desaguadero;-34.6096079;-58.5178721;1;158
213;Ida;Beiró y Bermudez;-34.6110750;-58.5202920;1;159
213;Ida;Beiró y L.de Vega;-34.6138200;-58.5248970;1;160
213;Ida;Beiró y Moliere;-34.6158066;-58.5274637;1;161
213;Ida;Beiró y Gral Paz;-34.6174665;-58.5296202;1;162
213;Ida;Av Gral Paz y San Roque;-34.6191176;-58.5312724;1;163
213;Ida;Roca y R A Siria;-34.6228214;-58.5313421;1;164
213;Ida;Roca y Mansoni;-34.6240177;-58.5326779;1;165
213;Ida;Roca y Barragán;-34.6250595;-58.5340297;1;166
213;Ida;Roca y San ignacio;-34.6267650;-58.5358100;1;167
213;Ida;Bergamini y Croacia;-34.6285500;-58.5348670;1;168
213;Vuelta;Croacia y Bergamini;-34.6284584;-58.5343730;1;1
213;Vuelta;San ignacio y Croacia;-34.6279508;-58.5345072;1;1
213;Vuelta;San ignacio y G Roca;-34.6271386;-58.5355800;1;1
213;Vuelta;San ignacio y Pelegrini;-34.6265118;-58.5364598;1;1
213;Vuelta;Pelegrini y Necochea;-34.6252449;-58.5355693;1;1
213;Vuelta;Pelegrini y Dardo Rocha;-34.6240000;-58.5341477;1;1
213;Vuelta;Pelegrini y R A Siria;-34.6226360;-58.5326350;1;1
213;Vuelta;Rep A Siria y San Roque;-34.6216030;-58.5336220;1;1
213;Vuelta;San Roque y Los Andes;-34.6207775;-58.5329998;1;1
213;Vuelta;San Roque Y Gral Paz;-34.6192809;-58.5314494;1;1
213;Vuelta;Beiró y Irigoyen;-34.6179875;-58.5301888;1;1
213;Vuelta;Beiró y Lopez de Vega;-34.6138287;-58.5248297;1;1
213;Vuelta;Beiró y Bermudez;-34.6110031;-58.5202163;1;1
213;Vuelta;Beiró y Marcos Paz;-34.6075814;-58.5145140;1;1
213;Vuelta;Segurola y Navarro;-34.6062435;-58.5132855;1;1
213;Vuelta;Cantilo y Sanabria;-34.6046054;-58.5136288;1;1
213;Vuelta;Cantilo y Gualeguaychu;-34.6036296;-58.5120088;1;1
213;Vuelta;Gualeguaychu y Beiró;-34.6048262;-58.5106087;1;1
213;Vuelta;Segurola y Varela;-34.6072679;-58.5120517;1;1
213;Vuelta;Segurola y Pedro Lozano;-34.6098993;-58.5098523;1;1
213;Vuelta;Segurola y Nogoya;-34.6121775;-58.5080069;1;1
213;Vuelta;Segurola y Santo tomé;-34.6150163;-58.5053462;1;1
213;Vuelta;Segurola y Alvarez Jonte;-34.6177535;-58.5026479;1;1
213;Vuelta;Segurola y Miranda;-34.6195591;-58.5005558;1;1
213;Vuelta;Segurola y E Gonzalez;-34.6204287;-58.4993809;1;1
213;Vuelta;Segurola y Pablo Podestá;-34.6216118;-58.4979218;1;1
213;Vuelta;Segurola y Camarones;-34.6230200;-58.4961301;1;1
213;Vuelta;Segurola y M Cervantes;-34.6238544;-58.4950626;1;1
213;Vuelta;Segurola y R Escalada SM;-34.6255539;-58.4929329;1;1
213;Vuelta;Segurola y Juan B Justo;-34.6266751;-58.4915435;1;1
213;Vuelta;Segurola y Gaona;-34.6275226;-58.4904063;1;1
213;Vuelta;Segurola y Aranguren;-34.6291073;-58.4884483;1;1
213;Vuelta;Segurola y Bacacay;-34.6318882;-58.4850097;1;1
213;Vuelta;Rivadavia y Candelaria;-34.6335963;-58.4807235;1;1
213;Vuelta;Rivadavia y dolores;-34.6327224;-58.4772152;1;1
213;Vuelta;Rivadavia y José Marti;-34.6315792;-58.4726715;1;1
213;Vuelta;Rivadavia y Nazca (metrobus);-34.6305419;-58.4689111;1;1
213;Vuelta;Rivadavia y Bonorino;-34.6281848;-58.4604943;1;1
213;Vuelta;Rivadavia y Carabobo;-34.6263838;-58.4561062;1;1
213;Vuelta;Rivadavia y Curapaligue;-34.6254524;-58.4536171;1;1
213;Vuelta;Rivadavia y Puan;-34.6236910;-58.4491110;1;1
213;Vuelta;Rivadavia y Hortiguera;-34.6228744;-58.4467989;1;1
213;Vuelta;Rosario y Centenera;-34.6206495;-58.4405279;1;1
213;Vuelta;Rosario y José M Moreno;-34.6195149;-58.4364295;1;1
213;Vuelta;Rosario y Doblas;-34.6187600;-58.4319717;1;1
213;Vuelta;Rosario y Av La Plata;-34.6184245;-58.4292412;1;1
213;Vuelta;Av La Plata y Alberdi;-34.6214794;-58.4278679;1;1
213;Vuelta;Av La Plata y Pedro Goyena;-34.6247328;-58.4272939;1;1
213;Vuelta;Av La Plata y Directorio;-34.6266045;-58.4268701;1;1
213;Vuelta;Av La Plata y Asamblea;-34.6309524;-58.4259206;1;1
213;Vuelta;Av La Plata y Santander;-34.6333359;-58.4252930;1;1
213;Vuelta;Av La Plata Zaraza;-34.6365447;-58.4245098;1;1
213;Vuelta;Av La Plata y Cobo;-34.6398373;-58.4235871;1;1
213;Vuelta;Av La Plata F de la Cruz;-34.6420352;-58.4230828;1;1
213;Vuelta;Av La Plata F Rivera;-34.6447141;-58.4212911;1;1
213;Vuelta;Av La Plata Tabare;-34.6469295;-58.4194511;1;1
213;Vuelta;Av La Plata Saenz;-34.6480858;-58.4170103;1;1
213;Vuelta;Saenz y Esquiú (metrobus);-34.6513602;-58.4164739;1;1
213;Vuelta;R de Escalada y Palacios;-34.6625727;-58.4174234;1;1
213;Vuelta;Peron y Crotti;-34.6663628;-58.4158409;1;1
213;Vuelta;Peron y L Valentinas;-34.6674834;-58.4142959;1;1
213;Vuelta;Peron y Valparaiso;-34.6687365;-58.4126329;1;1
213;Vuelta;Peron y Armenia;-34.6700689;-58.4108520;1;1
213;Vuelta;Peron y Paso de Burgos;-34.6712513;-58.4092373;1;1
213;Vuelta;Peron y Itapiru;-34.6719836;-58.4081858;1;1
213;Vuelta;Peron y Rucci;-34.6731748;-58.4066731;1;1
213;Vuelta;Peron y Balbin;-34.6743218;-58.4051496;1;1
213;Vuelta;Peron y Oliden;-34.6760159;-58.4027839;1;1
213;Vuelta;Peron y Rivadavia;-34.6771497;-58.4012282;1;1
213;Vuelta;Rivadavia Rep Argentina;-34.6755615;-58.3981276;1;1
213;Vuelta;Rivadavia y Paraguay;-34.6740969;-58.3964646;1;1
213;Vuelta;Rivadavia y Chile;-34.6725351;-58.3947694;1;1
213;Vuelta;Chile y Cabildo;-34.6732630;-58.3938253;1;1
213;Vuelta;Cabildo y Mendoza;-34.6753851;-58.3930260;1;1
213;Vuelta;Cabildo y Peru;-34.6771100;-58.3910358;1;1
213;Vuelta;Cabildo y Catamarca;-34.6779394;-58.3901024;1;1
213;Vuelta;Cabildo y Santa Fe;-34.6789143;-58.3890188;1;1
213;Vuelta;Cabildo y Sgo del Estero;-34.6801495;-58.3876187;1;1
213;Vuelta;Cabildo y Beguerestein;-34.6815038;-58.3860040;1;1
213;Vuelta;Yrigoyen y Chile;-34.6809215;-58.3846521;1;1
213;Vuelta;Yrigoyen y Mario Brabo;-34.6794260;-58.3840513;1;1
213;Vuelta;Yrigoyen y Galicia;-34.6773306;-58.3830911;1;1
213;Vuelta;Yrigoyen y Uruguay;-34.6749351;-58.3821362;1;1
213;Vuelta;Gutemberg y Heredia;-34.6743924;-58.3802640;1;1
213;Vuelta;Larralde y Puente Alsina;-34.6717321;-58.3771205;1;1
213;Vuelta;Larralde y Velez Sarfield;-34.6765277;-58.3708709;1;1
213;Vuelta;Larralde y Larrazabal;-34.6777805;-58.3693206;1;1
213;Vuelta;Guemes y Arredondo;-34.6781202;-58.3674002;1;1
213;Vuelta;Guemes y Berizo;-34.6768321;-58.3659196;1;1
213;Vuelta;Eva Peron y Guemes;-34.6758924;-58.3649057;1;1
213;Vuelta;Eva Peron y Ocampo;-34.6793731;-58.3642459;1;1
213;Vuelta;Larralde y Tres Sargentos;-34.6825757;-58.3635056;1;1
213;Vuelta;Larralde y Sarmiento;-34.6838285;-58.3619070;1;1
213;Vuelta;Larralde y O Higgins;-34.6853106;-58.3600938;1;1
213;Vuelta;Larralde y Salta;-34.6867751;-58.3584094;1;1
213;Vuelta;Larralde y Supisiche;-34.6879837;-58.3569503;1;1
213;Vuelta;Larralde y Ferre;-34.6894570;-58.3552659;1;1
213;Vuelta;Larralde y Madariaga;-34.6906303;-58.3538282;1;1
213;Vuelta;Larralde y R Sarrat;-34.6923902;-58.3517790;1;1
213;Vuelta;Larralde y Deheza;-34.6940618;-58.3497781;1;1
213;Vuelta;Larralde y Suipacha;-34.6953321;-58.3482814;1;1
213;Vuelta;Larralde y el Salvador;-34.6969243;-58.3463770;1;1
213;Vuelta;Larralde y Puerto de Palos;-34.6987987;-58.3441401;1;1
213;Vuelta;Larralde y Pierres;-34.7007348;-58.3417958;1;1
213;Vuelta;Larralde y Centenario Uru;-34.7021417;-58.3401489;1;1
213;Vuelta;Larralde y Chascomus;-34.7035927;-58.3381158;1;1
213;Vuelta;Larralde y B. de Los Italianos;-34.7049951;-58.3362222;1;1
213;Vuelta;B de Los Italianos y Mansilla;-34.7036147;-58.3340979;1;1
213;Vuelta;B de Los Italianos y Villegas;-34.7026092;-58.3328426;1;1
213;Vuelta;B de Los Italianos y Soilier;-34.7009510;-58.3307397;1;1
213;Vuelta;B de Los Italianos y Belgrano;-34.6990545;-58.3284438;1;1
213;Vuelta;B de Los Italianos y Mitre;-34.6975020;-58.3265179;1;1
213;Vuelta;B Mitre y Mendez;-34.6983489;-58.3249784;1;1
213;Vuelta;B Mitre y Corvalan;-34.6998043;-58.3231598;1;1
213;Vuelta;B Mitre y Rondeau;-34.7013391;-58.3211964;1;1
213;Vuelta;B Mitre y Rodo;-34.7029752;-58.3190560;1;1
213;Vuelta;Onsari y Mitre;-34.7045629;-58.3180904;1;1
213;Vuelta;Las Flores y M Moreno;-34.7031825;-58.3164972;1;1
213;Vuelta;Las Flores y Zeballos;-34.7022828;-58.3154511;1;1
213;Vuelta;Las Flores y Soreda;-34.6996852;-58.3123988;1;1
213;Vuelta;Ramón Franco y R Español;-34.6992530;-58.3082682;1;1
213;Vuelta;San Martín y Pilcomayo;-34.7021902;-58.3005917;1;1
213;Vuelta;San Martín y Chaco;-34.7035530;-58.2967615;1;1
213;Vuelta;San Martín y formosa;-34.7039940;-58.2950020;1;1
213;Vuelta;San Martín y Montevideo;-34.7047834;-58.2917351;1;1
213;Vuelta;San Martín y C Franco;-34.7057360;-58.2896322;1;1
213;Vuelta;San Martín y Zeballos;-34.7069884;-58.2869983;1;1
213;Vuelta;San Martín y 25 de Mayo;-34.7091007;-58.2820898;1;1
213;Vuelta;San Martín y 9 de Julio;-34.7097049;-58.2805127;1;1
213;Vuelta;San Martín y Don bosco;-34.7106706;-58.2781416;1;1
213;Vuelta;San Martín y Zapiola;-34.7116760;-58.2759798;1;1
213;Vuelta;Zapiola y Belgrano;-34.7132415;-58.2777178;1;1
213;Vuelta;Berlgrano y Boedo;-34.7147540;-58.2769668;1;1
213;Vuelta;Berlgrano y Lamadrid;-34.7164075;-58.2757545;1;1
213;Vuelta;A Baranda y La Rioja;-34.7182462;-58.2744348;1;1
213;Vuelta;A Baranda y Rep del Libano;-34.7202260;-58.2731634;1;1
213;Vuelta;A Baranda y San Luis;-34.7218486;-58.2718921;1;1
213;Vuelta;R Lopez y A Baranda;-34.7235505;-58.2702345;1;1
213;Vuelta;R Lopez y B de Irigoyen;-34.7227613;-58.2686895;1;1
213;Vuelta;R Lopez y V Lopez;-34.7218089;-58.2668012;1;1
213;Vuelta;I Olivieri y Gran Canaria;-34.7201378;-58.2656801;1;1
213;Vuelta;Yrigoyen y Colon;-34.7205920;-58.2623059;1;1
213;Vuelta;Yrigoyen y Videla;-34.7222631;-58.2611471;1;1
213;Vuelta;Alem y Gaboto;-34.7244500;-58.2598543;1;1
213;Vuelta;Garibaldi y San Martin;-34.7246836;-58.2581592;1;1
213;Vuelta;Garibaldi y Moreno;-34.7241854;-58.2572097;1;1
213;Vuelta;Garibaldi y Brown;-34.7232948;-58.2554072;1;1
213;Vuelta;Garibaldi y Alvear;-34.7227789;-58.2544255;1;1
213;Vuelta;Garibaldi y Sarmiento;-34.7218133;-58.2525212;1;1
213;Vuelta;Garibaldi y Paz;-34.7212710;-58.2515609;1;1
213;Vuelta;Garibaldi y Pringles;-34.7208565;-58.2506061;1;1
213;Vuelta;Garibaldi y Belgrano;-34.7203715;-58.2497263;1;1
213;Vuelta;Garibaldi y Allison Bell;-34.7193750;-58.2478327;1;1
213;Vuelta;Garibaldi y Cevallos;-34.7183962;-58.2461751;1;1
213;Vuelta;Cevallos y Otamendi;-34.7173335;-58.2470709;1;1
213;Vuelta;Otamendi y Monrroe;-34.7163458;-58.2463950;1;1
213;Vuelta;Otamendi y Mozart;-34.7152699;-58.2447052;1;1
213;Vuelta;Otamendi y A Lora;-34.7142204;-58.2428920;1;1
213;Vuelta;Otamendi y Toledo;-34.7131224;-58.2411003;1;1
213;Vuelta;Otamendi y Tte Brussa;-34.7115702;-58.2385039;1;1
213;Vuelta;Otamendi y Panizza;-34.7104634;-58.2366693;1;1
213;Vuelta;Otamendi y J B Justo;-34.7094447;-58.2348132;1;1
213;Vuelta;Otamendi y Yoldi;-34.7086465;-58.2334399;1;1
213;Vuelta;Otamendi y Cervantes;-34.7072045;-58.2310367;1;1
213;Vuelta;Cervantes y Olavarría;-34.7079277;-58.2279146;1;1
213;Vuelta;Cervantes y Iriarte;-34.7101723;-58.2240576;1;1
213;Vuelta;Cervantes y 25 bis;-34.7126374;-58.2201898;1;1
213;Vuelta;Cervantes y Echeverría;-34.7176422;-58.2124436;1;1
237;Ida;Ecuador y B Mitre;-34.6095594;-58.4086847;1;1
237;Ida;B Mitre y Plaza Miserere;-34.6092680;-58.4080142;1;2
237;Ida;Av Jujuy y H Yrigoyen;-34.6106896;-58.4060133;1;3
237;Ida;Av Jujuy y A Alsina;-34.6120716;-58.4057236;1;4
237;Ida;Av Belgrano y Alberti;-34.6145218;-58.4021670;1;5
237;Ida;Av Belgrano y Pasco;-34.6142967;-58.3979559;1;6
237;Ida;Av Belgrano y Sarandi;-34.6141201;-58.3951342;1;7
237;Ida;Av Belgrano y Entre Ríos;-34.6139347;-58.3921194;1;8
237;Ida;Av Belgrano y Saenz Peña;-34.6136256;-58.3878601;1;9
237;Ida;Av Belgrano y Santiago del Estero;-34.6133916;-58.3852637;1;10
237;Ida;Av Belgrano y Lima;-34.6132327;-58.3820289;2;11
237;Ida;Av 9 de Julio y Mexico;-34.6149104;-58.3809561;2;12
237;Ida;Av 9 de Juio y Estados Unidos;-34.6182214;-58.3807898;2;13
237;Ida;Lima y Constitución;-34.6250948;-58.3823508;2;14
237;Ida;Brasil y Lima;-34.6276197;-58.3810580;2;15
237;Ida;Gral Hornos y Av Caseros;-34.6291603;-58.3790570;2;16
237;Ida;Av Montes de Oca y Ituzaingó;-34.6314070;-58.3765572;2;17
237;Ida;Av Montes de Oca y Uspallata;-34.6330225;-58.3758974;2;18
237;Ida;Av Montes de Oca y A del Valle;-34.6359621;-58.3751839;3;19
237;Ida;Av Montes de Oca y Quinquela Martín;-34.6435049;-58.3737141;3;20
237;Ida;Av Montes de Oca y California;-34.6464220;-58.3732045;3;21
237;Ida;Av Montes de Oca y Av G Tomas Iriarte;-34.6480196;-58.3729255;3;22
237;Ida;Av Manuel Belgrano y Mariano Acosta;-34.6599782;-58.3697712;3;23
237;Ida;Av Manuel Belgrano y España;-34.6617564;-58.3682370;4;24
237;Ida;Av Manuel Belgrano y Alsina;-34.6641611;-58.3666652;4;25
237;Ida;Av Manuel Belgrano y 9 de Julio;-34.6659392;-58.3654958;4;26
237;Ida;Gral Paz y San Martín;-34.6662436;-58.3624971;4;27
237;Ida;Av B Mitre y G Arenales;-34.6652200;-58.3598202;4;28
237;Ida;Av B Mitre y Paso;-34.6659613;-58.3583611;4;29
237;Ida;Av B Mitre y J B Alberdi;-34.6679467;-58.3560544;4;30
237;Ida;Av B Mitre y Lambaré;-34.6694115;-58.3548099;4;31
237;Ida;Av B Mitre y Pastor Obligado;-34.6716704;-58.3529001;4;32
237;Ida;Av B Mitre y Spurr;-34.6727380;-58.3518648;4;33
237;Ida;Av B Mitre y Piñero;-34.6749307;-58.3497244;4;34
237;Ida;Av B Mitre y Independencia;-34.6770085;-58.3480078;5;35
237;Ida;Av B Mitre y Supisiche;-34.6791040;-58.3462805;5;36
237;Ida;Av B Mitre y G Acha;-34.6815611;-58.3448589;5;37
237;Ida;Av B Mitre y G Vedia;-34.6841108;-58.3427560;5;38
237;Ida;Av B Mitre y Villa Luján;-34.6858576;-58.3412433;5;39
237;Ida;Av B Mitre y Pasteur;-34.6872780;-58.3395910;5;40
237;Ida;Av B Mitre y El Salvador;-34.6889453;-58.3372951;5;41
237;Ida;Av B Mitre y Barcelo;-34.6902245;-58.3355999;5;42
237;Ida;Av B Mitre y Posadas;-34.6917506;-58.3334863;5;43
237;Ida;Av B Mitre y Pierres;-34.6926504;-58.3323598;5;44
237;Ida;Av B Mitre y C Uruguayo;-34.6942294;-58.3304286;5;45
237;Ida;Av B Mitre y Matanza;-34.6959496;-58.3280897;5;46
237;Ida;Av B Mitre y B de los Italianos;-34.6970963;-58.3265233;5;47
237;Ida;Av B Mitre y Cotagaita;-34.6989487;-58.3241844;5;48
237;Ida;Av B Mitre y Condarco;-34.7005364;-58.3221781;5;49
237;Ida;Av B Mitre y Paysandú;-34.7021064;-58.3201718;5;50
237;Ida;Av B Mitre y F Onsari;-34.7039234;-58.3178651;6;51
237;Ida;Av B Mitre y Salcedo;-34.7058991;-58.3156657;6;52
237;Ida;Av B Mitre y C Lynch;-34.7078572;-58.3135843;6;53
237;Ida;Av B Mitre y Neuquen;-34.7094668;-58.3119696;6;54
237;Ida;Av B Mitre y Los Andes;-34.7127741;-58.3086383;6;55
237;Ida;Av Los Quilmes y Chaco;-34.7138765;-58.3076620;6;56
237;Ida;Misiones y L María Campos;-34.7160371;-58.3063799;6;57
237;Ida;Montevideo y Av Los Quilmes;-34.7165795;-58.3050603;6;58
237;Ida;Montevideo y Viejo Bueno;-34.7152566;-58.3035529;6;59
237;Ida;Montevideo y Dardo Rocha;-34.7138941;-58.3018845;6;60
237;Ida;Montevideo y Falucho;-34.7127432;-58.3006239;6;61
237;Ida;Montevideo y Ituzaingo;-34.7113585;-58.2988322;6;62
237;Ida;Montevideo y Ayacucho;-34.7089861;-58.2960641;6;63
237;Ida;Montevideo y Maipú;-34.7079365;-58.2948411;6;64
237;Ida;Montevideo y Belgrano;-34.7065606;-58.2932210;6;65
237;Ida;Montevideo y San Martín;-34.7050612;-58.2913542;7;66
237;Ida;Av San Martin y J Rivello;-34.7056830;-58.2895947;7;67
237;Ida;Av San Martin y Zeballos;-34.7069090;-58.2870251;7;68
237;Ida;Av San Martin y Leandro Alem;-34.7076322;-58.2854480;7;69
237;Ida;Av San Martin y 9 de Julio;-34.7095241;-58.2808721;7;70
237;Ida;Av San Martin y Don Bosco;-34.7107412;-58.2778895;7;71
237;Ida;Av San Martin y Zapiola;-34.7117863;-58.2755935;7;72
237;Ida;Av San Martin y Boedo;-34.7132106;-58.2737428;7;73
237;Ida;Liniers y Rawson;-34.7146922;-58.2741559;7;74
237;Ida;C Pringles y Lamadrid;-34.7161738;-58.2744992;7;75
237;Ida;Lamadrid y V Lopez;-34.7154859;-58.2720584;7;76
237;Ida;Lamadrid y Gran Canaria;-34.7145070;-58.2700521;7;77
237;Ida;Las Heras y Lebensohn;-34.7134664;-58.2679653;8;78
237;Ida;Av H Yrigoyen y San Lorenzo;-34.7145158;-58.2669353;8;79
237;Ida;Av H Yrigoyen y Castelli;-34.7160018;-58.2657820;8;80
237;Ida;Av H Yrigoyen y San Juan;-34.7171395;-58.2649720;8;81
237;Ida;Av H Yrigoyen y Conesa;-34.7195514;-58.2631695;8;82
237;Ida;Av H Yrigoyen y Colon;-34.7206273;-58.2623971;8;83
237;Ida;Av H Yrigoyen y Alsina;-34.7228892;-58.2607019;8;84
237;Ida;Alem y Gaboto;-34.7246351;-58.2601601;8;85
237;Ida;Garibaldi y San Martín;-34.7248247;-58.2584435;8;86
237;Ida;Garibaldi y Moreno;-34.7241854;-58.2572579;8;87
237;Ida;Garibaldi y A Brown;-34.7232683;-58.2554018;8;88
237;Ida;Garibaldi y Alvear;-34.7227525;-58.2544041;8;89
237;Ida;Garibaldi ySarmiento;-34.7218442;-58.2526606;8;90
237;Ida;Garibaldi y Gral Paz;-34.7213415;-58.2516468;8;91
237;Ida;Garibaldi y Pringles;-34.7208698;-58.2506865;8;92
237;Ida;Garibaldi y Belgrano;-34.7204024;-58.2497370;8;93
237;Ida;Garibaldi y Allison Bell;-34.7194412;-58.2479239;8;94
237;Ida;Garibaldi y Cevallos;-34.7183256;-58.2460356;8;95
237;Ida;Cevallos y Otamendi;-34.7172497;-58.2473177;9;96
237;Ida;Av Otamendi y Monroe;-34.7162576;-58.2465184;9;97
237;Ida;Av Otamendi y Mozart;-34.7152655;-58.2447159;9;98
237;Ida;Av Otamendi y Lora;-34.7142469;-58.2429940;9;99
237;Ida;Av Otamendi y Toledo;-34.7131753;-58.2411915;9;100
237;Ida;Av Otamendi y T Brussa;-34.7115967;-58.2384932;9;101
237;Ida;Av Otamendi y Paniza;-34.7105163;-58.2366478;9;102
237;Ida;Av Otamendi y Juan B Justo;-34.7094535;-58.2348561;9;103
237;Ida;Av Otamendi y Yoldi;-34.7086333;-58.2335043;9;104
237;Ida;Av Otamendi y Av Cervantes;-34.7071824;-58.2310367;9;105
237;Ida;Av Cervantes y Olavarria;-34.7080865;-58.2275498;9;106
237;Ida;Av Cervantes y Alamos;-34.7092198;-58.2255059;9;107
237;Ida;Av Cervantes y Isidoro Iriarte;-34.7103708;-58.2237464;9;108
237;Vuelta;Cervantes e Iriarte;-34.7102341;-58.2234997;9;1
237;Vuelta;Cervantes y 19 bis;-34.7092595;-58.2250232;9;2
237;Vuelta;Cervantes y Olavarría;-34.7080688;-58.2270402;9;3
237;Vuelta;Cervantes y Otamendi;-34.7070634;-58.2303768;9;4
237;Vuelta;Av Otamendi y Yoldi;-34.7084745;-58.2334882;9;5
237;Vuelta;Av Otamendi y J B Justo;-34.7092419;-58.2347757;9;6
237;Vuelta;Av Otamendi y Paniza;-34.7102296;-58.2364762;9;7
237;Vuelta;Av Otamendi y Brussa;-34.7113718;-58.2383537;9;8
237;Vuelta;Av Otamendi y Toledo;-34.7129328;-58.2410091;9;9
237;Vuelta;Av Otamendi y Lora;-34.7139823;-58.2427847;9;10
237;Vuelta;Av Otamendi y Mozart;-34.7149480;-58.2446301;9;11
237;Vuelta;Av Otamendi y Monroe;-34.7160768;-58.2463360;9;12
237;Vuelta;Cevallos y Alsina;-34.7165530;-58.2482833;8;13
237;Vuelta;Alsina y Belgrano;-34.7178494;-58.2512122;8;14
237;Vuelta;Alsina y G Paz;-34.7188283;-58.2531542;8;15
237;Vuelta;Alsina y Mitre;-34.7197586;-58.2549459;8;16
237;Vuelta;Alsina y Brown;-34.7207375;-58.2568449;8;17
237;Vuelta;Alsina y Moreno;-34.7217340;-58.2586956;8;18
237;Vuelta;Alsina y H Yrigoyen;-34.7226731;-58.2605946;8;19
237;Vuelta;Av H Yrigoyen y 9 de Julio;-34.7214915;-58.2616407;8;20
237;Vuelta;Av H Yrigoyen y Colon;-34.7204685;-58.2624239;8;21
237;Vuelta;Av H Yrigoyen y Saavedra;-34.7177877;-58.2643765;8;22
237;Vuelta;Av H Yrigoyen y Castelli;-34.7162003;-58.2655782;8;23
237;Vuelta;Av H Yrigoyen y San Lorenzo;-34.7147187;-58.2666725;8;24
237;Vuelta;San Martín y Las Heras;-34.7128137;-58.2667637;7;25
237;Vuelta;Las Heras y Chiclana;-34.7137133;-58.2687056;7;26
237;Vuelta;Las Heras y A del Valle;-34.7147981;-58.2707977;7;27
237;Vuelta;Las Heras y San Martín;-34.7152919;-58.2718062;7;28
237;Vuelta;Av San Martín y Boedo;-34.7134664;-58.2734370;7;29
237;Vuelta;Av San Martín y Zapiola;-34.7120509;-58.2749712;7;30
237;Vuelta;Av San Martín y Don Bosco;-34.7108117;-58.2775140;7;31
237;Vuelta;Av San Martín y 9 de Julio;-34.7097402;-58.2799870;7;32
237;Vuelta;Av San Martín y Avellaneda;-34.7088185;-58.2824063;7;33
237;Vuelta;Av San Martín y L Alem;-34.7076808;-58.2850027;7;34
237;Vuelta;Av San Martín y Cerrito;-34.7065650;-58.2875508;7;35
237;Vuelta;Av San Martín y Lomas de Zamora;-34.7049995;-58.2908928;6;36
237;Vuelta;Montevideo y Belgrano;-34.7064195;-58.2931352;6;37
237;Vuelta;Montevideo y Maipú;-34.7079983;-58.2950127;6;38
237;Vuelta;Montevideo y Ayacucho;-34.7088979;-58.2961071;6;39
237;Vuelta;Montevideo y Ituzaingó;-34.7112615;-58.2988000;6;40
237;Vuelta;Montevideo y Falucho;-34.7123640;-58.3001840;6;41
237;Vuelta;Montevideo y D Rocha;-34.7135546;-58.3016056;6;42
237;Vuelta;Montevideo y Viejo Bueno;-34.7148333;-58.3031666;6;43
237;Vuelta;Montevideo y Av Los Quilmes;-34.7162488;-58.3047438;6;44
237;Vuelta;Av Los Quilmes y Chaco;-34.7138324;-58.3073401;6;45
237;Vuelta;Av Los Quilmes y Pampa;-34.7121214;-58.3090943;6;46
237;Vuelta;Av Bartolomé Mitre y Neuquén;-34.7089155;-58.3120823;6;47
237;Vuelta;Av Bartolomé Mitre y Caviglia;-34.7077822;-58.3132464;6;48
237;Vuelta;Av Bartolomé Mitre y Raquel Español;-34.7059080;-58.3151883;6;49
237;Vuelta;Av Bartolomé Mitre y Las Flores;-34.7041924;-58.3170229;5;50
237;Vuelta;Av Bartolomé Mitre y Bahía Blanca;-34.7022123;-58.3194530;5;51
237;Vuelta;Av Bartolomé Mitre y Lomas de Zamora;-34.7006511;-58.3214808;5;52
237;Vuelta;Av Bartolomé Mitre y Lobos;-34.6990369;-58.3236051;5;53
237;Vuelta;Av Bartolomé Mitre y D Alighieri;-34.6971757;-58.3259869;5;54
237;Vuelta;Av Bartolomé Mitre y San Vicente;-34.6962406;-58.3272421;5;55
237;Vuelta;Av Bartolomé Mitre y C Uruguayo;-34.6939030;-58.3301067;5;56
237;Vuelta;Av Bartolomé Mitre y Otero;-34.6921785;-58.3326495;5;57
237;Vuelta;Av Bartolomé Mitre y D Casazza;-34.6902068;-58.3354819;5;58
237;Vuelta;Av Bartolomé Mitre y Herrera;-34.6889894;-58.3370912;5;59
237;Vuelta;Av Bartolomé Mitre y Ramallo;-34.6873838;-58.3390117;5;60
237;Vuelta;Av Bartolomé Mitre y M Bernardo;-34.6857606;-58.3406532;5;61
237;Vuelta;Av Bartolomé Mitre y San Pedro;-34.6841196;-58.3421659;5;62
237;Vuelta;Av Bartolomé Mitre y G Hornos;-34.6819493;-58.3440757;5;63
237;Vuelta;Av Bartolomé Mitre y Debenedetti;-34.6797481;-58.3455509;5;64
237;Vuelta;Av Bartolomé Mitre y Escalada;-34.6775379;-58.3472568;4;65
237;Vuelta;Av Bartolomé Mitre y C Estibau;-34.6752042;-58.3491826;4;66
237;Vuelta;Av Bartolomé Mitre y H Cortés;-34.6736998;-58.3505613;4;67
237;Vuelta;Av Bartolomé Mitre y Iguazú;-34.6720674;-58.3521008;4;68
237;Vuelta;Av Bartolomé Mitre y M Beguiristain;-34.6700998;-58.3538926;4;69
237;Vuelta;Av Bartolomé Mitre y Llorente;-34.6691379;-58.3547616;4;70
237;Vuelta;Av Bartolomé Mitre y M Ocantos;-34.6670466;-58.3565801;4;71
237;Vuelta;Av Bartolomé Mitre y Olavarría;-34.6659569;-58.3580446;4;72
237;Vuelta;Av Bartolomé Mitre y 12 de Octubre;-34.6643729;-58.3612311;4;73
237;Vuelta;Av Bartolomé Mitre y Sarmiento;-34.6632742;-58.3634734;4;74
237;Vuelta;Av Bartolomé Mitre y 25 de Mayo;-34.6617829;-58.3656567;4;75
237;Vuelta;Av Bartolomé Mitre y French;-34.6602959;-58.3677059;4;76
237;Vuelta;Av Bartolomé Mitre y Montes de Oca;-34.6591133;-58.3693421;4;77
237;Vuelta;Gral Hornos y Iriarte;-34.6485050;-58.3737087;3;78
237;Vuelta;Gral Hornos y California;-34.6471546;-58.3742291;3;79
237;Vuelta;Gral Hornos y Quinquela Martín;-34.6441095;-58.3751893;3;80
237;Vuelta;Gral Hornos y Olavarría;-34.6407597;-58.3756346;3;81
237;Vuelta;Gral Hornos y Brandsen;-34.6382484;-58.3761603;3;82
237;Vuelta;Gral Hornos y A del Valle;-34.6365271;-58.3766484;3;83
237;Vuelta;Gral Hornos y Uspallata;-34.6338082;-58.3773565;2;84
237;Vuelta;Gral Hornos y Ituzaingo;-34.6326164;-58.3777106;2;85
237;Vuelta;Gral Hornos y Caseros;-34.6288910;-58.3776677;2;86
237;Vuelta;Av J Garay y Lima;-34.6265250;-58.3809829;2;87
237;Vuelta;Salta y Constitución;-34.6248255;-58.3828229;2;88
237;Vuelta;Salta y Humberto 1;-34.6212410;-58.3829302;2;89
237;Vuelta;Salta y Estados Unidos;-34.6188880;-58.3829570;2;90
237;Vuelta;Salta y Chile;-34.6170250;-58.3830321;2;91
237;Vuelta;Venezuela y Salta;-34.6143453;-58.3833700;1;92
237;Vuelta;Venezuela y San José;-34.6144998;-58.3857250;1;93
237;Vuelta;Venezuela y V Cevallos;-34.6146410;-58.3886808;1;94
237;Vuelta;Venezuela y Entre Ríos;-34.6148618;-58.3913523;1;95
237;Vuelta;Venezuela y Sarandí;-34.6151002;-58.3944368;1;96
237;Vuelta;Venezuela y Pasco;-34.6153342;-58.3974355;1;97
237;Vuelta;Venezuela y Alberti;-34.6154534;-58.4010512;1;98
237;Vuelta;Venezuela y Catamarca;-34.6160450;-58.4055948;1;99
237;Vuelta;Venezuela y La Rioja;-34.6164600;-58.4080678;1;100
237;Vuelta;La Rioja y Av Belgrano;-34.6153518;-58.4083039;1;101
237;Vuelta;Av La Rioja y A Alsina;-34.6128133;-58.4086794;1;102
237;Vuelta;Av Rivadavia y Ecuador;-34.6102261;-58.4083360;1;103
238;Ida;Ecuador y B Mitre;-34.6095594;-58.4086847;1;1
238;Ida;B Mitre y Plaza Miserere;-34.6092680;-58.4080142;1;2
238;Ida;Av Jujuy y H Yrigoyen;-34.6106896;-58.4060133;1;3
238;Ida;Av Jujuy y A Alsina;-34.6120716;-58.4057236;1;4
238;Ida;Av Belgrano y Alberti;-34.6145218;-58.4021670;1;5
238;Ida;Av Belgrano y Pasco;-34.6142967;-58.3979559;1;6
238;Ida;Av Belgrano y Sarandi;-34.6141201;-58.3951342;1;7
238;Ida;Av Belgrano y Entre Ríos;-34.6139347;-58.3921194;1;8
238;Ida;Av Belgrano y Saenz Peña;-34.6136256;-58.3878601;1;9
238;Ida;Av Belgrano y Santiago del Estero;-34.6133916;-58.3852637;1;10
238;Ida;Av Belgrano y Lima;-34.6132327;-58.3820289;2;11
238;Ida;Av 9 de Julio y Mexico;-34.6149104;-58.3809561;2;12
238;Ida;Av 9 de Juio y Estados Unidos;-34.6182214;-58.3807898;2;13
238;Ida;Lima y Constitución;-34.6250948;-58.3823508;2;14
238;Ida;Brasil y Lima;-34.6276197;-58.3810580;2;15
238;Ida;Gral Hornos y Av Caseros;-34.6291603;-58.3790570;2;16
238;Ida;Av Montes de Oca y Ituzaingó;-34.6314070;-58.3765572;2;17
238;Ida;Av Montes de Oca y Uspallata;-34.6330225;-58.3758974;2;18
238;Ida;Av Montes de Oca y A del Valle;-34.6359621;-58.3751839;3;19
238;Ida;Av Montes de Oca y Quinquela Martín;-34.6435049;-58.3737141;3;20
238;Ida;Av Montes de Oca y California;-34.6464220;-58.3732045;3;21
238;Ida;Av Montes de Oca y Av G Tomas Iriarte;-34.6480196;-58.3729255;3;22
238;Ida;Av Manuel Belgrano y Mariano Acosta;-34.6599782;-58.3697712;3;23
238;Ida;Av Manuel Belgrano y España;-34.6617564;-58.3682370;4;24
238;Ida;Av Manuel Belgrano y Alsina;-34.6641611;-58.3666652;4;25
238;Ida;Av Manuel Belgrano y 9 de Julio;-34.6659392;-58.3654958;4;26
238;Ida;Gral Paz y San Martín;-34.6662436;-58.3624971;4;27
238;Ida;Av B Mitre y G Arenales;-34.6652200;-58.3598202;4;28
238;Ida;Av B Mitre y Paso;-34.6659613;-58.3583611;4;29
238;Ida;Av B Mitre y J B Alberdi;-34.6679467;-58.3560544;4;30
238;Ida;Av B Mitre y Lambaré;-34.6694115;-58.3548099;4;31
238;Ida;Av B Mitre y Pastor Obligado;-34.6716704;-58.3529001;4;32
238;Ida;Av B Mitre y Spurr;-34.6727380;-58.3518648;4;33
238;Ida;Av B Mitre y Piñero;-34.6749307;-58.3497244;4;34
238;Ida;Av B Mitre y Independencia;-34.6770085;-58.3480078;5;35
238;Ida;Av B Mitre y Supisiche;-34.6791040;-58.3462805;5;36
238;Ida;Av B Mitre y G Acha;-34.6815611;-58.3448589;5;37
238;Ida;Av B Mitre y G Vedia;-34.6841108;-58.3427560;5;38
238;Ida;Av B Mitre y Villa Luján;-34.6858576;-58.3412433;5;39
238;Ida;Av B Mitre y Pasteur;-34.6872780;-58.3395910;5;40
238;Ida;Av B Mitre y El Salvador;-34.6891438;-58.3373487;5;41
238;Ida;Av B Mitre y Barcelo;-34.6903568;-58.3357179;5;42
238;Ida;Av B Mitre y Posadas;-34.6918609;-58.3336419;5;43
238;Ida;Av B Mitre y Pierres;-34.6927386;-58.3323866;5;44
238;Ida;Av B Mitre y C Uruguayo;-34.6941280;-58.3305198;5;45
238;Ida;Av B Mitre y Matanza;-34.6958878;-58.3280683;5;46
238;Ida;Av B Mitre y B de los Italianos;-34.6970963;-58.3265233;5;47
238;Ida;Av B Mitre y Cotagaita;-34.6989487;-58.3241844;5;48
238;Ida;Av B Mitre y Condarco;-34.7005364;-58.3221781;5;49
238;Ida;Av B Mitre y Paysandú;-34.7021064;-58.3201718;5;50
238;Ida;Av B Mitre y F Onsari;-34.7039234;-58.3178651;6;51
238;Ida;Av B Mitre y Salcedo;-34.7058991;-58.3156657;6;52
238;Ida;Av B Mitre y C Lynch;-34.7078572;-58.3135843;6;53
238;Ida;Av Los Quilmes y Neuquén;-34.7094668;-58.3119696;6;54
238;Ida;Av Los Quilmes y Los Andes;-34.7127873;-58.3086920;6;55
238;Ida;Av Los Quilmes y Montevideo;-34.7162091;-58.3051193;6;56
238;Ida;Av Los Quilmes y Cerrito;-34.7196131;-58.3039713;6;57
238;Ida;Av Los Quilmes y Zapiola;-34.7245426;-58.3024478;7;58
238;Ida;Av Los Quilmes y Liniers;-34.7279771;-58.3002859;7;59
238;Ida;Av Calchaquí y La Rioja;-34.7303049;-58.2986766;7;60
238;Ida;Av Calchaquí y San Luis;-34.7335232;-58.2964182;7;61
238;Ida;Av Calchaquí y Tucumán;-34.7370191;-58.2939345;7;62
238;Ida;Av Calchaquí y 12 de Octubre;-34.7419740;-58.2904422;7;63
238;Ida;Av Calchaquí y Amoedo;-34.7454959;-58.2878405;7;64
238;Ida;Av Calchaquí y Ayolas;-34.7481098;-58.2867247;7;65
238;Ida;Av Calchaquí y Triunvirato;-34.7502431;-58.2860649;7;66
238;Ida;Av Calchaquí y Lavalleja;-34.7521472;-58.2847184;7;67
238;Ida;Av Calchaquí y 330 Bis;-34.7535223;-58.2836723;7;68
238;Ida;Av Calchaquí y Esquiú;-34.7556599;-58.2820362;7;69
238;Ida;Av Calchaquí y Jumbo;-34.7596044;-58.2788604;7;70
238;Ida;Av Calchaquí y G M Savio;-34.7646813;-58.2750732;8;71
238;Ida;Av Calchaquí y Rep Francia;-34.7678630;-58.2724553;8;72
238;Ida;Av Calchaquí y Galarza;-34.7713090;-58.2693654;8;73
238;Ida;Av Calchaquí y Eva Perón;-34.7742877;-58.2671446;8;74
238;Ida;Av Calchaquí y S Cabral;-34.7768213;-58.2651758;8;75
238;Ida;Av Calchaquí y H Yrigoyen;-34.7803242;-58.2621020;9;76
238;Ida;Belgrano y 11;-34.7831132;-58.2583094;9;77
238;Ida;Belgrano y 12A;-34.7843072;-58.2563353;9;78
238;Ida;101 y Belgrano;-34.7860342;-58.2554823;9;79
238;Ida;Av 14 y 105;-34.7849592;-58.2527840;9;80
238;Ida;Av 14 y 107;-34.7839635;-58.2510567;9;81
238;Ida;Av 14 y 109;-34.7828004;-58.2487768;9;82
238;Ida;Av 14 y 111;-34.7816857;-58.2467061;9;83
238;Ida;Av 14 y 113;-34.7805225;-58.2445711;9;84
238;Ida;Av 14 y 115;-34.7797470;-58.2431442;9;85
238;Ida;Av 14 y 116;-34.7792007;-58.2420552;9;86
238;Ida;Av 14 y 117;-34.7782357;-58.2402903;9;87
238;Ida;Av 14 y Dardo Rocha;-34.7768698;-58.2377636;9;88
238;Ida;Av 14 y 123;-34.7756008;-58.2354409;9;89
238;Ida;Av 14 y 126;-34.7745213;-58.2334077;9;90
238;Ida;Av 14 y Vergara;-34.7732346;-58.2309508;10;91
238;Ida;Av 14 y 131;-34.7717584;-58.2281613;10;92
238;Ida;Av 14 y 132;-34.7708198;-58.2263750;10;93
238;Ida;Av 14 y 134;-34.7695155;-58.2239074;10;94
238;Ida;Av 14 y 137;-34.7682244;-58.2214880;10;95
238;Ida;Av 14 y 139;-34.7667481;-58.2185805;10;96
238;Ida;Av 14 y 142;-34.7653467;-58.2160056;10;97
238;Ida;Av 14 y 145;-34.7636413;-58.2128030;10;98
238;Ida;Lisandro de la Torre y 14;-34.7636633;-58.2100725;11;99
238;Ida;Lisandro de la Torre y Rigolleau;-34.7643508;-58.2089514;11;100
238;Ida;Lisandro de la Torre y 18;-34.7649854;-58.2068217;11;101
238;Ida;Lisandro de la Torre y 21;-34.7671756;-58.2024175;11;102
238;Ida;Lisandro de la Torre y 23;-34.7687620;-58.1992042;11;103
238;Ida;23  y 149;-34.7698416;-58.2007760;11;104
238;Ida;149 y 24;-34.7708507;-58.2005560;11;105
238;Ida;24 y 147;-34.7720228;-58.2020420;11;106
238;Ida;144 y 25;-34.7740586;-58.2046223;11;107
238;Ida;144 y 27;-34.7755612;-58.2034528;11;108
238;Ida;144 y 28;-34.7767641;-58.2025409;11;109
238;Ida;144 y 31;-34.7778700;-58.1993651;11;110
238;Ida;31 y 147;-34.7762573;-58.1981796;11;111
238;Ida;29 y 150;-34.7745653;-58.1957388;11;112
238;Ida;150 y 26;-34.7719788;-58.1971389;11;113
238;Ida;150  y 24;-34.7703307;-58.1983888;11;114
238;Ida;153 y 25;-34.7690616;-58.1950790;11;115
238;Vuelta;153 y 25;-34.7693348;-58.1946659;11;1
238;Vuelta;24 y 150;-34.7699782;-58.1982493;11;2
238;Vuelta;150 y 25;-34.7706921;-58.1981528;11;3
238;Vuelta;150 y 26;-34.7716262;-58.1974232;11;4
238;Vuelta;Luis Agote y 29;-34.7746402;-58.1954277;11;5
238;Vuelta;148 y 29;-34.7753452;-58.1980777;11;6
238;Vuelta;148 y 27;-34.7742172;-58.1992900;11;7
238;Vuelta;148 y 26;-34.7733095;-58.1999660;11;8
238;Vuelta;148 y 24;-34.7717496;-58.2011676;11;9
238;Vuelta;148 y 22;-34.7695904;-58.2028735;11;10
238;Vuelta;22 y 150;-34.7684711;-58.2012427;11;11
238;Vuelta;Lisandro de la T y 21;-34.7672020;-58.2024229;11;12
238;Vuelta;Lisandro de la T y 20;-34.7660871;-58.2045525;11;13
238;Vuelta;Lisandro de la T y 17;-34.7649722;-58.2068807;11;14
238;Vuelta;Lisandro de la T y Estación Begui;-34.7643552;-58.2090265;11;15
238;Vuelta;Lisandro de la T y 15;-34.7636633;-58.2098901;11;16
238;Vuelta;Lisandro de la T y 13;-34.7624911;-58.2123739;10;17
238;Vuelta;14 y 144;-34.7636942;-58.2128942;10;18
238;Vuelta;14 y 142;-34.7648840;-58.2152116;10;19
238;Vuelta;14 y 140;-34.7660386;-58.2175076;10;20
238;Vuelta;14 y 138;-34.7676779;-58.2205224;10;21
238;Vuelta;14 y 135;-34.7686210;-58.2223678;10;22
238;Vuelta;14 y 133;-34.7696169;-58.2241166;10;23
238;Vuelta;14 y 131;-34.7708683;-58.2265306;10;24
238;Vuelta;14 y 130;-34.7717937;-58.2282794;10;25
238;Vuelta;14 y V Vergara;-34.7729702;-58.2305592;9;26
238;Vuelta;14 y 125;-34.7745521;-58.2335365;9;27
238;Vuelta;14 y D Rocha;-34.7757506;-58.2358432;9;28
238;Vuelta;14 y 119;-34.7772091;-58.2385361;9;29
238;Vuelta;14 y 116;-34.7789407;-58.2418084;9;30
238;Vuelta;14 y 113;-34.7802537;-58.2442600;9;31
238;Vuelta;14 y 111;-34.7813905;-58.2463413;9;32
238;Vuelta;14 y 109;-34.7828973;-58.2491416;9;33
238;Vuelta;14 y 107;-34.7840164;-58.2512337;9;34
238;Vuelta;14 y Camino G Belgrano;-34.7852985;-58.2536316;9;35
238;Vuelta;Camino G Belgrano y 12;-34.7838710;-58.2568341;9;36
238;Vuelta;101 y 9;-34.7815887;-58.2590497;9;37
238;Vuelta;101 y 7;-34.7797558;-58.2611686;8;38
238;Vuelta;4 y Av Calchaquí;-34.7773853;-58.2641941;8;39
238;Vuelta;Av Calchaquí y 3;-34.7752792;-58.2662487;8;40
238;Vuelta;Av Calchaquí y Hospital;-34.7720801;-58.2685232;8;41
238;Vuelta;Av Calchaquí y Rep Francia;-34.7689250;-58.2714361;8;42
238;Vuelta;Av Calchaquí y Mexico;-34.7676030;-58.2725626;8;43
238;Vuelta;Av Calchaquí y Uruguay;-34.7651264;-58.2745045;8;44
238;Vuelta;Av Calchaquí y Jumbo;-34.7596088;-58.2788122;7;45
238;Vuelta;Av Calchaquí y Esquiú;-34.7550782;-58.2823795;7;46
238;Vuelta;Av Calchaquí y Lavalleja;-34.7520326;-58.2847667;7;47
238;Vuelta;Av Calchaquí y Irala;-34.7489252;-58.2864136;7;48
238;Vuelta;Av Calchaquí y Amoedo;-34.7462277;-58.2873577;7;49
238;Vuelta;Av Calchaquí y 12 de Octubre;-34.7430231;-58.2896698;7;50
238;Vuelta;Av Calchaquí y Pelegrini;-34.7393776;-58.2922018;7;51
238;Vuelta;Av Calchaquí y Rodolfo Lopez;-34.7359655;-58.2945997;7;52
238;Vuelta;Av Calchaquí y WallMart;-34.7343168;-58.2957691;7;53
238;Vuelta;Av Calchaquí y Rep del Líbano;-34.7325225;-58.2970405;7;54
238;Vuelta;Av Calchaquí y Jujuy;-34.7299522;-58.2988322;7;55
238;Vuelta;Av Los Quilmes y Zapiola;-34.7244808;-58.3023298;6;56
238;Vuelta;Av Los Quilmes y Cerrito;-34.7203451;-58.3035636;6;57
238;Vuelta;Av Los Quilmes y Montevideo;-34.7166368;-58.3046794;6;58
238;Vuelta;Av Los Quilmes y Chaco;-34.7138324;-58.3073401;6;59
238;Vuelta;Av Los Quilmes y Pampa;-34.7121214;-58.3090943;6;60
238;Vuelta;Av Bartolomé Mitre y Neuquén;-34.7089155;-58.3120823;6;61
238;Vuelta;Av Bartolomé Mitre y Caviglia;-34.7077822;-58.3132464;6;62
238;Vuelta;Av Bartolomé Mitre y Raquel Español;-34.7059080;-58.3151883;6;63
238;Vuelta;Av Bartolomé Mitre y Las Flores;-34.7041924;-58.3170229;5;64
238;Vuelta;Av Bartolomé Mitre y Bahía Blanca;-34.7022123;-58.3194530;5;65
238;Vuelta;Av Bartolomé Mitre y Lomas de Zamora;-34.7006511;-58.3214808;5;66
238;Vuelta;Av Bartolomé Mitre y Lobos;-34.6990369;-58.3236051;5;67
238;Vuelta;Av Bartolomé Mitre y D Alighieri;-34.6971757;-58.3259869;5;68
238;Vuelta;Av Bartolomé Mitre y San Vicente;-34.6962406;-58.3272421;5;69
238;Vuelta;Av Bartolomé Mitre y C Uruguayo;-34.6940574;-58.3302462;5;70
238;Vuelta;Av Bartolomé Mitre y Otero;-34.6922446;-58.3327460;5;71
238;Vuelta;Av Bartolomé Mitre y D Casazza;-34.6902068;-58.3354819;5;72
238;Vuelta;Av Bartolomé Mitre y Herrera;-34.6889894;-58.3370912;5;73
238;Vuelta;Av Bartolomé Mitre y Ramallo;-34.6873838;-58.3390117;5;74
238;Vuelta;Av Bartolomé Mitre y M Bernardo;-34.6857606;-58.3406532;5;75
238;Vuelta;Av Bartolomé Mitre y San Pedro;-34.6841196;-58.3421659;5;76
238;Vuelta;Av Bartolomé Mitre y G Hornos;-34.6819493;-58.3440757;5;77
238;Vuelta;Av Bartolomé Mitre y Debenedetti;-34.6797481;-58.3455509;5;78
238;Vuelta;Av Bartolomé Mitre y Escalada;-34.6775379;-58.3472568;4;79
238;Vuelta;Av Bartolomé Mitre y C Estibau;-34.6752042;-58.3491826;4;80
238;Vuelta;Av Bartolomé Mitre y H Cortés;-34.6736998;-58.3505613;4;81
238;Vuelta;Av Bartolomé Mitre y Iguazú;-34.6720674;-58.3521008;4;82
238;Vuelta;Av Bartolomé Mitre y M Beguiristain;-34.6700998;-58.3538926;4;83
238;Vuelta;Av Bartolomé Mitre y Llorente;-34.6691379;-58.3547616;4;84
238;Vuelta;Av Bartolomé Mitre y M Ocantos;-34.6670466;-58.3565801;4;85
238;Vuelta;Av Bartolomé Mitre y Olavarría;-34.6659569;-58.3580446;4;86
238;Vuelta;Av Bartolomé Mitre y 12 de Octubre;-34.6643729;-58.3612311;4;87
238;Vuelta;Av Bartolomé Mitre y Sarmiento;-34.6632742;-58.3634734;4;88
238;Vuelta;Av Bartolomé Mitre y 25 de Mayo;-34.6617829;-58.3656567;4;89
238;Vuelta;Av Bartolomé Mitre y French;-34.6602959;-58.3677059;4;90
238;Vuelta;Av Bartolomé Mitre y Montes de Oca;-34.6591133;-58.3693421;4;91
238;Vuelta;Gral Hornos y Iriarte;-34.6485050;-58.3737087;3;92
238;Vuelta;Gral Hornos y California;-34.6471546;-58.3742291;3;93
238;Vuelta;Gral Hornos y Quinquela Martín;-34.6441095;-58.3751893;3;94
238;Vuelta;Gral Hornos y Olavarría;-34.6407597;-58.3756346;3;95
238;Vuelta;Gral Hornos y Brandsen;-34.6382484;-58.3761603;3;96
238;Vuelta;Gral Hornos y A del Valle;-34.6365271;-58.3766484;3;97
238;Vuelta;Gral Hornos y Uspallata;-34.6338082;-58.3773565;2;98
238;Vuelta;Gral Hornos y Ituzaingo;-34.6326164;-58.3777106;2;99
238;Vuelta;Gral Hornos y Caseros;-34.6288910;-58.3776677;2;100
238;Vuelta;Av J Garay y Lima;-34.6265250;-58.3809829;2;101
238;Vuelta;Salta y Constitución;-34.6248255;-58.3828229;2;102
238;Vuelta;Salta y Humberto 1;-34.6212410;-58.3829302;2;103
238;Vuelta;Salta y Estados Unidos;-34.6188880;-58.3829570;2;104
238;Vuelta;Salta y Chile;-34.6170250;-58.3830321;2;105
238;Vuelta;Venezuela y Salta;-34.6143453;-58.3833700;1;106
238;Vuelta;Venezuela y San José;-34.6144998;-58.3857250;1;107
238;Vuelta;Venezuela y V Cevallos;-34.6146410;-58.3886808;1;108
238;Vuelta;Venezuela y Entre Ríos;-34.6148618;-58.3913523;1;109
238;Vuelta;Venezuela y Sarandí;-34.6151002;-58.3944368;1;110
238;Vuelta;Venezuela y Pasco;-34.6153342;-58.3974355;1;111
238;Vuelta;Venezuela y Alberti;-34.6154534;-58.4010512;1;112
238;Vuelta;Venezuela y Catamarca;-34.6160450;-58.4055948;1;113
238;Vuelta;Venezuela y La Rioja;-34.6164600;-58.4080678;1;114
238;Vuelta;La Rioja y Av Belgrano;-34.6153518;-58.4083039;1;115
238;Vuelta;Av La Rioja y A Alsina;-34.6128133;-58.4086794;1;116
238;Vuelta;Av Rivadavia y Ecuador;-34.6102261;-58.4083360;1;117
239;Ida;Ecuador y B Mitre;-34.6095594;-58.4086847;1;1
239;Ida;B Mitre y Plaza Miserere;-34.6092680;-58.4080142;1;2
239;Ida;Av Jujuy y H Yrigoyen;-34.6106896;-58.4060133;1;3
239;Ida;Av Jujuy y A Alsina;-34.6120716;-58.4057236;1;4
239;Ida;Av Belgrano y Alberti;-34.6145218;-58.4021670;1;5
239;Ida;Av Belgrano y Pasco;-34.6142967;-58.3979559;1;6
239;Ida;Av Belgrano y Sarandi;-34.6141201;-58.3951342;1;7
239;Ida;Av Belgrano y Entre Ríos;-34.6139347;-58.3921194;1;8
239;Ida;Av Belgrano y Saenz Peña;-34.6136256;-58.3878601;1;9
239;Ida;Av Belgrano y Santiago del Estero;-34.6133916;-58.3852637;1;10
239;Ida;Av Belgrano y Lima;-34.6132327;-58.3820289;2;11
239;Ida;Av 9 de Julio y Mexico;-34.6149104;-58.3809561;2;12
239;Ida;Av 9 de Juio y Estados Unidos;-34.6182214;-58.3807898;2;13
239;Ida;Lima y Constitución;-34.6250948;-58.3823508;2;14
239;Ida;Brasil y Lima;-34.6276197;-58.3810580;2;15
239;Ida;Gral Hornos y Av Caseros;-34.6291603;-58.3790570;2;16
239;Ida;Av Montes de Oca y Ituzaingó;-34.6314070;-58.3765572;2;17
239;Ida;Av Montes de Oca y Uspallata;-34.6330225;-58.3758974;2;18
239;Ida;Av Montes de Oca y A del Valle;-34.6359621;-58.3751839;3;19
239;Ida;Av Montes de Oca y Quinquela Martín;-34.6435049;-58.3737141;3;20
239;Ida;Av Montes de Oca y California;-34.6464220;-58.3732045;3;21
239;Ida;Av Montes de Oca y Av G Tomas Iriarte;-34.6480196;-58.3729255;3;22
239;Ida;Av Manuel Belgrano y Mariano Acosta;-34.6599782;-58.3697712;3;23
239;Ida;Av Manuel Belgrano y España;-34.6617564;-58.3682370;4;24
239;Ida;Av Manuel Belgrano y Alsina;-34.6641611;-58.3666652;4;25
239;Ida;Av Manuel Belgrano y 9 de Julio;-34.6659392;-58.3654958;4;26
239;Ida;Gral Paz y San Martín;-34.6662436;-58.3624971;4;27
239;Ida;Av B Mitre y G Arenales;-34.6652200;-58.3598202;4;28
239;Ida;Av B Mitre y Paso;-34.6659613;-58.3583611;4;29
239;Ida;Av B Mitre y J B Alberdi;-34.6679467;-58.3560544;4;30
239;Ida;Av B Mitre y Lambaré;-34.6694115;-58.3548099;4;31
239;Ida;Av B Mitre y Pastor Obligado;-34.6716704;-58.3529001;4;32
239;Ida;Av B Mitre y Spurr;-34.6727380;-58.3518648;4;33
239;Ida;Av B Mitre y Piñero;-34.6749307;-58.3497244;4;34
239;Ida;Av B Mitre y Independencia;-34.6770085;-58.3480078;5;35
239;Ida;Av B Mitre y Supisiche;-34.6791040;-58.3462805;5;36
239;Ida;Av B Mitre y G Acha;-34.6815611;-58.3448589;5;37
239;Ida;Av B Mitre y G Vedia;-34.6841108;-58.3427560;5;38
239;Ida;Av B Mitre y Villa Luján;-34.6858576;-58.3412433;5;39
239;Ida;Av B Mitre y Pasteur;-34.6872780;-58.3395910;5;40
239;Ida;Av B Mitre y El Salvador;-34.6889453;-58.3372951;5;41
239;Ida;Av B Mitre y Barcelo;-34.6902245;-58.3355999;5;42
239;Ida;Av B Mitre y Posadas;-34.6917506;-58.3334863;5;43
239;Ida;Av B Mitre y Pierres;-34.6926504;-58.3323598;5;44
239;Ida;Av B Mitre y C Uruguayo;-34.6942294;-58.3304286;5;45
239;Ida;Av B Mitre y Matanza;-34.6959496;-58.3280897;5;46
239;Ida;Av B Mitre y B de los Italianos;-34.6970963;-58.3265233;5;47
239;Ida;Av B Mitre y Cotagaita;-34.6989487;-58.3241844;5;48
239;Ida;Av B Mitre y Condarco;-34.7005364;-58.3221781;5;49
239;Ida;Av B Mitre y Paysandú;-34.7021064;-58.3201718;5;50
239;Ida;Av B Mitre y F Onsari;-34.7039234;-58.3178651;6;51
239;Ida;Av B Mitre y Salcedo;-34.7058991;-58.3156657;6;52
239;Ida;Av B Mitre y C Lynch;-34.7078572;-58.3135843;6;53
239;Ida;Av Los Quilmes y Neuquén;-34.7094668;-58.3119696;6;54
239;Ida;Av Los Quilmes y Los Andes;-34.7127741;-58.3086383;6;55
239;Ida;Av Los Quilmes y Chaco;-34.7138015;-58.3076835;6;56
239;Ida;Misiones y L M Campos;-34.7160018;-58.3063692;6;57
239;Ida;Montevideo y Av Los Quilmes;-34.7166412;-58.3051622;6;58
239;Ida;Montevideo y V Bueno;-34.7153096;-58.3035743;6;59
239;Ida;Viejo Bueno y C Franco;-34.7165266;-58.3015895;6;60
239;Ida;Viejo Bueno y Alem;-34.7188150;-58.2989448;6;61
239;Ida;Viejo Bueno y Avellaneda;-34.7205082;-58.2969600;6;62
239;Ida;Viejo Bueno y Zapiola;-34.7217604;-58.2954472;7;63
239;Ida;Viejo Bueno y Boedo;-34.7234403;-58.2940847;7;64
239;Ida;Viejo Bueno y Lamadrid;-34.7252965;-58.2928187;7;65
239;Ida;Estanislao del C y La Rioja;-34.7269851;-58.2915795;7;66
239;Ida;Catamarca y J V Gonzáles;-34.7275450;-58.2901204;7;67
239;Ida;San Luis y L de la Torre;-34.7310280;-58.2901204;7;68
239;Ida;G Acha y R López;-34.7339553;-58.2908231;7;69
239;Ida;G Acha y Tucumán;-34.7351456;-58.2898843;7;70
239;Ida;G Acha y Pellegrini;-34.7369971;-58.2885218;7;71
239;Ida;G Acha y Corrientes;-34.7386414;-58.2873094;7;72
239;Ida;G Acha y 12 de Octubre;-34.7402636;-58.2861078;7;73
239;Ida;G Acha y 1 de Mayo;-34.7416125;-58.2851368;7;74
239;Ida;G Acha y F Amoedo;-34.7436667;-58.2836455;7;75
239;Ida;F Amoedo y Unamuno;-34.7447113;-58.2854694;7;76
239;Ida;F Amoedo y Calchaquí;-34.7456679;-58.2873416;7;77
239;Ida;Av Calchaquí y Ayolas;-34.7481098;-58.2867247;7;78
239;Ida;Av Calchaquí y Triunvirato;-34.7502431;-58.2860649;7;79
239;Ida;Av Calchaquí y Lavalleja;-34.7521472;-58.2847184;7;80
239;Ida;Av Calchaquí y 330 Bis;-34.7535223;-58.2836723;7;81
239;Ida;Av Calchaquí y Esquiú;-34.7556599;-58.2820362;7;82
239;Ida;Av Calchaquí y Jumbo;-34.7596044;-58.2788604;7;83
239;Ida;Av Calchaquí y G M Savio;-34.7646813;-58.2750732;8;84
239;Ida;Av Calchaquí y Rep Francia;-34.7678630;-58.2724553;8;85
239;Ida;Av Calchaquí y Galarza;-34.7713090;-58.2693654;8;86
239;Ida;Av Calchaquí y Eva Perón;-34.7742877;-58.2671446;8;87
239;Ida;Av Calchaquí y S Cabral;-34.7768213;-58.2651758;8;88
239;Ida;Av Calchaquí y H Yrigoyen;-34.7803242;-58.2621020;9;89
239;Ida;Belgrano y 11;-34.7831132;-58.2583094;9;90
239;Ida;Belgrano y 12A;-34.7843072;-58.2563353;9;91
239;Ida;101 y Belgrano;-34.7860342;-58.2554823;9;92
239;Ida;Av 14 y 105;-34.7849592;-58.2527840;9;93
239;Ida;Av 14 y 107;-34.7839635;-58.2510567;9;94
239;Ida;Av 14 y 109;-34.7828004;-58.2487768;9;95
239;Ida;Av 14 y 111;-34.7816857;-58.2467061;9;96
239;Ida;Av 14 y 113;-34.7805225;-58.2445711;9;97
239;Ida;Av 14 y 115;-34.7797470;-58.2431442;9;98
239;Ida;Av 14 y 116;-34.7792007;-58.2420552;9;99
239;Ida;Av 14 y 117;-34.7782357;-58.2402903;9;100
239;Ida;Av 14 y Dardo Rocha;-34.7768698;-58.2377636;9;101
239;Ida;Av 14 y 123;-34.7756008;-58.2354409;9;102
239;Ida;Av 14 y 126;-34.7745213;-58.2334077;9;103
239;Ida;Av 14 y Vergara;-34.7732346;-58.2309508;10;104
239;Ida;Av 14 y 131;-34.7717584;-58.2281613;10;105
239;Ida;Av 14 y 132;-34.7708198;-58.2263750;10;106
239;Ida;Av 14 y 134;-34.7695155;-58.2239074;10;107
239;Ida;Av 14 y 137;-34.7682244;-58.2214880;10;108
239;Ida;Av 14 y 139;-34.7667481;-58.2185805;10;109
239;Ida;Av 14 y 142;-34.7653467;-58.2160056;10;110
239;Ida;Av 14 y 145;-34.7636413;-58.2128030;10;111
239;Ida;Lisandro de la Torre y 14;-34.7636633;-58.2100725;11;112
239;Ida;Lisandro de la Torre y Rigolleau;-34.7643508;-58.2089514;11;113
239;Ida;Lisandro de la Torre y 18;-34.7649854;-58.2068217;11;114
239;Ida;Lisandro de la Torre y 21;-34.7671756;-58.2024175;11;115
239;Ida;Lisandro de la Torre y 23;-34.7687620;-58.1992042;11;116
239;Ida;23  y 149;-34.7698416;-58.2007760;11;117
239;Ida;149 y 24;-34.7708507;-58.2005560;11;118
239;Ida;24 y 147;-34.7720228;-58.2020420;11;119
239;Ida;144 y 25;-34.7740586;-58.2046223;11;120
239;Ida;144 y 27;-34.7755612;-58.2034528;11;121
239;Ida;144 y 28;-34.7767641;-58.2025409;11;122
239;Ida;144 y 31;-34.7778700;-58.1993651;11;123
239;Ida;31 y 147;-34.7762573;-58.1981796;11;124
239;Ida;29 y 150;-34.7745653;-58.1957388;11;125
239;Ida;150 y 26;-34.7719788;-58.1971389;11;126
239;Ida;150  y 24;-34.7703307;-58.1983888;11;127
239;Ida;153 y 25;-34.7690616;-58.1950790;11;128
239;Vuelta;153 y 25;-34.7693348;-58.1946659;11;1
239;Vuelta;24 y 150;-34.7699782;-58.1982493;11;2
239;Vuelta;150 y 25;-34.7706921;-58.1981528;11;3
239;Vuelta;150 y 26;-34.7716262;-58.1974232;11;4
239;Vuelta;Luis Agote y 29;-34.7746402;-58.1954277;11;5
239;Vuelta;148 y 29;-34.7753452;-58.1980777;11;6
239;Vuelta;148 y 27;-34.7742172;-58.1992900;11;7
239;Vuelta;148 y 26;-34.7733095;-58.1999660;11;8
239;Vuelta;148 y 24;-34.7717496;-58.2011676;11;9
239;Vuelta;148 y 22;-34.7695904;-58.2028735;11;10
239;Vuelta;22 y 150;-34.7684711;-58.2012427;11;11
239;Vuelta;Lisandro de la T y 21;-34.7672020;-58.2024229;11;12
239;Vuelta;Lisandro de la T y 20;-34.7660871;-58.2045525;11;13
239;Vuelta;Lisandro de la T y 17;-34.7649722;-58.2068807;11;14
239;Vuelta;Lisandro de la T y Estación Begui;-34.7643552;-58.2090265;11;15
239;Vuelta;Lisandro de la T y 15;-34.7636633;-58.2098901;11;16
239;Vuelta;Lisandro de la T y 13;-34.7624911;-58.2123739;10;17
239;Vuelta;14 y 144;-34.7636942;-58.2128942;10;18
239;Vuelta;14 y 142;-34.7648840;-58.2152116;10;19
239;Vuelta;14 y 140;-34.7660386;-58.2175076;10;20
239;Vuelta;14 y 138;-34.7676779;-58.2205224;10;21
239;Vuelta;14 y 135;-34.7686210;-58.2223678;10;22
239;Vuelta;14 y 133;-34.7696169;-58.2241166;10;23
239;Vuelta;14 y 131;-34.7708683;-58.2265306;10;24
239;Vuelta;14 y 130;-34.7717937;-58.2282794;10;25
239;Vuelta;14 y V Vergara;-34.7729702;-58.2305592;9;26
239;Vuelta;14 y 125;-34.7745521;-58.2335365;9;27
239;Vuelta;14 y D Rocha;-34.7757506;-58.2358432;9;28
239;Vuelta;14 y 119;-34.7772091;-58.2385361;9;29
239;Vuelta;14 y 116;-34.7789407;-58.2418084;9;30
239;Vuelta;14 y 113;-34.7802537;-58.2442600;9;31
239;Vuelta;14 y 111;-34.7813905;-58.2463413;9;32
239;Vuelta;14 y 109;-34.7828973;-58.2491416;9;33
239;Vuelta;14 y 107;-34.7840164;-58.2512337;9;34
239;Vuelta;14 y Camino G Belgrano;-34.7852985;-58.2536316;9;35
239;Vuelta;Camino G Belgrano y 12;-34.7838710;-58.2568341;9;36
239;Vuelta;101 y 9;-34.7815887;-58.2590497;9;37
239;Vuelta;101 y 7;-34.7797558;-58.2611686;8;38
239;Vuelta;4 y Av Calchaquí;-34.7773853;-58.2641941;8;39
239;Vuelta;Av Calchaquí y 3;-34.7752792;-58.2662487;8;40
239;Vuelta;Av Calchaquí y Hospital;-34.7720801;-58.2685232;8;41
239;Vuelta;Av Calchaquí y Rep Francia;-34.7689250;-58.2714361;8;42
239;Vuelta;Av Calchaquí y Mexico;-34.7676030;-58.2725626;8;43
239;Vuelta;Av Calchaquí y Uruguay;-34.7651264;-58.2745045;8;44
239;Vuelta;Av Calchaquí y Jumbo;-34.7596088;-58.2788122;7;45
239;Vuelta;Av Calchaquí y Esquiú;-34.7550782;-58.2823795;7;46
239;Vuelta;Av Calchaquí y Lavalleja;-34.7520326;-58.2847667;7;47
239;Vuelta;Av Calchaquí y Irala;-34.7489252;-58.2864136;7;48
239;Vuelta;Av Calchaquí y Amoedo;-34.7460205;-58.2874703;7;49
239;Vuelta;F Amoedo y Unamuno;-34.7450419;-58.2860649;7;50
239;Vuelta;F Amoedo y Juan B Justo;-34.7443719;-58.2846916;7;51
239;Vuelta;Juan B Justo y San Mauro;-34.7427057;-58.2857376;7;52
239;Vuelta;Juan B Justo y 12 de Octubre;-34.7410350;-58.2869285;7;53
239;Vuelta;Gral Acha y Corrientes;-34.7386017;-58.2872933;7;54
239;Vuelta;Gral Acha y Carlos Pellegrini;-34.7372528;-58.2882428;7;55
239;Vuelta;Gral Acha y Tucuman;-34.7351235;-58.2898414;7;56
239;Vuelta;Gral Acha y Rodolfo Lopez;-34.7338980;-58.2907587;7;57
239;Vuelta;Rodolfo Lopez y Lisandro de la Torre;-34.7328443;-58.2889831;7;58
239;Vuelta;Lisandro de la Torre y San Luis;-34.7311205;-58.2898843;7;59
239;Vuelta;Joaquín Gonzales y Rep del Libano;-34.7284841;-58.2890314;7;60
239;Vuelta;Catamarca y Lisandro de la Torre;-34.7281711;-58.2914186;7;61
239;Vuelta;Lisandro de la Torre y La Rioja;-34.7276597;-58.2923412;7;62
239;Vuelta;Lisandro de la Torre y Lamadrid;-34.7260813;-58.2935107;7;63
239;Vuelta;Gral Smith y Boedo;-34.7246880;-58.2945299;7;64
239;Vuelta;Gral Smith y Zapiola;-34.7225717;-58.2960588;6;65
239;Vuelta;Gral Smith y Avellaneda;-34.7216546;-58.2977325;6;66
239;Vuelta;Gral Smith y Alem;-34.7200673;-58.2995617;6;67
239;Vuelta;Gral Smith y Cerrito;-34.7184535;-58.3013749;6;68
239;Vuelta;Gral Smith y Gral Pinedo;-34.7168749;-58.3032471;6;69
239;Vuelta;Montevideo y Av Los Quilmes;-34.7161562;-58.3045882;6;70
239;Vuelta;Av Los Quilmes y Chaco;-34.7138324;-58.3073401;6;71
239;Vuelta;Av Los Quilmes y Pampa;-34.7121214;-58.3090943;6;72
239;Vuelta;Av Bartolomé Mitre y Neuquén;-34.7089155;-58.3120823;6;73
239;Vuelta;Av Bartolomé Mitre y Caviglia;-34.7077822;-58.3132464;6;74
239;Vuelta;Av Bartolomé Mitre y Raquel Español;-34.7059080;-58.3151883;6;75
239;Vuelta;Av Bartolomé Mitre y Las Flores;-34.7041924;-58.3170229;5;76
239;Vuelta;Av Bartolomé Mitre y Bahía Blanca;-34.7022123;-58.3194530;5;77
239;Vuelta;Av Bartolomé Mitre y Lomas de Zamora;-34.7006511;-58.3214808;5;78
239;Vuelta;Av Bartolomé Mitre y Lobos;-34.6990369;-58.3236051;5;79
239;Vuelta;Av Bartolomé Mitre y D Alighieri;-34.6971757;-58.3259869;5;80
239;Vuelta;Av Bartolomé Mitre y San Vicente;-34.6962406;-58.3272421;5;81
239;Vuelta;Av Bartolomé Mitre y C Uruguayo;-34.6939030;-58.3301067;5;82
239;Vuelta;Av Bartolomé Mitre y Otero;-34.6921785;-58.3326495;5;83
239;Vuelta;Av Bartolomé Mitre y D Casazza;-34.6902068;-58.3354819;5;84
239;Vuelta;Av Bartolomé Mitre y Herrera;-34.6889894;-58.3370912;5;85
239;Vuelta;Av Bartolomé Mitre y Ramallo;-34.6873838;-58.3390117;5;86
239;Vuelta;Av Bartolomé Mitre y M Bernardo;-34.6857606;-58.3406532;5;87
239;Vuelta;Av Bartolomé Mitre y San Pedro;-34.6841196;-58.3421659;5;88
239;Vuelta;Av Bartolomé Mitre y G Hornos;-34.6819493;-58.3440757;5;89
239;Vuelta;Av Bartolomé Mitre y Debenedetti;-34.6797481;-58.3455509;5;90
239;Vuelta;Av Bartolomé Mitre y Escalada;-34.6775379;-58.3472568;4;91
239;Vuelta;Av Bartolomé Mitre y C Estibau;-34.6752042;-58.3491826;4;92
239;Vuelta;Av Bartolomé Mitre y H Cortés;-34.6736998;-58.3505613;4;93
239;Vuelta;Av Bartolomé Mitre y Iguazú;-34.6720674;-58.3521008;4;94
239;Vuelta;Av Bartolomé Mitre y M Beguiristain;-34.6700998;-58.3538926;4;95
239;Vuelta;Av Bartolomé Mitre y Llorente;-34.6691379;-58.3547616;4;96
239;Vuelta;Av Bartolomé Mitre y M Ocantos;-34.6670466;-58.3565801;4;97
239;Vuelta;Av Bartolomé Mitre y Olavarría;-34.6659569;-58.3580446;4;98
239;Vuelta;Av Bartolomé Mitre y 12 de Octubre;-34.6643729;-58.3612311;4;99
239;Vuelta;Av Bartolomé Mitre y Sarmiento;-34.6632742;-58.3634734;4;100
239;Vuelta;Av Bartolomé Mitre y 25 de Mayo;-34.6617829;-58.3656567;4;101
239;Vuelta;Av Bartolomé Mitre y French;-34.6602959;-58.3677059;4;102
239;Vuelta;Av Bartolomé Mitre y Montes de Oca;-34.6591133;-58.3693421;4;103
239;Vuelta;Gral Hornos y Iriarte;-34.6485050;-58.3737087;3;104
239;Vuelta;Gral Hornos y California;-34.6471546;-58.3742291;3;105
239;Vuelta;Gral Hornos y Quinquela Martín;-34.6441095;-58.3751893;3;106
239;Vuelta;Gral Hornos y Olavarría;-34.6407597;-58.3756346;3;107
239;Vuelta;Gral Hornos y Brandsen;-34.6382484;-58.3761603;3;108
239;Vuelta;Gral Hornos y A del Valle;-34.6365271;-58.3766484;3;109
239;Vuelta;Gral Hornos y Uspallata;-34.6338082;-58.3773565;2;110
239;Vuelta;Gral Hornos y Ituzaingo;-34.6326164;-58.3777106;2;111
239;Vuelta;Gral Hornos y Caseros;-34.6288910;-58.3776677;2;112
239;Vuelta;Av J Garay y Lima;-34.6265250;-58.3809829;2;113
239;Vuelta;Salta y Constitución;-34.6248255;-58.3828229;2;114
239;Vuelta;Salta y Humberto 1;-34.6212410;-58.3829302;2;115
239;Vuelta;Salta y Estados Unidos;-34.6188880;-58.3829570;2;116
239;Vuelta;Salta y Chile;-34.6170250;-58.3830321;2;117
239;Vuelta;Venezuela y Salta;-34.6143453;-58.3833700;1;118
239;Vuelta;Venezuela y San José;-34.6144998;-58.3857250;1;119
239;Vuelta;Venezuela y V Cevallos;-34.6146410;-58.3886808;1;120
239;Vuelta;Venezuela y Entre Ríos;-34.6148618;-58.3913523;1;121
239;Vuelta;Venezuela y Sarandí;-34.6151002;-58.3944368;1;122
239;Vuelta;Venezuela y Pasco;-34.6153342;-58.3974355;1;123
239;Vuelta;Venezuela y Alberti;-34.6154534;-58.4010512;1;124
239;Vuelta;Venezuela y Catamarca;-34.6160450;-58.4055948;1;125
239;Vuelta;Venezuela y La Rioja;-34.6164600;-58.4080678;1;126
239;Vuelta;La Rioja y Av Belgrano;-34.6153518;-58.4083039;1;127
239;Vuelta;Av La Rioja y A Alsina;-34.6128133;-58.4086794;1;128
239;Vuelta;Av Rivadavia y Ecuador;-34.6102261;-58.4083360;1;129
240;Ida;Ecuador y B Mitre;-34.6095594;-58.4086847;1;1
240;Ida;B Mitre y Plaza Miserere;-34.6092680;-58.4080142;1;2
240;Ida;Av Jujuy y H Yrigoyen;-34.6106896;-58.4060133;1;3
240;Ida;Av Jujuy y A Alsina;-34.6120716;-58.4057236;1;4
240;Ida;Av Belgrano y Alberti;-34.6145218;-58.4021670;1;5
240;Ida;Av Belgrano y Pasco;-34.6142967;-58.3979559;1;6
240;Ida;Av Belgrano y Sarandi;-34.6141201;-58.3951342;1;7
240;Ida;Av Belgrano y Entre Ríos;-34.6139347;-58.3921194;1;8
240;Ida;Av Belgrano y Saenz Peña;-34.6136256;-58.3878601;1;9
240;Ida;Av Belgrano y Santiago del Estero;-34.6133916;-58.3852637;1;10
240;Ida;Av Belgrano y Lima;-34.6132327;-58.3820289;2;11
240;Ida;Av 9 de Julio y Mexico;-34.6149104;-58.3809561;2;12
240;Ida;Av 9 de Juio y Estados Unidos;-34.6182214;-58.3807898;2;13
240;Ida;Lima y Constitución;-34.6250948;-58.3823508;2;14
240;Ida;Brasil y Lima;-34.6276197;-58.3810580;2;15
240;Ida;Gral Hornos y Av Caseros;-34.6291603;-58.3790570;2;16
240;Ida;Av Montes de Oca y Ituzaingó;-34.6314070;-58.3765572;2;17
240;Ida;Av Montes de Oca y Uspallata;-34.6330225;-58.3758974;2;18
240;Ida;Av Montes de Oca y A del Valle;-34.6359621;-58.3751839;3;19
240;Ida;Av Montes de Oca y Quinquela Martín;-34.6435049;-58.3737141;3;20
240;Ida;Av Montes de Oca y California;-34.6464220;-58.3732045;3;21
240;Ida;Av Montes de Oca y Av G Tomas Iriarte;-34.6480196;-58.3729255;3;22
240;Ida;Av Manuel Belgrano y Mariano Acosta;-34.6599782;-58.3697712;3;23
240;Ida;Av Manuel Belgrano y España;-34.6617564;-58.3682370;4;24
240;Ida;Av Manuel Belgrano y Alsina;-34.6641611;-58.3666652;4;25
240;Ida;Av Manuel Belgrano y 9 de Julio;-34.6659392;-58.3654958;4;26
240;Ida;Gral Paz y San Martín;-34.6662436;-58.3624971;4;27
240;Ida;Av B Mitre y G Arenales;-34.6652200;-58.3598202;4;28
240;Ida;Av B Mitre y Paso;-34.6659613;-58.3583611;4;29
240;Ida;Av B Mitre y J B Alberdi;-34.6679467;-58.3560544;4;30
240;Ida;Av B Mitre y Lambaré;-34.6694115;-58.3548099;4;31
240;Ida;Av B Mitre y Pastor Obligado;-34.6716174;-58.3527982;4;32
240;Ida;Av B Mitre y Spurr;-34.6727380;-58.3518648;4;33
240;Ida;Av B Mitre y Piñero;-34.6749307;-58.3497244;4;34
240;Ida;Av B Mitre y Independencia;-34.6770085;-58.3480078;5;35
240;Ida;Av B Mitre y Supisiche;-34.6791040;-58.3462805;5;36
240;Ida;Av B Mitre y G Acha;-34.6815611;-58.3448589;5;37
240;Ida;Av B Mitre y G Vedia;-34.6841108;-58.3427560;5;38
240;Ida;Av B Mitre y Villa Luján;-34.6858576;-58.3412433;5;39
240;Ida;Av B Mitre y Pasteur;-34.6872780;-58.3395910;5;40
240;Ida;Av B Mitre y El Salvador;-34.6889453;-58.3372951;5;41
240;Ida;Av B Mitre y Barcelo;-34.6902245;-58.3355999;5;42
240;Ida;Av B Mitre y Posadas;-34.6917506;-58.3334863;5;43
240;Ida;Av B Mitre y Pierres;-34.6926504;-58.3323598;5;44
240;Ida;Av B Mitre y C Uruguayo;-34.6942294;-58.3304286;5;45
240;Ida;Av San Martin y Alem;-34.7076322;-58.2854480;5;46
240;Ida;Av San Martin y 9 de Julio;-34.7095241;-58.2808721;5;47
240;Ida;Av San Martin y Don Bosco;-34.7107412;-58.2778895;5;48
240;Ida;Av San Martin y Zapiola;-34.7117863;-58.2755935;5;49
240;Ida;Av R Franco y San Vicente;-34.6952174;-58.3267379;5;50
240;Ida;Av Ramon Franco y D Alighieri;-34.6951027;-58.3240986;5;51
240;Ida;Av Ramon Franco y Lobos;-34.6952174;-58.3199787;6;52
240;Ida;Av Ramon Franco y Lomas de Zamora;-34.6960554;-58.3171785;6;53
240;Ida;Av Ramon Franco y Bahía Blanca;-34.6970345;-58.3142066;6;54
240;Ida;Av Ramon Franco y Martin Fierro;-34.6974932;-58.3126938;6;55
240;Ida;Av Ramon Franco y Las Flores;-34.6980578;-58.3108056;6;56
240;Ida;Av Ramon Franco y Lincoln;-34.6998484;-58.3070183;6;57
240;Ida;Av Ramon Franco y Bermejo;-34.7018242;-58.3017290;6;58
240;Ida;Av San Martin y Los Andes;-34.7029797;-58.2983601;6;59
240;Ida;Av San Martin y Chaco;-34.7037382;-58.2958710;6;60
240;Ida;Av San Martin y Formosa;-34.7040734;-58.2943261;6;61
240;Ida;Av San Martin y Montevideo;-34.7048848;-58.2916224;7;62
240;Ida;Av San Martin y J Rivello;-34.7056786;-58.2897878;7;63
240;Ida;Av San Martin y Zeballos;-34.7067370;-58.2875884;7;64
240;Ida;Av San Martin y Boedo;-34.7131841;-58.2737803;7;65
240;Ida;Av San Martin y Lamadrid;-34.7152390;-58.2721066;7;66
240;Ida;Av Vicente Lopez y La Rioja;-34.7170910;-58.2705295;7;67
240;Ida;Av Vicente Lopez y Rep del Líbano;-34.7183432;-58.2695425;8;68
240;Ida;Av Vicente Lopez y San Luis;-34.7199570;-58.2682228;8;69
240;Ida;Av Vicente Lopez y Rodolfo Lopez;-34.7216061;-58.2668924;8;70
240;Ida;Av Vicente Lopez y Tucumán;-34.7234050;-58.2655835;8;71
240;Ida;Av Vicente Lopez y C Pellegrini;-34.7249923;-58.2644141;8;72
240;Ida;Av Vicente Lopez y Corrientes;-34.7266853;-58.2629979;8;73
240;Ida;Av Vicente Lopez y 12 de Octubre;-34.7284224;-58.2616997;8;74
240;Ida;Av Vicente Lopez y S M Castelverde;-34.7300536;-58.2604659;8;75
240;Ida;Av Vicente Lopez y Amoedo;-34.7319582;-58.2589746;8;76
240;Ida;Av Vicente Lopez y Triunvirato;-34.7352822;-58.2562709;8;77
240;Ida;Av Vicente Lopez y Beruti;-34.7369662;-58.2548654;8;78
240;Ida;Av Vicente Lopez y Lavalleja;-34.7383328;-58.2537818;9;79
240;Ida;Laprida y Martín García;-34.7380507;-58.2516253;9;80
240;Ida;Laprida y Av Centenario;-34.7372836;-58.2497692;9;81
240;Ida;Av Centenario y Esquiú;-34.7391175;-58.2479668;9;82
240;Ida;Av Centenario y Andrade;-34.7401578;-58.2470012;9;83
240;Ida;Av Centenario y Villanueva;-34.7415243;-58.2458425;9;84
240;Ida;Av Centenario y Smith;-34.7428732;-58.2447374;9;85
240;Ida;Av Centenario y Namuncura;-34.7445306;-58.2431710;9;86
240;Ida;Av Centenario y Rep Francia;-34.7461086;-58.2416689;9;87
240;Ida;Av Centenario y Colomnbia;-34.7474045;-58.2404029;9;88
240;Ida;Av San Martín y Nicaragua;-34.7501506;-58.2377636;9;89
240;Ida;Av San Martín y Chile;-34.7515654;-58.2353711;10;90
240;Ida;Av San Martín y Sobral;-34.7528436;-58.2326460;10;91
240;Ida;Av San Martín y F Varela;-34.7537648;-58.2307255;10;92
240;Ida;C 137 y 2;-34.7562549;-58.2300228;10;93
240;Ida;C 137 y 4;-34.7581501;-58.2285744;10;94
240;Ida;C 137 y 6;-34.7600936;-58.2270777;10;95
240;Ida;C 137 y 8;-34.7618564;-58.2257098;10;96
240;Ida;C 137 y 10;-34.7638396;-58.2242024;10;97
240;Ida;C 137 y 12;-34.7656464;-58.2228130;10;98
240;Ida;C 137 y 14;-34.7676118;-58.2213163;10;99
240;Ida;Av 14 y 140;-34.7665542;-58.2183927;10;100
240;Ida;Av 14 y 142;-34.7653203;-58.2159680;10;101
240;Ida;Av 14 y 145;-34.7636765;-58.2128137;10;102
240;Ida;Lisandro de la Torre y 14;-34.7631168;-58.2111079;11;103
240;Ida;Lisandro de la Torre y 15;-34.7636501;-58.2100403;11;104
240;Ida;Lisandro de la Torre y Rigolleau;-34.7644565;-58.2089245;11;105
240;Ida;Lisandro de la Torre y 18;-34.7652630;-58.2063925;11;106
240;Ida;Lisandro de la Torre y 21;-34.7671667;-58.2023907;11;107
240;Ida;Lisandro de la Torre y 23;-34.7687796;-58.1991935;11;108
240;Ida;C 23 y 149;-34.7698812;-58.2009530;11;109
240;Ida;C 149 y 23;-34.7708859;-58.2005453;11;110
240;Ida;C 24 y 147;-34.7719083;-58.2019401;11;111
240;Ida;C 144 y 25;-34.7739617;-58.2047510;11;112
240;Ida;C 144 y 27;-34.7756008;-58.2034636;11;113
240;Ida;C 144 y 28;-34.7767553;-58.2025945;11;114
240;Ida;C 144 y 31;-34.7779185;-58.1993008;11;115
240;Ida;C 31 y 147;-34.7761913;-58.1981206;11;116
240;Ida;C 29 y 150;-34.7745433;-58.1958139;11;117
240;Ida;C 150 y 26;-34.7719699;-58.1971657;11;118
240;Ida;C 150 y 24;-34.7703395;-58.1983888;11;119
240;Ida;C 153 y 25;-34.7691806;-58.1948751;11;120
240;Vuelta;153 y 25;-34.7693348;-58.1946659;11;1
240;Vuelta;24 y 150;-34.7699782;-58.1982493;11;2
240;Vuelta;150 y 25;-34.7706921;-58.1981528;11;3
240;Vuelta;150 y 26;-34.7716262;-58.1974232;11;4
240;Vuelta;Luis Agote y 29;-34.7746402;-58.1954277;11;5
240;Vuelta;148 y 29;-34.7753452;-58.1980777;11;6
240;Vuelta;148 y 27;-34.7742172;-58.1992900;11;7
240;Vuelta;148 y 26;-34.7733095;-58.1999660;11;8
240;Vuelta;148 y 24;-34.7717496;-58.2011676;11;9
240;Vuelta;148 y 22;-34.7695904;-58.2028735;11;10
240;Vuelta;22 y 150;-34.7684711;-58.2012427;11;11
240;Vuelta;Lisandro de la T y 21;-34.7672020;-58.2024229;11;12
240;Vuelta;Lisandro de la T y 20;-34.7660871;-58.2045525;11;13
240;Vuelta;Lisandro de la T y 17;-34.7649722;-58.2068807;11;14
240;Vuelta;Lisandro de la T y Estación Begui;-34.7643552;-58.2090265;11;15
240;Vuelta;Lisandro de la T y 15;-34.7636633;-58.2098901;11;16
240;Vuelta;Lisandro de la T y 13;-34.7624911;-58.2123739;10;17
240;Vuelta;14 y 144;-34.7636942;-58.2128942;10;18
240;Vuelta;14 y 142;-34.7648840;-58.2152116;10;19
240;Vuelta;14 y 140;-34.7660386;-58.2175076;10;20
240;Vuelta;138 y 13;-34.7665850;-58.2205224;10;21
240;Vuelta;138 y 10;-34.7636721;-58.2227701;10;22
240;Vuelta;138 y 8;-34.7617727;-58.2241702;10;23
240;Vuelta;138 y 6;-34.7597675;-58.2257152;10;24
240;Vuelta;138 y 4;-34.7579032;-58.2271689;10;25
240;Vuelta;138 y 2;-34.7559773;-58.2286656;10;26
240;Vuelta;138 y F Varela;-34.7542011;-58.2299262;10;27
240;Vuelta;Av San Martín y Sobral;-34.7531786;-58.2318038;10;28
240;Vuelta;Av San Martín y Estación Ezpeleta;-34.7520767;-58.2342231;9;29
240;Vuelta;Av San Martín y Nicaragua;-34.7507059;-58.2369804;9;30
240;Vuelta;Av San Martín y Colombia;-34.7476293;-58.2401133;9;31
240;Vuelta;Av San Martín y Francia;-34.7463246;-58.2413846;9;32
240;Vuelta;Av San Martín y Namuncurá;-34.7449185;-58.2427365;9;33
240;Vuelta;Av San Martín y Smith;-34.7433493;-58.2442814;9;34
240;Vuelta;Av San Martín y Villanueva;-34.7417624;-58.2455957;9;35
240;Vuelta;Av San Martín y Andrade;-34.7403518;-58.2466847;9;36
240;Vuelta;Av San Martín y Lafinur;-34.7385224;-58.2483584;9;37
240;Vuelta;Av San Martín y Laprida;-34.7372748;-58.2494366;8;38
240;Vuelta;Lavalleja y Gran Canaria;-34.7372704;-58.2523870;8;39
240;Vuelta;Lavalleja y Vicente López;-34.7379405;-58.2539159;8;40
240;Vuelta;Av Vicente López y Beruti;-34.7371999;-58.2546401;8;41
240;Vuelta;Av Vicente López y Triunvirato;-34.7356305;-58.2558900;8;42
240;Vuelta;Av Vicente López y Amoedo;-34.7324784;-58.2584220;8;43
240;Vuelta;Av Vicente López y SM Castelverde;-34.7301639;-58.2602406;8;44
240;Vuelta;Av Vicente López y 12 de Octubre;-34.7287486;-58.2613134;8;45
240;Vuelta;Av Vicente López y Corrientes;-34.7270997;-58.2625633;8;46
240;Vuelta;Av Vicente López y Tucuman;-34.7252700;-58.2640332;8;47
240;Vuelta;Av Vicente López y Tucumán;-34.7236431;-58.2652724;8;48
240;Vuelta;Av Vicente López y Rodolfo López;-34.7218530;-58.2665545;8;49
240;Vuelta;Av Vicente López y San Luis;-34.7203274;-58.2678205;8;50
240;Vuelta;Av Vicente López y Rep Líbano;-34.7186387;-58.2691884;7;51
240;Vuelta;Av Vicente López y La Rioja;-34.7170866;-58.2704490;7;52
240;Vuelta;Av Vicente López y Lamadrid;-34.7155609;-58.2717204;7;53
240;Vuelta;Av San Martín y Boedo;-34.7136163;-58.2733566;7;54
240;Vuelta;Av San Martín y Zapiola;-34.7120509;-58.2749712;7;55
240;Vuelta;Av San Martín y Don Bosco;-34.7108117;-58.2775140;7;56
240;Vuelta;Av San Martín y 9 de Julio;-34.7097402;-58.2799870;7;57
240;Vuelta;Av San Martín y Avellaneda;-34.7088185;-58.2824063;7;58
240;Vuelta;Av San Martín y L Alem;-34.7076808;-58.2850027;7;59
240;Vuelta;Av San Martín y Cerrito;-34.7065650;-58.2875508;7;60
240;Vuelta;Av San Martín y Lomas de Zamora;-34.7049995;-58.2908928;6;61
240;Vuelta;Av San Martín y Formosa;-34.7040381;-58.2942080;6;62
240;Vuelta;Av San Martín y Chaco;-34.7035794;-58.2960856;6;63
240;Vuelta;Av San Martín y Alma Fuerte;-34.7031825;-58.2975125;6;64
240;Vuelta;Av San Martín y Pampa;-34.7024945;-58.2996207;6;65
240;Vuelta;Av San Martín y Bermejo;-34.7019653;-58.3009994;6;66
240;Vuelta;Av San Martín y Lincoln;-34.7001527;-58.3061171;6;67
240;Vuelta;Ramón Franco y R Español;-34.6994206;-58.3076996;6;68
240;Vuelta;Ramón Franco y Las Flores;-34.6977931;-58.3111596;6;69
240;Vuelta;Ramón Franco y Bahía Blanca;-34.6971007;-58.3133483;6;70
240;Vuelta;Ramón Franco y Lomas de Zamora;-34.6961480;-58.3164436;6;71
240;Vuelta;Ramón Franco y Lobos;-34.6952880;-58.3192706;5;72
240;Vuelta;Ramón Franco y D Alighieri;-34.6946969;-58.3228219;5;73
240;Vuelta;Ramón Franco y San Vicente;-34.6948249;-58.3255416;5;74
240;Vuelta;Av Bartolomé Mitre y C Uruguayo;-34.6939030;-58.3301067;5;75
240;Vuelta;Av Bartolomé Mitre y Otero;-34.6921785;-58.3326495;5;76
240;Vuelta;Av Bartolomé Mitre y D Casazza;-34.6902068;-58.3354819;5;77
240;Vuelta;Av Bartolomé Mitre y Herrera;-34.6889894;-58.3370912;5;78
240;Vuelta;Av Bartolomé Mitre y Ramallo;-34.6873838;-58.3390117;5;79
240;Vuelta;Av Bartolomé Mitre y M Bernardo;-34.6857606;-58.3406532;5;80
240;Vuelta;Av Bartolomé Mitre y San Pedro;-34.6841196;-58.3421659;5;81
240;Vuelta;Av Bartolomé Mitre y G Hornos;-34.6819493;-58.3440757;5;82
240;Vuelta;Av Bartolomé Mitre y Debenedetti;-34.6797481;-58.3455509;5;83
240;Vuelta;Av Bartolomé Mitre y Escalada;-34.6775379;-58.3472568;4;84
240;Vuelta;Av Bartolomé Mitre y C Estibau;-34.6752042;-58.3491826;4;85
240;Vuelta;Av Bartolomé Mitre y H Cortés;-34.6736998;-58.3505613;4;86
240;Vuelta;Av Bartolomé Mitre y Iguazú;-34.6720674;-58.3521008;4;87
240;Vuelta;Av Bartolomé Mitre y M Beguiristain;-34.6700998;-58.3538926;4;88
240;Vuelta;Av Bartolomé Mitre y Llorente;-34.6691379;-58.3547616;4;89
240;Vuelta;Av Bartolomé Mitre y M Ocantos;-34.6670466;-58.3565801;4;90
240;Vuelta;Av Bartolomé Mitre y Olavarría;-34.6659569;-58.3580446;4;91
240;Vuelta;Av Bartolomé Mitre y 12 de Octubre;-34.6643729;-58.3612311;4;92
240;Vuelta;Av Bartolomé Mitre y Sarmiento;-34.6632742;-58.3634734;4;93
240;Vuelta;Av Bartolomé Mitre y 25 de Mayo;-34.6617829;-58.3656567;4;94
240;Vuelta;Av Bartolomé Mitre y French;-34.6602959;-58.3677059;4;95
240;Vuelta;Av Bartolomé Mitre y Montes de Oca;-34.6591133;-58.3693421;4;96
240;Vuelta;Gral Hornos y Iriarte;-34.6485050;-58.3737087;3;97
240;Vuelta;Gral Hornos y California;-34.6471546;-58.3742291;3;98
240;Vuelta;Gral Hornos y Quinquela Martín;-34.6441095;-58.3751893;3;99
240;Vuelta;Gral Hornos y Olavarría;-34.6407597;-58.3756346;3;100
240;Vuelta;Gral Hornos y Brandsen;-34.6382484;-58.3761603;3;101
240;Vuelta;Gral Hornos y A del Valle;-34.6365271;-58.3766484;3;102
240;Vuelta;Gral Hornos y Uspallata;-34.6338082;-58.3773565;2;103
240;Vuelta;Gral Hornos y Ituzaingo;-34.6326164;-58.3777106;2;104
240;Vuelta;Gral Hornos y Caseros;-34.6288910;-58.3776677;2;105
240;Vuelta;Av J Garay y Lima;-34.6265250;-58.3809829;2;106
240;Vuelta;Salta y Constitución;-34.6248255;-58.3828229;2;107
240;Vuelta;Salta y Humberto 1;-34.6212410;-58.3829302;2;108
240;Vuelta;Salta y Estados Unidos;-34.6188880;-58.3829570;2;109
240;Vuelta;Salta y Chile;-34.6170250;-58.3830321;2;110
240;Vuelta;Venezuela y Salta;-34.6143453;-58.3833700;1;111
240;Vuelta;Venezuela y San José;-34.6144998;-58.3857250;1;112
240;Vuelta;Venezuela y V Cevallos;-34.6146410;-58.3886808;1;113
240;Vuelta;Venezuela y Entre Ríos;-34.6148618;-58.3913523;1;114
240;Vuelta;Venezuela y Sarandí;-34.6151002;-58.3944368;1;115
240;Vuelta;Venezuela y Pasco;-34.6153342;-58.3974355;1;116
240;Vuelta;Venezuela y Alberti;-34.6154534;-58.4010512;1;117
240;Vuelta;Venezuela y Catamarca;-34.6160450;-58.4055948;1;118
240;Vuelta;Venezuela y La Rioja;-34.6164600;-58.4080678;1;119
240;Vuelta;La Rioja y Av Belgrano;-34.6153518;-58.4083039;1;120
240;Vuelta;Av La Rioja y A Alsina;-34.6128133;-58.4086794;1;121
240;Vuelta;Av Rivadavia y Ecuador;-34.6102261;-58.4083360;1;122
241;Ida;Ecuador y B Mitre;-34.6097846;-58.4087384;1;1
241;Ida;B Mitre y Paso;-34.6087073;-58.4039533;1;2
241;Ida;B Mitre y Pasteur;-34.6084159;-58.3997905;1;3
241;Ida;B Mitre y Junin;-34.6082657;-58.3968401;1;4
241;Ida;B Mitre y Callao;-34.6080229;-58.3926076;1;5
241;Ida;B Mitre y Montevideo;-34.6078595;-58.3901024;1;6
241;Ida;B Mitre y Uruguay;-34.6076730;-58.3868320;1;7
241;Ida;B Mitre y Libertad;-34.6074931;-58.3842820;1;8
241;Ida;B Mitre y Cerrito;-34.6073739;-58.3822381;1;9
241;Ida;Metrobus H Yrigoyen;-34.6097934;-58.3812028;1;10
241;Ida;Metrobus Mexico;-34.6146322;-58.3809453;2;11
241;Ida;Metrobus Estados Unidos;-34.6187070;-58.3807844;2;12
241;Ida;Lima y Constitucion;-34.6248255;-58.3823347;2;13
241;Ida;Brasil y Lima Constitucion;-34.6276197;-58.3808327;2;14
241;Ida;Montes de Oca y Ituzaingo;-34.6316233;-58.3764124;2;15
241;Ida;Montes de Oca y A del Valle;-34.6355781;-58.3752269;3;16
241;Ida;Montes de Oca y Brandsen;-34.6375378;-58.3748567;3;17
241;Ida;Montes de Oca y Olavarria;-34.6393077;-58.3745241;3;18
241;Ida;Montes de Oca y Quinqueka Martin;-34.6432754;-58.3738214;3;19
241;Ida;Montes de Oca y California;-34.6463691;-58.3732313;3;20
241;Ida;Montes de Oca e Iriarte;-34.6478475;-58.3729416;3;21
241;Ida;Belgrano y España;-34.6617079;-58.3682370;4;22
241;Ida;Belgrano y Alsina;-34.6639405;-58.3667028;4;23
241;Ida;Belgrano y 9 de Julio;-34.6657848;-58.3655334;4;24
241;Ida;Gral Paz y San Martin;-34.6661819;-58.3623147;4;25
241;Ida;B Mitre y Arenales;-34.6653789;-58.3596754;4;26
241;Ida;B Mitre y Alberdi;-34.6678761;-58.3561134;4;27
241;Ida;B Mitre y Lambare;-34.6694997;-58.3547401;4;28
241;Ida;B Mitre y Obligado;-34.6716351;-58.3528894;4;29
241;Ida;B Mitre y Spurr;-34.6729057;-58.3516395;4;30
241;Ida;B Mitre y Piñero;-34.6749439;-58.3498049;4;31
241;Ida;B Mitre y Independencia;-34.6770129;-58.3480883;5;32
241;Ida;B Mitre y Supisiche;-34.6792054;-58.3462000;5;33
241;Ida;B Mitre y Gral Acha;-34.6815523;-58.3448803;5;34
241;Ida;B Mitre y G Olbes;-34.6831227;-58.3428311;5;35
241;Ida;Zeballos y San Pedro;-34.6824081;-58.3400577;5;36
241;Ida;San Pedro y La Blanqueada;-34.6812700;-58.3383197;5;37
241;Ida;La Blanqueada y Saladillo;-34.6816582;-58.3370107;5;38
241;Ida;Saladillo y Colonia;-34.6815126;-58.3358896;5;39
241;Ida;Colonia y Ramallo;-34.6825184;-58.3344144;5;40
241;Ida;Soreda y Obarrio;-34.6840005;-58.3324885;5;41
241;Ida;Soreda y Casazza;-34.6855488;-58.3305198;5;42
241;Ida;Soreda y Washington;-34.6864311;-58.3294523;5;43
241;Ida;Soreda y Otero;-34.6874985;-58.3279932;5;44
241;Ida;Otero y Baradero;-34.6885572;-58.3289105;5;45
241;Ida;Baradero y Juan B Justo;-34.6900436;-58.3270329;5;46
241;Ida;Baradero y Arébalo;-34.6911640;-58.3254665;5;47
241;Ida;Arevalo y Soreda;-34.6904627;-58.3243346;5;48
241;Ida;Arevalo y San Isidro;-34.6886057;-58.3222640;6;49
241;Ida;Merlo y C Adrogue;-34.6882307;-58.3203435;6;50
241;Ida;Merlo y Patagones;-34.6894790;-58.3187342;6;51
241;Ida;Merlo y S Carnot;-34.6904230;-58.3174896;6;52
241;Ida;Merlo y Lobos;-34.6918653;-58.3156496;6;53
241;Ida;Merlo y Vucetich;-34.6928224;-58.3143836;6;54
241;Ida;Merlo y Piran;-34.6937090;-58.3131766;6;55
241;Ida;Merlo y Bahía Blanca;-34.6946800;-58.3118880;6;56
241;Ida;Merlo y Las Flores;-34.6966550;-58.3094100;6;57
241;Ida;Las Flores y San Nicolas;-34.6956011;-58.3075386;6;58
241;Ida;Las Flores y Paramaribo;-34.6940045;-58.3056879;6;59
241;Ida;Paramaribo y R Español;-34.6953120;-58.3036900;6;60
241;Ida;R Español y Guamini;-34.6943397;-58.3019972;6;61
241;Ida;Pino y Lartigau;-34.6928500;-58.3020770;6;62
241;Ida;Pino y Las Flores;-34.6919932;-58.3031398;6;63
241;Ida;Las Flores y Goyena;-34.6906470;-58.3018200;6;64
241;Ida;Las Flores y Robles;-34.6896952;-58.3013052;6;65
241;Vuelta;Las Flores y Robles;-34.6896863;-58.3013642;6;1
241;Vuelta;Las Flores y Pino;-34.6915900;-58.3034500;6;2
241;Vuelta;Guamini y R Español;-34.6940130;-58.3021820;6;3
241;Vuelta;Lincoln y Oroño;-34.6956770;-58.3015980;6;4
241;Vuelta;Oroño y Lartigau;-34.6942400;-58.3034830;6;5
241;Vuelta;Oroño y Las Flores;-34.6933850;-58.3045770;6;6
241;Vuelta;Las Flores y Ortega;-34.6942350;-58.3064870;6;7
241;Vuelta;Las Flores y San Nicolas;-34.6959500;-58.3079700;6;8
241;Vuelta;San Nicolas y Bahia Blanca;-34.6940300;-58.3104700;6;9
241;Vuelta;San Nicolas y Piran;-34.6929415;-58.3118033;6;10
241;Vuelta;San Nicolas y J Vucetich;-34.6920020;-58.3131498;6;11
241;Vuelta;J Vucetich y Merlo;-34.6927850;-58.3142430;6;12
241;Vuelta;Merlo y Lobos;-34.6919844;-58.3154458;6;13
241;Vuelta;Merlo y Carnot;-34.6905465;-58.3173233;6;14
241;Vuelta;Merlo y Patagones;-34.6895937;-58.3185786;6;15
241;Vuelta;Patagones y Bolivar;-34.6912654;-58.3206010;6;16
241;Vuelta;Bolivar y Adrogué;-34.6902333;-58.3220923;5;17
241;Vuelta;Adrogé y Baradero;-34.6918565;-58.3242810;5;18
241;Vuelta;Baradero y Arévalo;-34.6911684;-58.3254611;5;19
241;Vuelta;Baradero y Juan B Justo;-34.6902509;-58.3267486;5;20
241;Vuelta;Darwin y Soreda;-34.6884866;-58.3270168;5;21
241;Vuelta;Soreda y Otero;-34.6874809;-58.3279556;5;22
241;Vuelta;Soreda y Washington;-34.6865943;-58.3291250;5;23
241;Vuelta;Soreda y Casazza;-34.6857959;-58.3301389;5;24
241;Vuelta;Soreda y Obarrio;-34.6842211;-58.3321774;5;25
241;Vuelta;Colonia y Ramallo;-34.6827125;-58.3341247;5;26
241;Vuelta;Colonia y Saladillo;-34.6815347;-58.3356160;5;27
241;Vuelta;Colonia y San Pedro;-34.6804053;-58.3370215;5;28
241;Vuelta;San Pedro y La Blanqueada;-34.6810847;-58.3381373;5;29
241;Vuelta;San Pedro y Zeballos;-34.6824610;-58.3397412;5;30
241;Vuelta;San Pedro y B Mitre;-34.6841417;-58.3418602;5;31
241;Vuelta;E de Israel y G Hornos;-34.6821611;-58.3438718;5;32
241;Vuelta;B Mitre y Debenedetti;-34.6797481;-58.3455241;5;33
241;Vuelta;B Mitre y Cucha Cucha;-34.6774717;-58.3473212;4;34
241;Vuelta;B Mitre y Piñero;-34.6751733;-58.3492309;4;35
241;Vuelta;B Mitre y H Cortés;-34.6736160;-58.3506525;4;36
241;Vuelta;B Mitre y Spurr;-34.6720101;-58.3521813;4;37
241;Vuelta;B Mitre y Beguiristain;-34.6700909;-58.3539784;4;38
241;Vuelta;B Mitre y Guemes;-34.6684011;-58.3554536;4;39
241;Vuelta;B Mitre y Olavarria;-34.6659877;-58.3580500;4;40
241;Vuelta;B Mitre y Laprida;-34.6640596;-58.3618426;4;41
241;Vuelta;B Mitre y Berutti;-34.6618932;-58.3656460;4;42
241;Vuelta;B Mitre y Montes de Oca;-34.6601106;-58.3680546;4;43
241;Vuelta;G Hornos e Iriarte;-34.6488581;-58.3735156;3;44
241;Vuelta;G Hornos y California;-34.6474326;-58.3741271;3;45
241;Vuelta;G Hornos y Quinquela Martin;-34.6443610;-58.3751571;3;46
241;Vuelta;G Hornos y Olavarria;-34.6403095;-58.3757257;3;47
241;Vuelta;G Hornos y Brandsen;-34.6382572;-58.3761388;3;48
241;Vuelta;G Hornos y A del Valle;-34.6364741;-58.3767021;3;49
241;Vuelta;G Hornos y Uspallata;-34.6338479;-58.3772439;2;50
241;Vuelta;G Hornos e Ituzaingo;-34.6325767;-58.3777213;2;51
241;Vuelta;Ytigoyen y Caseros;-34.6290279;-58.3776248;2;52
241;Vuelta;J Garay y Lima;-34.6264500;-58.3807951;2;53
241;Vuelta;Salta y Constitución;-34.6250904;-58.3828712;2;54
241;Vuelta;Salta y H Primo;-34.6216295;-58.3829623;2;55
241;Vuelta;Salta y Estados Unidos;-34.6189234;-58.3829623;2;56
241;Vuelta;Salta y Chile;-34.6169544;-58.3830106;2;57
241;Vuelta;Salta y Venezuela;-34.6148839;-58.3830750;1;58
241;Vuelta;Salta y Moreno;-34.6122305;-58.3832520;1;59
241;Vuelta;Salta y H Yrigoyen;-34.6101819;-58.3833861;1;60
241;Vuelta;Av de Mayo y San Jose;-34.6092636;-58.3858860;1;61
241;Vuelta;Av Rivadavia y Montevideo;-34.6091300;-58.3898820;1;62
241;Vuelta;Av Rivadavia y Ayacucho;-34.6092724;-58.3943027;1;63
241;Vuelta;Av Rivadavia y Pasteur;-34.6095505;-58.3984601;1;64
241;Vuelta;Av Rivadavia y Paso;-34.6098066;-58.4025908;1;65
241;Vuelta;Av Rivadavia y Jujuy;-34.6100053;-58.4054339;1;66
241;Vuelta;Av Rivadavia y Ecuador;-34.6102172;-58.4085935;1;67
286;Ida;Av Mitre y R Español;-34.7059035;-58.3151990;1;1
286;Ida;Mariano Moreno y Las Flores;-34.7032266;-58.3160681;1;1
286;Ida;Matanza y Heredia;-34.7068120;-58.3398163;1;1
286;Ida;Matanza y Casacuberta;-34.7085319;-58.3417368;1;1
286;Ida;Matanza y De La Serna;-34.7093389;-58.3426809;1;1
286;Ida;Matanza y Cangallo;-34.7106706;-58.3441830;1;1
286;Ida;Matanza y Caxaraville;-34.7125448;-58.3464038;1;1
286;Ida;Onsari y Brandsen;-34.7048143;-58.3184499;1;1
286;Ida;Onsari y Belgrano;-34.7057845;-58.3195657;1;1
286;Ida;Onsari y Solier;-34.7077822;-58.3219206;1;1
286;Ida;Onsari y Villegas;-34.7094227;-58.3238465;1;1
286;Ida;Onsari y Mansilla;-34.7105031;-58.3251125;1;1
286;Ida;Arredondo y Ascasubi;-34.7112263;-58.3264321;1;1
286;Ida;Arredondo y J Hernandez;-34.7102164;-58.3277035;1;1
286;Ida;Arredondo y Condarco;-34.7084304;-58.3298439;1;1
286;Ida;Arredondo y Cotagaita;-34.7066885;-58.3320808;1;1
286;Ida;Arredondo y De La Peña;-34.7052950;-58.3337599;1;1
286;Ida;Arredondo y B. de Los Italianos;-34.7040116;-58.3352673;1;1
286;Ida;Matanza y Larralde;-34.7042806;-58.3368015;1;1
286;Ida;Matanza y La Fuente;-34.7060799;-58.3389097;1;1
286;Ida;Matanza y C G Belgrano;-34.7141013;-58.3482921;1;1
286;Ida;Belgrano y Chascomus;-34.7135590;-58.3488983;1;1
286;Ida;Belgrano y Centenario U;-34.7121170;-58.3505613;1;1
286;Ida;Belgrano y Posadas;-34.7099254;-58.3531255;1;1
286;Ida;Belgrano y Barcelo;-34.7083246;-58.3549708;1;1
286;Ida;Belgrano y Pedernera;-34.7071692;-58.3563012;1;1
286;Ida;"Belgrano y San Lorenzo  ";-34.7057712;-58.3579695;1;1
286;Ida;Belgrano y Suipacha;-34.7045938;-58.3592999;1;1
286;Ida;Bustamante y Dehesa;-34.7041660;-58.3608180;1;1
286;Ida;Bustamante y Cao;-34.7034780;-58.3622879;1;1
286;Ida;Bustamante y J B Justo;-34.7023710;-58.3638006;1;1
286;Ida;Bustamante y Madariaga;-34.7015507;-58.3647555;1;1
286;Ida;Bustamante y Ferre;-34.6998748;-58.3667994;1;1
286;Ida;Bustamante y Salta;-34.6977887;-58.3697820;1;1
286;Ida;Bustamante y Basavilbaso;-34.6966288;-58.3711660;1;1
286;Ida;Bustamante y Sarmiento;-34.6947543;-58.3733654;1;1
286;Ida;Bustamante y Mamberti;-34.6926857;-58.3757633;1;1
286;Ida;Bustamante y Donovan;-34.6917594;-58.3768576;1;1
286;Ida;Bustamante y LaCarra;-34.6896290;-58.3794433;1;1
286;Ida;Puente Gerli;-34.6864708;-58.3835793;1;1
286;Ida;Brasil y Yrigoyen;-34.6845563;-58.3861488;1;1
286;Ida;Cabildo y Beguerenstain;-34.6814750;-58.3859370;1;1
286;Ida;Cabildo y Santiago;-34.6800568;-58.3875275;1;1
286;Ida;Cabildo y Santa Fe;-34.6790466;-58.3887023;1;1
286;Ida;Cabildo y Catamarca;-34.6783050;-58.3896270;1;1
286;Ida;Cabildo y Peru;-34.6770747;-58.3909929;1;1
286;Ida;Cabildo y Mendoza;-34.6753350;-58.3930670;1;1
286;Ida;Guatemala y Cabildo;-34.6734880;-58.3951970;1;1
286;Ida;Rivadavia y Paraguay;-34.6736866;-58.3963412;1;1
286;Ida;Rivadavia y Rep.Argentina;-34.6751204;-58.3979398;1;1
286;Ida;Rivadavia y Colombia;-34.6758130;-58.3989161;1;1
286;Ida;Rivadavia y Pte Perón;-34.6769865;-58.4006757;1;1
286;Ida;Pte Perón y Oliden;-34.6762409;-58.4023869;1;1
286;Ida;Pte Perón y Ucrania;-34.6757230;-58.4031220;1;1
286;Ida;Pte Perón y P de la Patria;-34.6747277;-58.4044361;1;1
286;Ida;Pte Perón y Juan Farrel;-34.6740307;-58.4053749;1;1
286;Ida;Pte Perón y J Rucci;-34.6727204;-58.4071344;1;1
286;Ida;Pte Perón y Burgos;-34.6714542;-58.4088832;1;1
286;Ida;Pte Perón y Armenia;-34.6701880;-58.4105462;1;1
286;Ida;Pte Perón y Valparaíso;-34.6689924;-58.4121609;1;1
286;Ida;Pte Perón y Lomas Valentinas;-34.6677790;-58.4137541;1;1
286;Ida;Pte Perón y Crotti;-34.6666099;-58.4153634;1;1
286;Ida;Pte Perón y La Habana;-34.6656304;-58.4166992;1;1
286;Ida;R de Escalada y A L Palacios;-34.6625594;-58.4171551;1;1
286;Ida;Av Saenz y Esquiú  (metrobus);-34.6514838;-58.4162700;1;1
286;Ida;Av La Plata y Saenz;-34.6480450;-58.4170370;1;1
286;Ida;Av La Plata y Chiclana;-34.6431350;-58.4225570;1;1
286;Ida;Av La Plata y Caceros;-34.6404287;-58.4233725;1;1
286;Ida;Av La Plata y Rondeau;-34.6387350;-58.4238520;1;1
286;Ida;Av La Plata y Inclan;-34.6341350;-58.4250600;1;1
286;Ida;Sanabria y Beiró;-34.6058638;-58.5109091;1;1
286;Ida;Beiró y Marcos Paz;-34.6075063;-58.5145569;1;1
286;Ida;Beiró y Desaguadero;-34.6096079;-58.5178721;1;1
286;Ida;Beiró y Bermudez;-34.6110750;-58.5202920;1;1
286;Ida;Beiró y L.de Vega;-34.6138200;-58.5248970;1;1
286;Ida;Beiró y Moliere;-34.6158066;-58.5274637;1;1
286;Ida;Beiró y Gral Paz;-34.6174665;-58.5296202;1;1
286;Ida;Av Gral Paz y San Roque;-34.6191176;-58.5312724;1;1
286;Ida;Roca y R A de Siria;-34.6228214;-58.5313421;1;1
286;Ida;Roca y E Manzoni;-34.6240177;-58.5326779;1;1
286;Ida;Roca y Barragán;-34.6251670;-58.5340070;1;1
286;Ida;Roca y San Ignacio;-34.6267650;-58.5358100;1;1
286;Ida;Bergamini y Croacia;-34.6285500;-58.5348670;1;1
286;Ida;Cervantes y Echeverría;-34.7179332;-58.2120091;1;1
286;Ida;Cervantes y 25 bis;-34.7128402;-58.2197982;1;1
286;Ida;Cervantes y 23 bis;-34.7116275;-58.2216114;1;1
286;Ida;Cervantes y Iriarte (Pejerrey);-34.7102782;-58.2234889;1;1
286;Ida;Cervantes y Alamos;-34.7093080;-58.2249695;1;1
286;Ida;Cervantes y Olavarría;-34.7080115;-58.2271153;1;1
286;Ida;Otamendi y Cervantes;-34.7071957;-58.2308865;1;1
286;Ida;Otamendi y Yoldi;-34.7085070;-58.2334830;1;1
286;Ida;Otamendi y Juan B Justo;-34.7092270;-58.2347350;1;1
286;Ida;Otamendi y Panizza;-34.7102120;-58.2364601;1;1
286;Ida;Otamendi y Brussa;-34.7113189;-58.2383162;1;1
286;Ida;Otamendi y Toledo;-34.7129019;-58.2410896;1;1
286;Ida;Otamendi y Lora;-34.7139514;-58.2427847;1;1
286;Ida;Otamendi y Mozart;-34.7149788;-58.2445496;1;1
286;Ida;Otamendi y Monrroe;-34.7160283;-58.2463306;1;1
286;Ida;Ceballos y Otamendi;-34.7173026;-58.2474250;1;1
286;Ida;Alem y Belgrano;-34.7194550;-58.2500350;1;1
286;Ida;Alem y Paz;-34.7204250;-58.2519620;1;1
286;Ida;Alem y Mitre;-34.7213680;-58.2538650;1;1
286;Ida;Alem y Brown;-34.7223170;-58.2557270;1;1
286;Ida;Alem y Moreno;-34.7233200;-58.2576070;1;1
286;Ida;Alem y H Yrigoyen;-34.7240928;-58.2592857;1;1
286;Ida;Yrigoyen y Alsina;-34.7232904;-58.2602835;1;1
286;Ida;Yrigoyen y 9 de Julio;-34.7217340;-58.2614529;1;1
286;Ida;Yrigoyen y Colon;-34.7207820;-58.2622130;1;1
286;Ida;Yrigoyen y Alberdi;-34.7190223;-58.2634753;1;1
286;Ida;Gran Canaria y P Oliveri;-34.7197057;-58.2657820;1;1
286;Ida;Gran Canaria y R Lopez;-34.7206890;-58.2650256;1;1
286;Ida;R Lopez y V Lopez;-34.7216750;-58.2665870;1;1
286;Ida;R Lopez y B Irigoyen;-34.7226570;-58.2685150;1;1
286;Ida;R Lopez y A Baranda;-34.7235850;-58.2703480;1;1
286;Ida;R Lopez y Larrea;-34.7244808;-58.2724124;1;1
286;Ida;R Lopez y Urquiza;-34.7254199;-58.2744133;1;1
286;Ida;R Lopez y Blas Parera;-34.7264649;-58.2763016;1;1
286;Ida;R Lopez y M Rodriguez;-34.7274833;-58.2783186;1;1
286;Ida;R Lopez y Condarco;-34.7285282;-58.2804000;1;1
286;Ida;Rodolfo Lopez y Av La Plata;-34.7295863;-58.2824063;1;1
286;Ida;R Lopez y Marconi;-34.7306709;-58.2846648;1;1
286;Ida;R Lopez y J V Gonzales;-34.7316143;-58.2866389;1;1
286;Ida;R Lopez y L de La Torre;-34.7325754;-58.2886827;1;1
286;Ida;R Lopez y Acha;-34.7335585;-58.2907802;1;1
286;Ida;Rodolfo Lopez y Unamundo;-34.7350442;-58.2937253;1;1
286;Ida;Av Calchaquí y San Luis;-34.7334836;-58.2963538;1;1
286;Ida;Av Calchaquí y Rep del Libano;-34.7324475;-58.2970405;1;1
286;Ida;Av Calchaquí y Jujuy;-34.7300801;-58.2987410;1;1
286;Ida;Av Los Quilmes y Zapiola;-34.7245514;-58.3022976;1;1
286;Ida;Av Los Quilmes y Cerrito;-34.7203892;-58.3035421;1;1
286;Ida;Av Los Quilmes y Montevideo;-34.7165883;-58.3046794;1;1
286;Ida;Av Los Quilmes y Los Andes;-34.7130342;-58.3081609;1;1
286;Ida;Av Mitre y Neuquen;-34.7088273;-58.3122647;1;1
286;Ida;Av Mitre y Caviglia;-34.7078042;-58.3131981;1;1
286;Ida;Martin Fierro y Mitre;-34.7028253;-58.3185410;1;1
286;Ida;Mitre y Onsari;-34.7039322;-58.3178759;1;1
286;Ida;Av La Plata y Pavón;-34.6317620;-58.4256750;1;1
286;Ida;Av La Plata y San juan;-34.6273200;-58.4266780;1;1
286;Ida;Av La Plata e Independencia;-34.6223888;-58.4276694;1;1
286;Ida;Av La Plata y Venezuela;-34.6186232;-58.4283936;1;1
286;Ida;Av La Plata y Rivadavia;-34.6159037;-58.4290159;1;1
286;Ida;Rivadavia y Campichuelo;-34.6172180;-58.4340480;1;1
286;Ida;Rivadavia y Acoyte;-34.6186020;-58.4371670;1;1
286;Ida;Rivadavia y Colpayo;-34.6200800;-58.4406298;1;1
286;Ida;Rivadavia y Paynsandu;-34.6224771;-58.4463805;1;1
286;Ida;Rivadavia y Miró;-34.6238764;-58.4498459;1;1
286;Ida;Rivadavia y Curapaligue;-34.6254500;-58.4535320;1;1
286;Ida;Rivadavia y F.L.Beltrán;-34.6269488;-58.4575707;1;1
286;Ida;Rivadavia y Gabilán (Metrobus);-34.6277420;-58.4593820;1;1
286;Ida;Rivadavia y Pedernera;-34.6294825;-58.4651023;1;1
286;Ida;Rivadavia y Argeritch;-34.6309391;-58.4708422;1;1
286;Ida;Rivadavia y Cuenca;-34.6317999;-58.4740287;1;1
286;Ida;Rivadavia y San Nicolás;-34.6327709;-58.4776819;1;1
286;Ida;Rivadavia y Segurola;-34.6338303;-58.4822041;1;1
286;Ida;Mercedez y Bacacay;-34.6320100;-58.4839100;1;1
286;Ida;Mercedez y Avellaneda;-34.6300470;-58.4848320;1;1
286;Ida;Mercedez y Morón;-34.6277120;-58.4859020;1;1
286;Ida;Av Gaona y Gualeguaychu;-34.6266320;-58.4876530;1;1
286;Ida;Sanabria y Juan B. Justo;-34.6268720;-58.4893000;1;1
286;Ida;Sanabria y R.deE.San Martin;-34.6249920;-58.4916500;1;1
286;Ida;Sanabria y M Cervantes;-34.6232250;-58.4938600;1;1
286;Ida;Sanabria y San Blas;-34.6216251;-58.4958780;1;1
286;Ida;Sanabria y Miranda;-34.6192589;-58.4988284;1;1
286;Ida;Sanabria y A.Jonte;-34.6171380;-58.5013630;1;1
286;Ida;Sanabria y Snato Tomé;-34.6144970;-58.5033830;1;1
286;Ida;Sanabria y Nogoyá;-34.6115080;-58.5060470;1;1
286;Ida;Sanabria y P.Lozano;-34.6091630;-58.5081070;1;1
286;Ida;Sanabria y Simbron;-34.6074003;-58.5095894;1;1
286;Vuelta;Rivadavia y dolores;-34.6327224;-58.4772152;1;1
286;Vuelta;Rivadavia y José Marti;-34.6315792;-58.4726715;1;1
286;Vuelta;Rivadavia y Nazca (metrobus);-34.6305419;-58.4689111;1;1
286;Vuelta;Rivadavia y Bonorino;-34.6281848;-58.4604943;1;1
286;Vuelta;Rivadavia y Carabobo;-34.6263838;-58.4561062;1;1
286;Vuelta;Rivadavia y Curapaligue;-34.6254524;-58.4536171;1;1
286;Vuelta;Rivadavia y Puan;-34.6236910;-58.4491110;1;1
286;Vuelta;Rivadavia y Hortiguera;-34.6228744;-58.4467989;1;1
286;Vuelta;Rosario y Centenera;-34.6206495;-58.4405279;1;1
286;Vuelta;Rosario y José M Moreno;-34.6195149;-58.4364295;1;1
286;Vuelta;Rosario y Doblas;-34.6187600;-58.4319717;1;1
286;Vuelta;Rosario y Av La Plata;-34.6184245;-58.4292412;1;1
286;Vuelta;Av La Plata y Alberdi;-34.6215456;-58.4279054;1;1
286;Vuelta;Av La Plata y Pedro Goyena;-34.6247328;-58.4272939;1;1
286;Vuelta;Av La Plata y Directorio;-34.6266045;-58.4268701;1;1
286;Vuelta;Av La Plata y Asamblea;-34.6309524;-58.4259206;1;1
286;Vuelta;Av La Plata y Santander;-34.6333359;-58.4252930;1;1
286;Vuelta;Av La Plata Zaraza;-34.6365447;-58.4245098;1;1
286;Vuelta;Av La Plata y Cobo;-34.6398373;-58.4235871;1;1
286;Vuelta;Av La Plata F de la Cruz;-34.6420352;-58.4230828;1;1
286;Vuelta;Av La Plata F Rivera;-34.6447141;-58.4212911;1;1
286;Vuelta;Av La Plata Tabare;-34.6469295;-58.4194511;1;1
286;Vuelta;Av La Plata Saenz;-34.6480858;-58.4170103;1;1
286;Vuelta;Saenz y Esquiú (metrobus);-34.6513602;-58.4164739;1;1
286;Vuelta;R de Escalada y Palacios;-34.6625727;-58.4174234;1;1
286;Vuelta;Peron y Crotti;-34.6663628;-58.4158409;1;1
286;Vuelta;Peron y L Valentinas;-34.6674834;-58.4142959;1;1
286;Vuelta;Peron y Valparaiso;-34.6687365;-58.4126329;1;1
286;Vuelta;Peron y Armenia;-34.6700689;-58.4108520;1;1
286;Vuelta;Peron y Paso de Burgos;-34.6712513;-58.4092373;1;1
286;Vuelta;Peron y Itapiru;-34.6719836;-58.4081858;1;1
286;Vuelta;Peron y Rucci;-34.6731748;-58.4066731;1;1
286;Vuelta;Peron y Balbin;-34.6743218;-58.4051496;1;1
286;Vuelta;Peron y Oliden;-34.6760159;-58.4027839;1;1
286;Vuelta;Peron y Rivadavia;-34.6771497;-58.4012282;1;1
286;Vuelta;Rivadavia Rep Argentina;-34.6755262;-58.3981061;1;1
286;Vuelta;Rivadavia y Paraguay;-34.6740792;-58.3964753;1;1
286;Vuelta;Rivadavia y Chile;-34.6724557;-58.3945978;1;1
286;Vuelta;Chile y Cabildo;-34.6732233;-58.3938575;1;1
286;Vuelta;Cabildo y Mendoza;-34.6752792;-58.3930957;1;1
286;Vuelta;Cabildo y Peru;-34.6769644;-58.3911860;1;1
286;Vuelta;Cabildo y Catamarca;-34.6780585;-58.3899736;1;1
286;Vuelta;Cabildo y Santa Fe;-34.6789319;-58.3889759;1;1
286;Vuelta;Cabildo y Sgo del Estero;-34.6802951;-58.3874524;1;1
286;Vuelta;Cabildo y Beguerestein;-34.6815788;-58.3859128;1;1
286;Vuelta;Brasil y Yrigoyen;-34.6844593;-58.3864170;1;1
286;Vuelta;Bustamante y Est Gerli;-34.6867398;-58.3832949;1;1
286;Vuelta;Bustamante y  Lacarra;-34.6895673;-58.3796310;1;1
286;Vuelta;Bustamante y Donovan;-34.6914683;-58.3772439;1;1
286;Vuelta;Bustamante y Mamberti;-34.6924034;-58.3762246;1;1
286;Vuelta;Bustamante y Sarmiento;-34.6944632;-58.3738375;1;1
286;Vuelta;Bustamante y Basavilbaso;-34.6963200;-58.3715791;1;1
286;Vuelta;Bustamante y Salta;-34.6974403;-58.3702862;1;1
286;Vuelta;Bustamante y Ferré;-34.6994470;-58.3674109;1;1
286;Vuelta;Bustamante y Madariaga;-34.7011362;-58.3653671;1;1
286;Vuelta;Bustamante y J B Justo;-34.7020800;-58.3642673;1;1
286;Vuelta;Bustamante y Cao;-34.7032310;-58.3627868;1;1
286;Vuelta;Bustamante y  Deheza;-34.7043115;-58.3606356;1;1
286;Vuelta;C G Belgrano y Suipacha;-34.7046864;-58.3592838;1;1
286;Vuelta;C G Belgrano y Barcelo;-34.7076852;-58.3558559;1;1
286;Vuelta;C G Belgrano y Posadas;-34.7092286;-58.3540535;1;1
286;Vuelta;C G Belgrano y Centenario;-34.7116584;-58.3512533;1;1
286;Vuelta;C G Belgrano y Chascomus;-34.7132988;-58.3493650;1;1
286;Vuelta;B de los Italianos y C G Belgrano;-34.7147540;-58.3476537;1;1
286;Vuelta;B de los Italianos y Caxaraville;-34.7134311;-58.3458674;1;1
286;Vuelta;B de los Italianos y Campichuelo;-34.7124389;-58.3446872;1;1
286;Vuelta;B de los Italianos y De La Serna;-34.7105957;-58.3424824;1;1
286;Vuelta;B de los Italianos y Helguera;-34.7086289;-58.3401597;1;1
286;Vuelta;B de los Italianos y La Fuente;-34.7071119;-58.3383679;1;1
286;Vuelta;B de los Italianos y C Larralde;-34.7054008;-58.3362812;1;1
286;Vuelta;C Larralde y Mendez;-34.7063225;-58.3346343;1;1
286;Vuelta;C Larralde y Cotagaita;-34.7071868;-58.3336043;1;1
286;Vuelta;C Larralde y Condarco;-34.7086950;-58.3316839;1;1
286;Vuelta;C Larralde y Paisandu;-34.7103002;-58.3297312;1;1
286;Vuelta;C Larralde y Ascasubi;-34.7116143;-58.3280790;1;1
286;Vuelta;Onsari y Mansilla;-34.7107676;-58.3252788;1;1
286;Vuelta;Onsari y Villegas;-34.7097534;-58.3240879;1;1
286;Vuelta;Onsari y Solier;-34.7079983;-58.3219743;1;1
286;Vuelta;Onsari y Belgrano;-34.7063225;-58.3199251;1;1
286;Vuelta;Onsari y Mitre;-34.7046467;-58.3181226;1;1
286;Vuelta;Mitre y Echeverria;-34.7051671;-58.3163470;1;1
286;Vuelta;Mitre y Victor Hugo;-34.7064107;-58.3151346;1;1
286;Vuelta;Mitre y Lynch;-34.7077293;-58.3137238;1;1
286;Vuelta;Av Los Quilmes y Neuquén;-34.7091933;-58.3122379;1;1
286;Vuelta;Av Los Quilmes y Pilcomayo;-34.7111866;-58.3103013;1;1
286;Vuelta;Av Los Quilmes y Los Andes;-34.7128049;-58.3086491;1;1
286;Vuelta;Av Los Quilmes y Formosa;-34.7143747;-58.3072007;1;1
286;Vuelta;Av Los Quilmes y Montevideo;-34.7160327;-58.3052909;1;1
286;Vuelta;Av Los Quilmes y Cerrito;-34.7195514;-58.3039176;1;1
286;Vuelta;Av Los Quilmes y Zapiola;-34.7248335;-58.3023620;1;1
286;Vuelta;Calchaquí y La Madrid;-34.7286340;-58.2999480;1;1
286;Vuelta;Calchaquí y Catamarca;-34.7309883;-58.2982635;1;1
286;Vuelta;Calchaquí y San juan;-34.7327694;-58.2970083;1;1
286;Vuelta;Calchaquí y Int Olivieri;-34.7343300;-58.2958710;1;1
286;Vuelta;Urrestarazu y R Lopez;-34.7359964;-58.2960212;1;1
286;Vuelta;R Lopez y Elustondo;-34.7352381;-58.2939345;1;1
286;Vuelta;R Lopez y Acha;-34.7339068;-58.2911021;1;1
286;Vuelta;R Lopez y L de La Torre;-34.7327826;-58.2889295;1;1
286;Vuelta;R Lopez y J Gonzales;-34.7318612;-58.2869875;1;1
286;Vuelta;R Lopez y G Marconi;-34.7308869;-58.2848525;1;1
286;Vuelta;R Lopez y Av La Plata;-34.7298993;-58.2827818;1;1
286;Vuelta;R Lopez y Condarco;-34.7287751;-58.2806629;1;1
286;Vuelta;R Lopez y Martín Rodriguez;-34.7277302;-58.2786244;1;1
286;Vuelta;R Lopez y Blas Parera;-34.7266544;-58.2765913;1;1
286;Vuelta;R Lopez y Urquiza;-34.7256801;-58.2747191;1;1
286;Vuelta;R Lopez y Larrea;-34.7247057;-58.2726163;1;1
286;Vuelta;R Lopez y A Baranda;-34.7237886;-58.2707441;1;1
286;Vuelta;R Lopez y B de Irigoyen;-34.7227613;-58.2686895;1;1
286;Vuelta;R Lopez y V Lopez;-34.7218089;-58.2668012;1;1
286;Vuelta;I Olivieri y Gran Canaria;-34.7201378;-58.2656801;1;1
286;Vuelta;Yrigoyen y Colon;-34.7205920;-58.2623059;1;1
286;Vuelta;Yrigoyen y Videla;-34.7222631;-58.2611471;1;1
286;Vuelta;Alem y Gaboto;-34.7244500;-58.2598543;1;1
286;Vuelta;Garibaldi y San Martin;-34.7246836;-58.2581592;1;1
286;Vuelta;Garibaldi y Moreno;-34.7241854;-58.2572097;1;1
286;Vuelta;Garibaldi y Brown;-34.7232948;-58.2554072;1;1
286;Vuelta;Garibaldi y Alvear;-34.7227789;-58.2544255;1;1
286;Vuelta;Garibaldi y Sarmiento;-34.7218133;-58.2525212;1;1
286;Vuelta;Garibaldi y Paz;-34.7212710;-58.2515609;1;1
286;Vuelta;Garibaldi y Pringles;-34.7208565;-58.2506061;1;1
286;Vuelta;Garibaldi y Belgrano;-34.7203715;-58.2497263;1;1
286;Vuelta;Garibaldi y Allison Bell;-34.7193750;-58.2478327;1;1
286;Vuelta;Croacia y Bergamini;-34.6284584;-58.5343730;1;1
286;Vuelta;San ignacio y Croacia;-34.6279508;-58.5345072;1;1
286;Vuelta;San ignacio y G Roca;-34.6271386;-58.5355800;1;1
286;Vuelta;San ignacio y Pelegrini;-34.6265118;-58.5364598;1;1
286;Vuelta;Pelegrini y Necochea;-34.6252449;-58.5355693;1;1
286;Vuelta;Pelegrini y Dardo Rocha;-34.6240000;-58.5341477;1;1
286;Vuelta;Pelegrini y R A Siria;-34.6226360;-58.5326350;1;1
286;Vuelta;Rep A Siria y San Roque;-34.6216030;-58.5336220;1;1
286;Vuelta;San Roque y Los Andes;-34.6207775;-58.5329998;1;1
286;Vuelta;San Roque Y Gral Paz;-34.6192809;-58.5314494;1;1
286;Vuelta;Beiró y Irigoyen;-34.6179875;-58.5301888;1;1
286;Vuelta;Beiró y Lopez de Vega;-34.6138287;-58.5248297;1;1
286;Vuelta;Beiró y Bermudez;-34.6110031;-58.5202163;1;1
286;Vuelta;Beiró y Marcos Paz;-34.6075814;-58.5145140;1;1
286;Vuelta;Segurola y Navarro;-34.6062435;-58.5132855;1;1
286;Vuelta;Cantilo y Sanabria;-34.6046054;-58.5136288;1;1
286;Vuelta;Cantilo y Gualeguaychu;-34.6036296;-58.5120088;1;1
286;Vuelta;Gualeguaychu y Beiró;-34.6048262;-58.5106087;1;1
286;Vuelta;Segurola y Varela;-34.6072679;-58.5120517;1;1
286;Vuelta;Segurola y Pedro Lozano;-34.6098993;-58.5098523;1;1
286;Vuelta;Segurola y Nogoya;-34.6121775;-58.5080069;1;1
286;Vuelta;Segurola y Santo tomé;-34.6150163;-58.5053462;1;1
286;Vuelta;Segurola y Alvarez Jonte;-34.6177535;-58.5026479;1;1
286;Vuelta;Segurola y Miranda;-34.6195591;-58.5005558;1;1
286;Vuelta;Segurola y E Gonzalez;-34.6204287;-58.4993809;1;1
286;Vuelta;Segurola y Pablo Podestá;-34.6216118;-58.4979218;1;1
286;Vuelta;Segurola y Camarones;-34.6230200;-58.4961301;1;1
286;Vuelta;Segurola y M Cervantes;-34.6238544;-58.4950626;1;1
286;Vuelta;Segurola y R Escalada SM;-34.6255539;-58.4929329;1;1
286;Vuelta;Segurola y Juan B Justo;-34.6266751;-58.4915435;1;1
286;Vuelta;Segurola y Gaona;-34.6275226;-58.4904063;1;1
286;Vuelta;Segurola y Aranguren;-34.6291073;-58.4884483;1;1
286;Vuelta;Segurola y Bacacay;-34.6318882;-58.4850097;1;1
286;Vuelta;Rivadavia y Candelaria;-34.6335963;-58.4807235;1;1
286;Vuelta;Cevallos y Otamendi;-34.7173335;-58.2470709;1;1
286;Vuelta;Otamendi y Monrroe;-34.7163458;-58.2463950;1;1
286;Vuelta;Otamendi y Mozart;-34.7152699;-58.2447052;1;1
286;Vuelta;Otamendi y A Lora;-34.7142204;-58.2428920;1;1
286;Vuelta;Otamendi y Toledo;-34.7131224;-58.2411003;1;1
286;Vuelta;Otamendi y Tte Brussa;-34.7115702;-58.2385039;1;1
286;Vuelta;Otamendi y Panizza;-34.7104634;-58.2366693;1;1
286;Vuelta;Otamendi y J B Justo;-34.7094447;-58.2348132;1;1
286;Vuelta;Otamendi y Yoldi;-34.7086465;-58.2334399;1;1
286;Vuelta;Otamendi y Cervantes;-34.7072045;-58.2310367;1;1
286;Vuelta;Cervantes y Olavarría;-34.7079983;-58.2277966;1;1
286;Vuelta;Cervantes y Iriarte;-34.7101238;-58.2241380;1;1
286;Vuelta;Cervantes y 25 bis;-34.7115526;-58.2218206;1;1
286;Vuelta;Cervantes y Echeverría;-34.7175760;-58.2126045;1;1
286;Vuelta;Garibaldi y Cevallos;-34.7183962;-58.2461751;1;1
287;Ida;Alem y Brown;-34.7223170;-58.2557270;1;1
287;Ida;Alem y Moreno;-34.7233200;-58.2576070;1;1
287;Ida;Alem y H Yrigoyen;-34.7240928;-58.2592857;1;1
287;Ida;Yrigoyen y Alsina;-34.7232904;-58.2602835;1;1
287;Ida;Yrigoyen y 9 de Julio;-34.7217340;-58.2614529;1;1
287;Ida;Yrigoyen y Colon;-34.7207820;-58.2622130;1;1
287;Ida;Yrigoyen y Alberdi;-34.7190223;-58.2634753;1;1
287;Ida;Gran Canaria y P Oliveri;-34.7197057;-58.2657820;1;1
287;Ida;Gran Canaria y R Lopez;-34.7206890;-58.2650256;1;1
287;Ida;R Lopez y V Lopez;-34.7216750;-58.2665870;1;1
287;Ida;R Lopez y B Irigoyen;-34.7226570;-58.2685150;1;1
287;Ida;R Lopez y A Baranda;-34.7235850;-58.2703480;1;1
287;Ida;A Baranda y San Luis;-34.7220646;-58.2716775;1;1
287;Ida;A Baranda y Rep Libano;-34.7204773;-58.2728469;1;1
287;Ida;A Baranda y La Rioja;-34.7185813;-58.2741022;1;1
287;Ida;Lamadrid y A Baranda;-34.7168705;-58.2757330;1;1
287;Ida;Lamadrid y Larrea;-34.7176818;-58.2772672;1;1
287;Ida;Lamadrid y Urquiza;-34.7186695;-58.2792735;1;1
287;Ida;Lamadrid y Blas Parera;-34.7197454;-58.2813710;1;1
287;Ida;Lamadrid y M Rodriguez;-34.7207463;-58.2832378;1;1
287;Ida;Lamadrid y Condarco;-34.7218310;-58.2853729;1;1
287;Ida;Lamadrid y D Rocha;-34.7226334;-58.2878083;1;1
287;Ida;Dardo Rocha y Liniers;-34.7216017;-58.2884574;1;1
287;Ida;Dardo Rocha y Zapiola;-34.7196749;-58.2898039;1;1
287;Ida;Dardo Rocha y Don Bosco;-34.7189473;-58.2909089;1;1
287;Ida;Dardo Rocha y Avellaneda;-34.7179905;-58.2929313;1;1
287;Ida;Dardo Rocha y Alem;-34.7165354;-58.2958496;1;1
287;Ida;Dardo Rocha y Cerrito;-34.7154595;-58.2979363;1;1
287;Ida;Dardo Rocha y Montevideo;-34.7138632;-58.3011281;1;1
287;Ida;Dardo Rocha y Formosa;-34.7126285;-58.3037567;1;1
287;Ida;Dardo Rocha y Los Andes;-34.7115349;-58.3063155;1;1
287;Ida;Dardo Rocha y La Pampa;-34.7109396;-58.3077049;1;1
287;Ida;Av Mitre y Neuquen;-34.7088979;-58.3120662;1;1
287;Ida;Av Mitre y Caviglia;-34.7078042;-58.3131981;1;1
287;Ida;Av Mitre y R Español;-34.7059035;-58.3151990;1;1
287;Ida;M Moreno y Las Flores;-34.7032266;-58.3160681;1;1
287;Ida;M Fierro y Mitre;-34.7028253;-58.3185410;1;1
287;Ida;Mitre y Onsari;-34.7039322;-58.3178759;1;1
287;Ida;Onsari y Brandsen;-34.7048143;-58.3184499;1;1
287;Ida;Onsari y Belgrano;-34.7057845;-58.3195657;1;1
287;Ida;Onsari y Solier;-34.7077822;-58.3219206;1;1
287;Ida;Onsari y Villegas;-34.7094227;-58.3238465;1;1
287;Ida;Onsari y Mansilla;-34.7105031;-58.3251125;1;1
287;Ida;Arredondo y Onsari;-34.7112263;-58.3264321;1;1
287;Ida;Arredondo y J Hernandez;-34.7102164;-58.3277035;1;1
287;Ida;Arredondo y Condarco;-34.7084304;-58.3298439;1;1
287;Ida;Arredondo y Cotagaita;-34.7066885;-58.3320808;1;1
287;Ida;Arredondo y De La Peña;-34.7052950;-58.3337599;1;1
287;Ida;Arredondo y B de Los Italianos;-34.7040116;-58.3352673;1;1
287;Ida;Arredondo y Chascomus;-34.7025298;-58.3371127;1;1
287;Ida;Arredondo y C Uruguayo;-34.7011979;-58.3388615;1;1
287;Ida;Arredondo y Pierres;-34.6998440;-58.3405834;1;1
287;Ida;Arredondo y P Palos;-34.6983577;-58.3424127;1;1
287;Ida;Arredondo y Pedernera;-34.6968317;-58.3442259;1;1
287;Ida;Arredondo y El Salvador;-34.6956408;-58.3456206;1;1
287;Ida;Arredondo y Suipacha;-34.6944985;-58.3470368;1;1
287;Ida;Arredondo y Deheza;-34.6932282;-58.3485442;1;1
287;Ida;Arredondo y Molina;-34.6916800;-58.3504432;1;1
287;Ida;Arredondo y Sarrat;-34.6905773;-58.3517790;1;1
287;Ida;Madariaga y C. Larralde;-34.6905068;-58.3535814;1;1
287;Ida;Madariaga y  Heredia;-34.6927563;-58.3563817;1;1
287;Ida;Madariaga y  Casacuberta;-34.6950233;-58.3585811;1;1
287;Ida;Madariaga y Pitagoras;-34.6962054;-58.3595896;1;1
287;Ida;Madariaga y Cangallo;-34.6976829;-58.3610219;1;1
287;Ida;Madariaga y Venezuela;-34.6993324;-58.3627224;1;1
287;Ida;Madariaga y C Gral Belgrano;-34.7004394;-58.3638972;1;1
287;Ida;Bustamante y Ferre;-34.6998748;-58.3667994;1;1
287;Ida;Bustamante y Salta;-34.6977887;-58.3697820;1;1
287;Ida;Bustamante y Basavilbaso;-34.6966288;-58.3711660;1;1
287;Ida;Bustamante y Sarmiento;-34.6947543;-58.3733654;1;1
287;Ida;Bustamante y Mambertti;-34.6926857;-58.3757633;1;1
287;Ida;Bustamante y Donovan;-34.6917594;-58.3768576;1;1
287;Ida;Bustamante y LaCarra;-34.6896290;-58.3794433;1;1
287;Ida;Bustamante y Puente Gerli;-34.6864708;-58.3835793;1;1
287;Ida;Brasil y Yrigoyen;-34.6845563;-58.3861488;1;1
287;Ida;Yrigoyen y Colombia;-34.6861576;-58.3870983;1;1
287;Ida;Yrigoyen y Jean Jaure;-34.6879573;-58.3878976;1;1
287;Ida;Jean Jaures y Rio de Janeiro;-34.6868898;-58.3895767;1;1
287;Ida;Jean Jaures y Jujuy;-34.6855400;-58.3913362;1;1
287;Ida;Jean Jaures y S del Estero;-34.6847063;-58.3924842;1;1
287;Ida;Jean Jaures y San Martin;-34.6835418;-58.3940935;1;1
287;Ida;Jean Jaures y Catamarca;-34.6824698;-58.3951020;1;1
287;Ida;Jean Jaures y Fernandez;-34.6813891;-58.3960515;1;1
287;Ida;Jean Jaures y La Rioja;-34.6801407;-58.3970976;1;1
287;Ida;Jean Jaures y H Primo;-34.6786540;-58.3984441;1;1
287;Ida;Rivadavia y Peron;-34.6769865;-58.4006757;1;1
287;Ida;Pte Perón y Oliden;-34.6762409;-58.4023869;1;1
287;Ida;Pte Perón Ucrania;-34.6757230;-58.4031220;1;1
287;Ida;Pte Peron y P de la Patria;-34.6747277;-58.4044361;1;1
287;Ida;Pte Perón y Balbín;-34.6740307;-58.4053749;1;1
287;Ida;Pte Perón y Rucchi;-34.6727204;-58.4071344;1;1
287;Ida;Pte Perón y Burgos;-34.6714542;-58.4088832;1;1
287;Ida;Pte Perón y Armenia;-34.6701880;-58.4105462;1;1
287;Ida;Pte Perón y Valparaíso;-34.6689924;-58.4121609;1;1
287;Ida;Pte Perón y Lomas Valentinas;-34.6677790;-58.4137541;1;1
287;Ida;Pte Perón y Crotti;-34.6666099;-58.4153634;1;1
287;Ida;Pte Perón y La Habana;-34.6656304;-58.4166992;1;1
287;Ida;R de Escalada y A L Palacios;-34.6625594;-58.4171551;1;1
287;Ida;Av Saenz y Esquiú;-34.6514838;-58.4162700;1;1
287;Ida;Av La Plata y Saenz;-34.6480450;-58.4170370;1;1
287;Ida;Av La Plata y Chiclana;-34.6431350;-58.4225570;1;1
287;Ida;Av La Plata y Caceros;-34.6404287;-58.4233725;1;1
287;Ida;Av La Plata y Rondeau;-34.6387350;-58.4238520;1;1
287;Ida;Av La Plata y Inclan;-34.6341350;-58.4250600;1;1
287;Ida;Av La Plata y Pavón;-34.6317620;-58.4256750;1;1
287;Ida;Av La Plata y San juan;-34.6273200;-58.4266780;1;1
287;Ida;Av La Plata e Independencia;-34.6223888;-58.4276694;1;1
287;Ida;Av La Plata y Venezuela;-34.6186232;-58.4283936;1;1
287;Ida;Av La Plata y Rivadavia;-34.6159037;-58.4290159;1;1
287;Ida;Rivadavia y Campichuelo;-34.6172180;-58.4340480;1;1
287;Ida;Rivadavia y Acoyte;-34.6186020;-58.4371670;1;1
287;Ida;Rivadavia y Colpayo;-34.6200800;-58.4406298;1;1
287;Ida;Rivadavia y Paynsandu;-34.6224771;-58.4463805;1;1
287;Ida;Rivadavia y Miró;-34.6238764;-58.4498459;1;1
287;Ida;Rivadavia y Curapaligue;-34.6254500;-58.4535320;1;1
287;Ida;Cervantes y 25 bis;-34.7128843;-58.2197285;1;1
287;Ida;Cervantes y 23 bis;-34.7115834;-58.2216382;1;1
287;Ida;Cervantes y Iriarte (Pejerrey);-34.7102958;-58.2234943;1;1
287;Ida;Cervantes y Alamos;-34.7092860;-58.2249963;1;1
287;Ida;Cervantes y Olavarría;-34.7080688;-58.2270241;1;1
287;Ida;Otamendi y Cervantes;-34.7071648;-58.2308382;1;1
287;Ida;Otamendi y Yoldi;-34.7085070;-58.2334830;1;1
287;Ida;Otamendi y Juan B Justo;-34.7092270;-58.2347350;1;1
287;Ida;Otamendi y Panizza;-34.7102120;-58.2364601;1;1
287;Ida;Otamendi y Brussa;-34.7113189;-58.2383162;1;1
287;Ida;Otamendi y Toledo;-34.7129019;-58.2410896;1;1
287;Ida;Otamendi y Lora;-34.7139514;-58.2427847;1;1
287;Ida;Otamendi y Mozart;-34.7149788;-58.2445496;1;1
287;Ida;Otamendi y Monrroe;-34.7160283;-58.2463306;1;1
287;Ida;Ceballos y Otamendi;-34.7173026;-58.2474250;1;1
287;Ida;Alem y Belgrano;-34.7194550;-58.2500350;1;1
287;Ida;Alem y Paz;-34.7204250;-58.2519620;1;1
287;Ida;Alem y Mitre;-34.7213680;-58.2538650;1;1
287;Ida;Cervantes y Echeverría;-34.7179640;-58.2120091;1;1
287;Ida;Rivadavia y F.L.Beltrán;-34.6269488;-58.4575707;1;1
287;Ida;Rivadavia y Gabilán (Metrobus);-34.6277420;-58.4593820;1;1
287;Ida;Rivadavia y Pedernera;-34.6294825;-58.4651023;1;1
287;Ida;Rivadavia y Argeritch;-34.6309391;-58.4708422;1;1
287;Ida;Rivadavia y Cuenca;-34.6317999;-58.4740287;1;1
287;Ida;Rivadavia y San Nicolás;-34.6327709;-58.4776819;1;1
287;Ida;Rivadavia y Segurola;-34.6338303;-58.4822041;1;1
287;Ida;Mercedez y Bacacay;-34.6320100;-58.4839100;1;1
287;Ida;Mercedez y Avellaneda;-34.6300470;-58.4848320;1;1
287;Ida;Mercedez y Morón;-34.6277120;-58.4859020;1;1
287;Ida;Av Gaona y Gualeguaychu;-34.6266320;-58.4876530;1;1
287;Ida;Sanabria y Juan B. Justo;-34.6268720;-58.4893000;1;1
287;Ida;Sanabria y R.deE.San Martin;-34.6249920;-58.4916500;1;1
287;Ida;Sanabria y M Cervantes;-34.6232250;-58.4938600;1;1
287;Ida;Sanabria y San Blas;-34.6216251;-58.4958780;1;1
287;Ida;Sanabria y Miranda;-34.6192589;-58.4988284;1;1
287;Ida;Sanabria y A.Jonte;-34.6171380;-58.5013630;1;1
287;Ida;Sanabria y Snato Tomé;-34.6144970;-58.5033830;1;1
287;Ida;Sanabria y Nogoyá;-34.6115080;-58.5060470;1;1
287;Ida;Sanabria y P.Lozano;-34.6091630;-58.5081070;1;1
287;Ida;Sanabria y Simbron;-34.6074003;-58.5095894;1;1
287;Ida;Sanabria y Beiró;-34.6058638;-58.5109091;1;1
287;Ida;Beiró y Marcos Paz;-34.6074931;-58.5145247;1;1
287;Ida;Beiró y Desaguadero;-34.6096079;-58.5178721;1;1
287;Ida;Beiró y Bermudez;-34.6109766;-58.5201842;1;1
287;Ida;Beiró y L.de Vega;-34.6138200;-58.5248970;1;1
287;Ida;Beiró y Moliere;-34.6158066;-58.5274637;1;1
287;Ida;Beiró y Gral Paz;-34.6174665;-58.5296202;1;1
287;Ida;Av Gral Paz y San Roque;-34.6191176;-58.5312724;1;1
287;Ida;Roca y R A Siria;-34.6228214;-58.5313421;1;1
287;Ida;Roca y E Manzoni;-34.6240177;-58.5326779;1;1
287;Ida;Roca y Barragán;-34.6251670;-58.5340070;1;1
287;Ida;Roca y San Ignacio;-34.6267650;-58.5358100;1;1
287;Ida;Bergamini y Croacia;-34.6285500;-58.5348670;1;1
287;Vuelta;Croacia y Bergamini;-34.6284584;-58.5343730;1;1
287;Vuelta;San ignacio y Croacia;-34.6279508;-58.5345072;1;1
287;Vuelta;San ignacio y G Roca;-34.6271386;-58.5355800;1;1
287;Vuelta;San ignacio y Pelegrini;-34.6265118;-58.5364598;1;1
287;Vuelta;Pelegrini y Necochea;-34.6252449;-58.5355693;1;1
287;Vuelta;Pelegrini y Dardo Rocha;-34.6240000;-58.5341477;1;1
287;Vuelta;Pelegrini y R A Siria;-34.6226360;-58.5326350;1;1
287;Vuelta;Rep A Siria y San Roque;-34.6216030;-58.5336220;1;1
287;Vuelta;San Roque y Los Andes;-34.6207775;-58.5329998;1;1
287;Vuelta;San Roque Y Gral Paz;-34.6192809;-58.5314494;1;1
287;Vuelta;Beiró y Irigoyen;-34.6179875;-58.5301888;1;1
287;Vuelta;Beiró y Lopez de Vega;-34.6138287;-58.5248297;1;1
287;Vuelta;Beiró y Bermudez;-34.6110031;-58.5202163;1;1
287;Vuelta;Beiró y Marcos Paz;-34.6075814;-58.5145140;1;1
287;Vuelta;Segurola y Navarro;-34.6062435;-58.5132855;1;1
287;Vuelta;Cantilo y Sanabria;-34.6046054;-58.5136288;1;1
287;Vuelta;Cantilo y Gualeguaychu;-34.6036296;-58.5120088;1;1
287;Vuelta;Gualeguaychu y Beiró;-34.6048262;-58.5106087;1;1
287;Vuelta;Segurola y Varela;-34.6072679;-58.5120517;1;1
287;Vuelta;Garibaldi y Cevallos;-34.7183962;-58.2461751;1;1
287;Vuelta;Cevallos y Otamendi;-34.7173335;-58.2470709;1;1
287;Vuelta;Otamendi y Monrroe;-34.7163458;-58.2463950;1;1
287;Vuelta;Otamendi y Mozart;-34.7152699;-58.2447052;1;1
287;Vuelta;Otamendi y A Lora;-34.7142204;-58.2428920;1;1
287;Vuelta;Otamendi y Toledo;-34.7131224;-58.2411003;1;1
287;Vuelta;Otamendi y Tte Brussa;-34.7115702;-58.2385039;1;1
287;Vuelta;Otamendi y Panizza;-34.7104634;-58.2366693;1;1
287;Vuelta;Otamendi y J B Justo;-34.7094447;-58.2348132;1;1
287;Vuelta;Otamendi y Yoldi;-34.7086465;-58.2334399;1;1
287;Vuelta;Otamendi y Cervantes;-34.7072045;-58.2310367;1;1
287;Vuelta;Cervantes y Olavarría;-34.7080071;-58.2278395;1;1
287;Vuelta;Cervantes y Iriarte;-34.7101767;-58.2240522;1;1
287;Vuelta;Cervantes y 25 bis;-34.7127167;-58.2201040;1;1
287;Vuelta;Cervantes y Echaverria;-34.7176113;-58.2125187;1;1
287;Vuelta;Segurola y Pedro Lozano;-34.6098993;-58.5098523;1;1
287;Vuelta;Segurola y Nogoya;-34.6121775;-58.5080069;1;1
287;Vuelta;Segurola y Santo tomé;-34.6150163;-58.5053462;1;1
287;Vuelta;Segurola y Alvarez Jonte;-34.6177535;-58.5026479;1;1
287;Vuelta;Segurola y Miranda;-34.6195591;-58.5005558;1;1
287;Vuelta;Segurola y E Gonzalez;-34.6204287;-58.4993809;1;1
287;Vuelta;Segurola y Pablo Podestá;-34.6216118;-58.4979218;1;1
287;Vuelta;Segurola y Camarones;-34.6230200;-58.4961301;1;1
287;Vuelta;Segurola y M Cervantes;-34.6238544;-58.4950626;1;1
287;Vuelta;Segurola y R Escalada SM;-34.6255539;-58.4929329;1;1
287;Vuelta;Segurola y Juan B Justo;-34.6266751;-58.4915435;1;1
287;Vuelta;Segurola y Gaona;-34.6275226;-58.4904063;1;1
287;Vuelta;Segurola y Aranguren;-34.6291073;-58.4884483;1;1
287;Vuelta;Segurola y Bacacay;-34.6318882;-58.4850097;1;1
287;Vuelta;Rivadavia y Candelaria;-34.6335963;-58.4807235;1;1
287;Vuelta;Rivadavia y dolores;-34.6327224;-58.4772152;1;1
287;Vuelta;Rivadavia y José Marti;-34.6315792;-58.4726715;1;1
287;Vuelta;Rivadavia y Nazca (metrobus);-34.6305419;-58.4689111;1;1
287;Vuelta;Rivadavia y Bonorino;-34.6281848;-58.4604943;1;1
287;Vuelta;Rivadavia y Carabobo;-34.6263838;-58.4561062;1;1
287;Vuelta;Rivadavia y Curapaligue;-34.6254524;-58.4536171;1;1
287;Vuelta;Rivadavia y Puan;-34.6236910;-58.4491110;1;1
287;Vuelta;Rivadavia y Hortiguera;-34.6228744;-58.4467989;1;1
287;Vuelta;Rosario y Centenera;-34.6206495;-58.4405279;1;1
287;Vuelta;Rosario y José M Moreno;-34.6195149;-58.4364295;1;1
287;Vuelta;Rosario y Doblas;-34.6187600;-58.4319717;1;1
287;Vuelta;Rosario y Av La Plata;-34.6184245;-58.4292412;1;1
287;Vuelta;Av La Plata y Alberdi;-34.6215544;-58.4279805;1;1
287;Vuelta;Av La Plata y Pedro Goyena;-34.6247328;-58.4272939;1;1
287;Vuelta;Av La Plata y Directorio;-34.6266045;-58.4268701;1;1
287;Vuelta;Av La Plata y Asamblea;-34.6309524;-58.4259206;1;1
287;Vuelta;Av La Plata y Santander;-34.6333359;-58.4252930;1;1
287;Vuelta;Av La Plata Zaraza;-34.6365447;-58.4245098;1;1
287;Vuelta;Av La Plata y Cobo;-34.6398373;-58.4235871;1;1
287;Vuelta;Av La Plata F de la Cruz;-34.6420352;-58.4230828;1;1
287;Vuelta;Av La Plata F Rivera;-34.6447141;-58.4212911;1;1
287;Vuelta;Av La Plata Tabare;-34.6469295;-58.4194511;1;1
287;Vuelta;Av La Plata Saenz;-34.6480858;-58.4170103;1;1
287;Vuelta;Saenz y Esquiú (metrobus);-34.6513602;-58.4164739;1;1
287;Vuelta;R de Escalada y Palacios;-34.6625727;-58.4174234;1;1
287;Vuelta;Peron y Crotti;-34.6663628;-58.4158409;1;1
287;Vuelta;Peron y L Valentinas;-34.6674834;-58.4142959;1;1
287;Vuelta;Peron y Valparaiso;-34.6687365;-58.4126329;1;1
287;Vuelta;Peron y Armenia;-34.6700689;-58.4108520;1;1
287;Vuelta;Peron y Paso de Burgos;-34.6712513;-58.4092373;1;1
287;Vuelta;Peron y Itapiru;-34.6719836;-58.4081858;1;1
287;Vuelta;Peron y Rucci;-34.6731748;-58.4066731;1;1
287;Vuelta;Peron y Balbin;-34.6743218;-58.4051496;1;1
287;Vuelta;Peron y Oliden;-34.6760159;-58.4027839;1;1
287;Vuelta;Peron y Rivadavia;-34.6771497;-58.4012282;1;1
287;Vuelta;Peron y Humberto Primo;-34.6788525;-58.3996618;1;1
287;Vuelta;Peron y La Rioja;-34.6804274;-58.3983260;1;1
287;Vuelta;Peron y Fernandez;-34.6818567;-58.3971083;1;1
287;Vuelta;Peron y Catamarca;-34.6829551;-58.3960944;1;1
287;Vuelta;Peron y San Martín;-34.6839785;-58.3952790;1;1
287;Vuelta;Peron y Santiago del Estero;-34.6852180;-58.3936161;1;1
287;Vuelta;Peron y Noya;-34.6866075;-58.3917117;1;1
287;Vuelta;Peron y Bolivia;-34.6880896;-58.3897215;1;1
287;Vuelta;H Yrigoyen y Bourchard;-34.6884910;-58.3879137;1;1
287;Vuelta;H Yrigoyen y Bueras;-34.6869383;-58.3872324;1;1
287;Vuelta;H Yrigoyen y Brasil;-34.6847813;-58.3863419;1;1
287;Vuelta;Puente Gerli;-34.6867398;-58.3832949;1;1
287;Vuelta;Bustamante y Lacarra;-34.6895673;-58.3796310;1;1
287;Vuelta;Bustamante y Donovan;-34.6914683;-58.3772439;1;1
287;Vuelta;Bustamante y Mamberti;-34.6924034;-58.3762246;1;1
287;Vuelta;Bustamante y Sarmiento;-34.6944632;-58.3738375;1;1
287;Vuelta;Bustamante y Basavilbaso;-34.6963200;-58.3715791;1;1
287;Vuelta;Bustamante y Salta;-34.6974403;-58.3702862;1;1
287;Vuelta;Bustamante y Ferré;-34.6994470;-58.3674109;1;1
287;Vuelta;C Belgrano y Madariaga;-34.7002541;-58.3643800;1;1
287;Vuelta;Madariaga y Venezuela;-34.6993721;-58.3626312;1;1
287;Vuelta;Madariaga y Cangallo;-34.6979166;-58.3611667;1;1
287;Vuelta;Madariaga y Pitagoras;-34.6963024;-58.3596003;1;1
287;Vuelta;Madariaga y Casacuberta;-34.6953056;-58.3586830;1;1
287;Vuelta;Madariaga y Heredia;-34.6932988;-58.3567250;1;1
287;Vuelta;Madariaga y C Larralde;-34.6908640;-58.3539945;1;1
287;Vuelta;Larralde y R Sarrat;-34.6923902;-58.3517790;1;1
287;Vuelta;Larralde y Deheza;-34.6940618;-58.3497781;1;1
287;Vuelta;Larralde y Suipacha;-34.6953321;-58.3482814;1;1
287;Vuelta;Larralde y el Salvador;-34.6969243;-58.3463770;1;1
287;Vuelta;Larralde y Puerto de Palos;-34.6987987;-58.3441401;1;1
287;Vuelta;Larralde y Pierres;-34.7007348;-58.3417958;1;1
287;Vuelta;Larralde y Centenario Uru;-34.7021417;-58.3401489;1;1
287;Vuelta;Larralde y Chascomus;-34.7035927;-58.3381158;1;1
287;Vuelta;Larralde y B. de Los Italianos;-34.7049951;-58.3362222;1;1
287;Vuelta;Larralde y Mendez;-34.7063490;-58.3346450;1;1
287;Vuelta;Larralde y Cotagaita;-34.7070942;-58.3336794;1;1
287;Vuelta;Larralde y Condarco;-34.7086730;-58.3317375;1;1
287;Vuelta;Larralde y Paisandú;-34.7102252;-58.3298117;1;1
287;Vuelta;Larralde y Ascasubi;-34.7116805;-58.3280200;1;1
287;Vuelta;Onsari y Mansilla;-34.7107897;-58.3252949;1;1
287;Vuelta;Onsari y Villegas;-34.7093300;-58.3236265;1;1
287;Vuelta;Onsari y Solier;-34.7080512;-58.3220494;1;1
287;Vuelta;Onsari y Belgrano;-34.7062696;-58.3199948;1;1
287;Vuelta;Onsari y Mitre;-34.7046070;-58.3181441;1;1
287;Vuelta;Mitre y Echeverria;-34.7050789;-58.3164597;1;1
287;Vuelta;Mitre y Victor Hugo;-34.7063578;-58.3151293;1;1
287;Vuelta;Mitre y Lynch;-34.7077425;-58.3137560;1;1
287;Vuelta;Mitre y Neuquén;-34.7092507;-58.3122861;1;1
287;Vuelta;Av Los Quilmes y Pilcomayo;-34.7109352;-58.3104408;1;1
287;Vuelta;D Rocha y Pampa;-34.7109705;-58.3084774;1;1
287;Vuelta;D Rocha y Chaco;-34.7124081;-58.3051568;1;1
287;Vuelta;D Rocha y Montevideo;-34.7136207;-58.3022547;1;1
287;Vuelta;D Rocha y Cerrito;-34.7153581;-58.2987463;1;1
287;Vuelta;D Rocha y Alem;-34.7165971;-58.2962197;1;1
287;Vuelta;D Rocha y Avellaneda;-34.7178318;-58.2937628;1;1
287;Vuelta;D Rocha y Zapiola;-34.7194279;-58.2906032;1;1
287;Vuelta;D Rocha y Liniers;-34.7218177;-58.2885218;1;1
287;Vuelta;Lamadir y Dardo Rocha;-34.7229641;-58.2874382;1;1
287;Vuelta;Lamadird y Condarco;-34.7220117;-58.2854640;1;1
287;Vuelta;Lamadrid y M Rodriguez;-34.7210241;-58.2836080;1;1
287;Vuelta;Lamadrid y Blas Parera;-34.7199747;-58.2816339;1;1
287;Vuelta;Lamadir y Urquiza;-34.7189341;-58.2797134;1;1
287;Vuelta;Lamadrid y Larrea;-34.7178141;-58.2774067;1;1
287;Vuelta;Lamadrid y A Baranda;-34.7169763;-58.2758510;1;1
287;Vuelta;A Baranda y La Rioja;-34.7182462;-58.2744348;1;1
287;Vuelta;A Baranda y Rep del Libano;-34.7202040;-58.2731634;1;1
287;Vuelta;A Baranda y San Luis;-34.7218486;-58.2718921;1;1
287;Vuelta;R Lopez y A Baranda;-34.7235505;-58.2702345;1;1
287;Vuelta;R Lopez y B de Irigoyen;-34.7227613;-58.2686895;1;1
287;Vuelta;R Lopez y V Lopez;-34.7218089;-58.2668012;1;1
287;Vuelta;I Olivieri y Gran Canaria;-34.7201378;-58.2656801;1;1
287;Vuelta;Yrigoyen y Colon;-34.7205920;-58.2623059;1;1
287;Vuelta;Yrigoyen y Videla;-34.7222631;-58.2611471;1;1
287;Vuelta;Alem y Gaboto;-34.7244500;-58.2598543;1;1
287;Vuelta;Garibaldi y San Martin;-34.7246836;-58.2581592;1;1
287;Vuelta;Garibaldi y Moreno;-34.7241854;-58.2572097;1;1
287;Vuelta;Garibaldi y Brown;-34.7232948;-58.2554072;1;1
287;Vuelta;Garibaldi y Alvear;-34.7227789;-58.2544255;1;1
287;Vuelta;Garibaldi y Sarmiento;-34.7218133;-58.2525212;1;1
287;Vuelta;Garibaldi y Paz;-34.7212710;-58.2515609;1;1
287;Vuelta;Garibaldi y Pringles;-34.7208565;-58.2506061;1;1
287;Vuelta;Garibaldi y Belgrano;-34.7203715;-58.2497263;1;1
287;Vuelta;Garibaldi y Allison Bell;-34.7193750;-58.2478327;1;1
288;Ida;Roca y Mansoni;-34.6240177;-58.5326779;1;1
288;Ida;Roca y Barragán;-34.6251670;-58.5340070;1;1
288;Ida;Roca y San Ignacio;-34.6267650;-58.5358100;1;1
288;Ida;Bergamini y Croacia;-34.6285500;-58.5348670;1;1
288;Ida;Av Saenz y Esquiú (metrobus);-34.6514838;-58.4162700;1;1
288;Ida;Av La Plata y Saenz;-34.6480450;-58.4170370;1;1
288;Ida;Av La Plata y Chiclana;-34.6431350;-58.4225570;1;1
288;Ida;Av La Plata y Caceros;-34.6404287;-58.4233725;1;1
288;Ida;Av La Plata y Rondeau;-34.6387350;-58.4238520;1;1
288;Ida;Av La Plata y Inclan;-34.6341350;-58.4250600;1;1
288;Ida;Av La Plata y Pavón;-34.6317620;-58.4256750;1;1
288;Ida;Av La Plata y San juan;-34.6273200;-58.4266780;1;1
288;Ida;Av La Plata e Independencia;-34.6223888;-58.4276694;1;1
288;Ida;Av La Plata y Venezuela;-34.6186232;-58.4283936;1;1
288;Ida;Av La Plata y Rivadavia;-34.6159037;-58.4290159;1;1
288;Ida;Rivadavia y Campichuelo;-34.6172180;-58.4340480;1;1
288;Ida;Rivadavia y Acoyte;-34.6186020;-58.4371670;1;1
288;Ida;Rivadavia y Colpayo;-34.6200800;-58.4406298;1;1
288;Ida;Rivadavia y Paynsandu;-34.6224771;-58.4463805;1;1
288;Ida;Rivadavia y Miró;-34.6238764;-58.4498459;1;1
288;Ida;Rivadavia y Curapaligue;-34.6254500;-58.4535320;1;1
288;Ida;Rivadavia y F.L.Beltrán;-34.6269488;-58.4575707;1;1
288;Ida;Rivadavia y Gabilán (Metrobus);-34.6277420;-58.4593820;1;1
288;Ida;Rivadavia y Pedernera;-34.6294825;-58.4651023;1;1
288;Ida;Rivadavia y Argeritch;-34.6309391;-58.4708422;1;1
288;Ida;Rivadavia y Cuenca;-34.6317999;-58.4740287;1;1
288;Ida;Rivadavia y San Nicolás;-34.6327709;-58.4776819;1;1
288;Ida;Rivadavia y Segurola;-34.6338303;-58.4822041;1;1
288;Ida;Mercedez y Bacacay;-34.6320100;-58.4839100;1;1
288;Ida;Mercedez y Avellaneda;-34.6300470;-58.4848320;1;1
288;Ida;Mercedez y Morón;-34.6277120;-58.4859020;1;1
288;Ida;Av Gaona y Gualeguaychu;-34.6266320;-58.4876530;1;1
288;Ida;Sanabria y Juan B. Justo;-34.6268720;-58.4893000;1;1
288;Ida;Sanabria y R.deE.San Martin;-34.6249920;-58.4916500;1;1
288;Ida;Sanabria y M Cervantes;-34.6232250;-58.4938600;1;1
288;Ida;Sanabria y San Blas;-34.6216251;-58.4958780;1;1
288;Ida;Sanabria y Miranda;-34.6192589;-58.4988284;1;1
288;Ida;Sanabria y A.Jonte;-34.6171380;-58.5013630;1;1
288;Ida;Sanabria y Snato Tomé;-34.6144970;-58.5033830;1;1
288;Ida;Sanabria y Nogoyá;-34.6115080;-58.5060470;1;1
288;Ida;Sanabria y P.Lozano;-34.6091630;-58.5081070;1;1
288;Ida;Sanabria y Simbron;-34.6074003;-58.5095894;1;1
288;Ida;Sanabria y Beiró;-34.6058638;-58.5109091;1;1
288;Ida;Beiró y Marcos Paz;-34.6074975;-58.5145408;1;1
288;Ida;Beiró y Desaguadero;-34.6096079;-58.5178721;1;1
288;Ida;Beiró y Bermudez;-34.6110750;-58.5202920;1;1
288;Ida;Beiró y L.de Vega;-34.6138200;-58.5248970;1;1
288;Ida;Beiró y Moliere;-34.6158066;-58.5274637;1;1
288;Ida;Beiró y Gral Paz;-34.6174665;-58.5296202;1;1
288;Ida;Av Gral Paz y San Roque;-34.6191176;-58.5312724;1;1
288;Ida;Roca y R A Siria;-34.6228214;-58.5313421;1;1
288;Vuelta;Av La Plata F de la Cruz;-34.6420352;-58.4230828;1;1
288;Vuelta;Av La Plata F Rivera;-34.6447141;-58.4212911;1;1
288;Vuelta;Av La Plata Tabare;-34.6469295;-58.4194511;1;1
288;Vuelta;Av La Plata Saenz;-34.6480858;-58.4170103;1;1
288;Vuelta;Saenz y Esquiú (metrobus);-34.6513602;-58.4164739;1;1
288;Vuelta;Croacia y Bergamini;-34.6284584;-58.5343730;1;1
288;Vuelta;San ignacio y Croacia;-34.6279508;-58.5345072;1;1
288;Vuelta;San ignacio y G Roca;-34.6271386;-58.5355800;1;1
288;Vuelta;San ignacio y Pelegrini;-34.6265118;-58.5364598;1;1
288;Vuelta;Pelegrini y Necochea;-34.6252449;-58.5355693;1;1
288;Vuelta;Pelegrini y Dardo Rocha;-34.6240000;-58.5341477;1;1
288;Vuelta;Pelegrini y R A Siria;-34.6226360;-58.5326350;1;1
288;Vuelta;Rep A Siria y San Roque;-34.6216030;-58.5336220;1;1
288;Vuelta;San Roque y Los Andes;-34.6207775;-58.5329998;1;1
288;Vuelta;San Roque Y Gral Paz;-34.6192809;-58.5314494;1;1
288;Vuelta;Beiró y Irigoyen;-34.6179875;-58.5301888;1;1
288;Vuelta;Beiró y Lopez de Vega;-34.6138287;-58.5248297;1;1
288;Vuelta;Beiró y Bermudez;-34.6110031;-58.5202163;1;1
288;Vuelta;Beiró y Marcos Paz;-34.6075814;-58.5145140;1;1
288;Vuelta;Segurola y Navarro;-34.6062435;-58.5132855;1;1
288;Vuelta;Cantilo y Sanabria;-34.6046054;-58.5136288;1;1
288;Vuelta;Cantilo y Gualeguaychu;-34.6036296;-58.5120088;1;1
288;Vuelta;Gualeguaychu y Beiró;-34.6048262;-58.5106087;1;1
288;Vuelta;Segurola y Varela;-34.6072679;-58.5120517;1;1
288;Vuelta;Segurola y Pedro Lozano;-34.6098993;-58.5098523;1;1
288;Vuelta;Segurola y Nogoya;-34.6121775;-58.5080069;1;1
288;Vuelta;Segurola y Santo tomé;-34.6150163;-58.5053462;1;1
288;Vuelta;Segurola y Alvarez Jonte;-34.6177535;-58.5026479;1;1
288;Vuelta;Segurola y Miranda;-34.6195591;-58.5005558;1;1
288;Vuelta;Segurola y E Gonzalez;-34.6204287;-58.4993809;1;1
288;Vuelta;Segurola y Pablo Podestá;-34.6216118;-58.4979218;1;1
288;Vuelta;Segurola y Camarones;-34.6230200;-58.4961301;1;1
288;Vuelta;Segurola y M Cervantes;-34.6238544;-58.4950626;1;1
288;Vuelta;Segurola y R Escalada SM;-34.6255539;-58.4929329;1;1
288;Vuelta;Segurola y Juan B Justo;-34.6266751;-58.4915435;1;1
288;Vuelta;Segurola y Gaona;-34.6275226;-58.4904063;1;1
288;Vuelta;Segurola y Aranguren;-34.6291073;-58.4884483;1;1
288;Vuelta;Segurola y Bacacay;-34.6318882;-58.4850097;1;1
288;Vuelta;Rivadavia y Candelaria;-34.6335963;-58.4807235;1;1
288;Vuelta;Rivadavia y dolores;-34.6327224;-58.4772152;1;1
288;Vuelta;Rivadavia y José Marti;-34.6315792;-58.4726715;1;1
288;Vuelta;Rivadavia y Nazca (metrobus);-34.6305419;-58.4689111;1;1
288;Vuelta;Rivadavia y Bonorino;-34.6281848;-58.4604943;1;1
288;Vuelta;Rivadavia y Carabobo;-34.6263838;-58.4561062;1;1
288;Vuelta;Rivadavia y Curapaligue;-34.6254524;-58.4536171;1;1
288;Vuelta;Rivadavia y Puan;-34.6236910;-58.4491110;1;1
288;Vuelta;Rivadavia y Hortiguera;-34.6228744;-58.4467989;1;1
288;Vuelta;Rosario y Centenera;-34.6206495;-58.4405279;1;1
288;Vuelta;Rosario y José M Moreno;-34.6195149;-58.4364295;1;1
288;Vuelta;Rosario y Doblas;-34.6187600;-58.4319717;1;1
288;Vuelta;Rosario y Av La Plata;-34.6184245;-58.4292412;1;1
288;Vuelta;Av La Plata y Alberdi;-34.6215191;-58.4278947;1;1
288;Vuelta;Av La Plata y Pedro Goyena;-34.6247328;-58.4272939;1;1
288;Vuelta;Av La Plata y Directorio;-34.6266045;-58.4268701;1;1
288;Vuelta;Av La Plata y Asamblea;-34.6309524;-58.4259206;1;1
288;Vuelta;Av La Plata y Santander;-34.6333359;-58.4252930;1;1
288;Vuelta;Av La Plata Zaraza;-34.6365447;-58.4245098;1;1
288;Vuelta;Av La Plata y Cobo;-34.6398373;-58.4235871;1;1
9060;Ida;C Rivadavia y 130;-34.8839859;-57.9473555;1;1
9060;Ida;C Rivadavia y 128;-34.8848572;-57.9488254;1;1
9060;Ida;C Rivadavia y 126;-34.8856581;-57.9502630;1;1
9060;Ida;C Rivadavia y 124;-34.8865206;-57.9517436;1;1
9060;Ida;C Rivadavia y 122;-34.8874095;-57.9532939;1;1
9060;Ida;C Rivadavia y 121;-34.8882499;-57.9547209;1;1
9060;Ida;32 y 120;-34.8884655;-57.9575694;1;1
9060;Ida;32 y 118;-34.8903400;-57.9586583;1;1
9060;Ida;32 y 117;-34.8916557;-57.9600799;1;1
9060;Ida;32 y 3;-34.8963416;-57.9652297;1;1
9060;Ida;2 y 33;-34.8962448;-57.9632235;1;1
9060;Ida;2 y 35;-34.8975384;-57.9616463;1;1
9060;Ida;7 y 37;-34.8990871;-57.9595381;1;1
9060;Ida;2 y 38;-34.9007325;-57.9573441;1;1
9060;Ida;2 y D74;-34.9016828;-57.9560512;1;1
9060;Ida;2 y 41;-34.9033546;-57.9538250;1;1
9060;Ida;1 y 43;-34.9037902;-57.9508960;1;1
9060;Ida;3 y 43;-34.9058491;-57.9521191;1;1
9060;Ida;3 y 44;-34.9068169;-57.9514217;1;1
9060;Ida;4 y 44;-34.9077848;-57.9521030;1;1
9060;Ida;6 y 44;-34.9095312;-57.9540288;1;1
9060;Ida;Plaza Italia;-34.9108642;-57.9561800;1;1
9060;Ida;7 y 46;-34.9119771;-57.9536265;1;1
9060;Ida;7 y 48;-34.9134992;-57.9515773;1;1
9060;Ida;7 y 50;-34.9146121;-57.9501289;1;1
9060;Ida;51 y 8;-34.9159493;-57.9496729;1;1
9060;Ida;51 y 9;-34.9170710;-57.9508799;1;1
9060;Ida;51 y 11;-34.9187865;-57.9527950;1;1
9060;Ida;51 y 12;-34.9198070;-57.9539859;1;1
9060;Ida;13 y 50;-34.9202644;-57.9556972;1;1
9060;Ida;51 y 15;-34.9225164;-57.9569846;1;1
9060;Ida;51 y 16;-34.9236996;-57.9582667;1;1
9060;Ida;51 y 17;-34.9246057;-57.9592913;1;1
9060;Ida;51 y 19;-34.9261978;-57.9610509;1;1
9060;Ida;50 y 20;-34.9268048;-57.9628426;1;1
9060;Ida;51 y 23;-34.9299187;-57.9651064;1;1
9060;Ida;50 y 25;-34.9313744;-57.9678208;1;1
9060;Ida;51 y 27;-34.9336525;-57.9695642;1;1
9060;Ida;51 y 28;-34.9349807;-57.9705459;1;1
9060;Ida;51 y 30;-34.9365902;-57.9723322;1;1
9060;Ida;51 y 31;-34.9376984;-57.9735392;1;1
9060;Ida;131 y 50;-34.9374697;-57.9752451;1;1
9060;Ida;131 y 54;-34.9390749;-57.9730564;1;1
9060;Ida;131 y 56;-34.9401611;-57.9707122;1;1
9060;Ida;131 y 58;-34.9415462;-57.9688507;1;1
9060;Ida;131 y 60;-34.9435558;-57.9670697;1;1
9060;Ida;60 y 133;-34.9454159;-57.9685611;1;1
9060;Ida;60 y 135;-34.9471484;-57.9704386;1;1
9060;Ida;60 y 137;-34.9491358;-57.9726273;1;1
9060;Ida;137 y 62;-34.9508946;-57.9709429;1;1
9060;Ida;137 y 64;-34.9526270;-57.9685932;1;1
9060;Ida;137 y 66;-34.9541878;-57.9665440;1;1
9060;Ida;66 y 139;-34.9561883;-57.9678959;1;1
9060;Ida;66 y 141;-34.9579557;-57.9698485;1;1
9060;Ida;66 y 142;-34.9589845;-57.9709697;1;1
9060;Ida;66 y 143;-34.9600309;-57.9721123;1;1
9060;Ida;66 y 145;-34.9616707;-57.9739094;1;1
9060;Ida;66 y 147;-34.9635919;-57.9760283;1;1
9060;Ida;66 y 149;-34.9655306;-57.9781419;1;1
9060;Ida;66 y 151;-34.9673770;-57.9802018;1;1
9060;Ida;66 y 153;-34.9692057;-57.9822510;1;1
9060;Ida;66 y 155;-34.9711047;-57.9843163;1;1
9060;Ida;66 y 157;-34.9729729;-57.9864031;1;1
9060;Ida;66 y 159;-34.9747795;-57.9884094;1;1
9060;Ida;66 y 161;-34.9766257;-57.9904050;1;1
9060;Ida;66 y 163;-34.9785509;-57.9924917;1;1
9060;Ida;66 y 165;-34.9804365;-57.9945785;1;1
9060;Ida;66 y 167;-34.9823704;-57.9967296;1;1
9060;Ida;66 y 170;-34.9848801;-57.9994279;1;1
9060;Ida;66 y 173;-34.9878335;-58.0026948;1;1
9060;Ida;66 y 174;-34.9891871;-58.0041915;1;1
9060;Ida;66 y 177;-34.9913670;-58.0065894;1;1
9060;Ida;66 y 179;-34.9936654;-58.0090946;1;1
9060;Ida;66 y 183;-34.9970272;-58.0128121;1;1
9060;Ida;66 y 185;-34.9991101;-58.0150867;1;1
9060;Ida;66 y 189;-35.0028716;-58.0192709;1;1
9060;Ida;66 y R36;-35.0041766;-58.0206603;1;1
9060;Ida;R36 y 90;-35.0218080;-57.9994333;1;1
9060;Ida;R36 y Costa Azul;-35.0494887;-57.9800999;1;1
9060;Ida;R36 y Entrada Poblet;-35.0669874;-57.9670429;1;1
9060;Ida;R36 y Aerodromo Poblet;-35.0839205;-57.9497266;1;1
9060;Ida;R36 y 684 Poblet;-35.0976154;-57.9357576;1;1
9060;Ida;R36 y Camino Oliden;-35.1118697;-57.9128891;1;1
9060;Ida;Camino Oliden y Angus;-35.1173811;-57.9189885;1;1
9060;Ida;Camino Oliden y Vivero;-35.1262092;-57.9296315;1;1
9060;Ida;Camino Oliden y Estancia;-35.1585605;-57.9686201;1;1
9060;Ida;Camino Oliden y Entrada Oliden;-35.1818674;-57.9507726;1;1
9060;Ida;Escuela Oliden;-35.1844454;-57.9517329;1;1
9060;Ida;Estación Oliden;-35.1843972;-57.9481816;1;1
9060;Ida;Almacén Oliden;-35.1829460;-57.9493511;1;1
9060;Vuelta;C Rivadavia y 126;-34.8858429;-57.9505152;1;1
9060;Vuelta;C Rivadavia y 128;-34.8849672;-57.9490238;1;1
9060;Vuelta;C Rivadavia y 130;-34.8840828;-57.9475003;1;1
9060;Vuelta;31 y 60;-34.9435295;-57.9659915;1;1
9060;Vuelta;54 y 10;-34.9198861;-57.9505849;1;1
9060;Vuelta;54 y 7;-34.9175285;-57.9479885;1;1
9060;Vuelta;7 y 53;-34.9157778;-57.9484606;1;1
9060;Vuelta;7 y 48;-34.9138687;-57.9510140;1;1
9060;Vuelta;7 y 46;-34.9126018;-57.9527092;1;1
9060;Vuelta;Plaza Italia;-34.9112293;-57.9544687;1;1
9060;Vuelta;44 y 4;-34.9084315;-57.9526556;1;1
9060;Vuelta;44 y 2;-34.9063726;-57.9504561;1;1
9060;Vuelta;Estación La Plata;-34.9047801;-57.9495227;1;1
9060;Vuelta;1 y 42;-34.9031171;-57.9518509;1;1
9060;Vuelta;1 y 39;-34.9011637;-57.9545438;1;1
9060;Vuelta;1 y 37;-34.8994742;-57.9568505;1;1
9060;Vuelta;1 y 34;-34.8968872;-57.9602677;1;1
9060;Vuelta;1 y 32;-34.8952900;-57.9624349;1;1
9060;Vuelta;32 y 116;-34.8934201;-57.9606217;1;1
9060;Vuelta;32 y 118;-34.8924521;-57.9572046;1;1
9060;Vuelta;74 y 119;-34.8913784;-57.9563892;1;1
9060;Vuelta;74 y 120;-34.8897680;-57.9565179;1;1
9060;Vuelta;C Rivadavia y 121;-34.8886591;-57.9552144;1;1
9060;Vuelta;C Rivadavia y 122;-34.8876163;-57.9535300;1;1
9060;Vuelta;C Rivadavia y 124;-34.8867010;-57.9519635;1;1
9060;Vuelta;Escuela Oliden;-35.1844016;-57.9516900;1;1
9060;Vuelta;Estación Oliden;-35.1842701;-57.9482138;1;1
9060;Vuelta;Almacen Oliden;-35.1828934;-57.9493511;1;1
9060;Vuelta;Entrada Oliden;-35.1818762;-57.9507887;1;1
9060;Vuelta;Camino Oliden y Estancia;-35.1589772;-57.9686791;1;1
9060;Vuelta;Camino Oliden y 684;-35.1457970;-57.9533154;1;1
9060;Vuelta;Camino Oliden y Vivero;-35.1296314;-57.9338050;1;1
9060;Vuelta;Camino Oliden y Angus;-35.1175698;-57.9191977;1;1
9060;Vuelta;Camino Oliden y R36;-35.1126508;-57.9131842;1;1
9060;Vuelta;R36 y 684 Poblet;-35.0977734;-57.9356933;1;1
9060;Vuelta;R36 y Aerodromo Poblet;-35.0844385;-57.9490292;1;1
9060;Vuelta;R36 y Acceso Poblet;-35.0676065;-57.9663885;1;1
9060;Vuelta;R36 y Costa Azul;-35.0507974;-57.9792523;1;1
9060;Vuelta;R36 y 90;-35.0227482;-57.9979742;1;1
9060;Vuelta;R36 y 66;-35.0071338;-58.0189490;1;1
9060;Vuelta;66 y 189;-35.0038910;-58.0203867;1;1
9060;Vuelta;66 y 185;-35.0005075;-58.0166638;1;1
9060;Vuelta;66 y 183;-34.9983631;-58.0142605;1;1
9060;Vuelta;66 y 179;-34.9946893;-58.0102587;1;1
9060;Vuelta;66 y 177;-34.9920877;-58.0073404;1;1
9060;Vuelta;66 y 174;-34.9899782;-58.0050766;1;1
9060;Vuelta;66 y 173;-34.9882730;-58.0031133;1;1
9060;Vuelta;66 y 170;-34.9853987;-57.9999697;1;1
9060;Vuelta;66 y 167;-34.9828144;-57.9970837;1;1
9060;Vuelta;66 y 165;-34.9810211;-57.9951096;1;1
9060;Vuelta;66 y 163;-34.9790871;-57.9929531;1;1
9060;Vuelta;66 y 161;-34.9772059;-57.9908502;1;1
9060;Vuelta;66 y 159;-34.9753334;-57.9888332;1;1
9060;Vuelta;66 y 157;-34.9733466;-57.9866123;1;1
9060;Vuelta;66 y 155;-34.9715355;-57.9846811;1;1
9060;Vuelta;66 y 153;-34.9696013;-57.9825890;1;1
9060;Vuelta;66 y 151;-34.9678078;-57.9806793;1;1
9060;Vuelta;66 y 149;-34.9658208;-57.9784799;1;1
9060;Vuelta;66 y 147;-34.9639832;-57.9763663;1;1
9060;Vuelta;66 y 145;-34.9621983;-57.9744565;1;1
9060;Vuelta;66 y 143;-34.9604310;-57.9723966;1;1
9060;Vuelta;66 y 142;-34.9589625;-57.9709375;1;1
9060;Vuelta;66 y 141;-34.9580129;-57.9699397;1;1
9060;Vuelta;66 y 139;-34.9565181;-57.9681695;1;1
9060;Vuelta;137 y 66;-34.9543109;-57.9662168;1;1
9060;Vuelta;137 y 64;-34.9528336;-57.9681695;1;1
9060;Vuelta;137 y 62;-34.9512332;-57.9702830;1;1
9060;Vuelta;60 y 137;-34.9496942;-57.9723859;1;1
9060;Vuelta;60 y 135;-34.9477068;-57.9708624;1;1
9060;Vuelta;60 y 133;-34.9458424;-57.9688239;1;1
9060;Vuelta;131 y 60;-34.9440747;-57.9669034;1;1
9060;Vuelta;31 y 58;-34.9417705;-57.9684269;1;1
9060;Vuelta;31 y 56;-34.9406272;-57.9698324;1;1
9060;Vuelta;31 y 54;-34.9392024;-57.9718494;1;1
9060;Vuelta;31 y 51;-34.9379711;-57.9734802;1;1
9060;Vuelta;51 y 30;-34.9368717;-57.9726219;1;1
9060;Vuelta;51 y 28;-34.9353149;-57.9709268;1;1
9060;Vuelta;51 y 27;-34.9342154;-57.9696715;1;1
9060;Vuelta;54 y 25;-34.9338460;-57.9658413;1;1
9060;Vuelta;51 y 23;-34.9306443;-57.9650795;1;1
9060;Vuelta;51 y 21;-34.9287092;-57.9635561;1;1
9060;Vuelta;51 y 19;-34.9267652;-57.9610455;1;1
9060;Vuelta;51 y 17;-34.9250323;-57.9595435;1;1
9060;Vuelta;51 y 16;-34.9239151;-57.9583418;1;1
9060;Vuelta;51 y 15;-34.9230091;-57.9573226;1;1
9060;Vuelta;54 y 13;-34.9224549;-57.9534388;1;1
9432;Ida;Cervantes y Echeverría;-34.7179376;-58.2119823;1;1
9432;Ida;Cervantes y Franklin;-34.7139426;-58.2181513;1;2
9432;Ida;Cervantes y 25 bis;-34.7126418;-58.2200986;1;3
9432;Ida;Cervantes y 23 bis;-34.7115261;-58.2217669;1;4
9432;Ida;Cervantes y Iriarte (Pejerrey);-34.7102737;-58.2235157;1;5
9432;Ida;Cervantes y Alamos;-34.7092419;-58.2250339;1;6
9432;Ida;Cervantes y Olavarría;-34.7080380;-58.2270402;1;7
9432;Ida;Otamendi y Cervantes;-34.7071383;-58.2308811;2;8
9432;Ida;Otamendi y Yoldi;-34.7085070;-58.2334830;2;9
9432;Ida;Otamendi y Juan B Justo;-34.7092270;-58.2347350;2;10
9432;Ida;Otamendi y Panizza;-34.7102120;-58.2364601;2;11
9432;Ida;Otamendi y Brussa;-34.7113189;-58.2383162;2;12
9432;Ida;Otamendi y Toledo;-34.7129019;-58.2410896;2;13
9432;Ida;Otamendi y Lora;-34.7139514;-58.2427847;2;14
9432;Ida;Otamendi y Mozart;-34.7149788;-58.2445496;2;15
9432;Ida;Otamendi y Monrroe;-34.7160283;-58.2463306;2;16
9432;Ida;Ceballos y Otamendi;-34.7173026;-58.2474250;2;17
9432;Ida;Alem y Belgrano;-34.7194550;-58.2500350;2;18
9432;Ida;Alem y Paz;-34.7204250;-58.2519620;2;19
9432;Ida;Alem y Mitre;-34.7213680;-58.2538650;3;20
9432;Ida;Alem y Brown;-34.7223170;-58.2557270;3;21
9432;Ida;Alem y Moreno;-34.7233200;-58.2576070;3;22
9432;Ida;Alem y H Yrigoyen;-34.7240928;-58.2592857;3;23
9432;Ida;Yrigoyen y Alsina;-34.7232904;-58.2602835;3;24
9432;Ida;Yrigoyen y 9 de Julio;-34.7217340;-58.2614529;3;25
9432;Ida;Yrigoyen y Colon;-34.7207820;-58.2622130;3;26
9432;Ida;Yrigoyen y Alberdi;-34.7190223;-58.2634753;3;27
9432;Ida;Gran Canaria y P Oliveri;-34.7197057;-58.2657820;3;28
9432;Ida;Gran Canaria y R Lopez;-34.7206890;-58.2650256;3;29
9432;Ida;R Lopez y V Lopez;-34.7216750;-58.2665870;3;30
9432;Ida;R Lopez y B Irigoyen;-34.7226570;-58.2685150;3;31
9432;Ida;R Lopez y A Baranda;-34.7235850;-58.2703480;3;32
9432;Ida;A Baranda y San Luis;-34.7221308;-58.2716131;3;33
9432;Ida;A Baranda y Rep Libano;-34.7204156;-58.2728630;3;34
9432;Ida;A Baranda y La Rioja;-34.7187130;-58.2740420;3;35
9432;Ida;A Baranda y Lamadrid;-34.7169950;-58.2751920;3;36
9432;Ida;Belgrano y Boedo;-34.7151100;-58.2766050;3;37
9432;Ida;Belgrano y Zapiola;-34.7136600;-58.2777200;4;38
9432;Ida;Zapiola y San Martin;-34.7122493;-58.2755613;4;39
9432;Ida;San Martin y Don Bosco;-34.7108294;-58.2773960;4;40
9432;Ida;San Martín y 9 de Julio;-34.7097887;-58.2798529;4;41
9432;Ida;San Martín y LN Alem;-34.7075529;-58.2854962;4;42
9432;Ida;San Martín y Cerrito;-34.7066312;-58.2875562;4;43
9432;Ida;San Martín y Montevideo;-34.7050524;-58.2908070;4;44
9432;Ida;San Martín y Formosa;-34.7038749;-58.2948947;4;45
9432;Ida;San Martin y Chaco;-34.7035309;-58.2961446;4;46
9432;Ida;San Martin y Los Andes;-34.7029047;-58.2982314;4;47
9432;Ida;San Martin y Bermejo;-34.7019741;-58.3009833;5;48
9432;Ida;Ramón Franco y Caviglia;-34.7001042;-58.3061492;5;49
9432;Ida;Ramón Franco y Las Flores;-34.6978240;-58.3111542;5;50
9432;Ida;Martín Fierro y Sodera;-34.6984050;-58.3132750;5;51
9432;Ida;M Fierro y Zola;-34.6993250;-58.3143550;5;52
9432;Ida;M Fierro y Bragado;-34.7001615;-58.3153975;5;53
9432;Ida;M Fierro y Zeballos;-34.7010744;-58.3164275;5;54
9432;Ida;M Fierro y Mitre;-34.7027459;-58.3184981;5;55
9432;Ida;Mitre y Bahia Blanca;-34.7022167;-58.3195174;5;56
9432;Ida;Mitre y Lomas de Zamora;-34.7006511;-58.3214968;5;57
9432;Ida;Mitre y Lobos;-34.6990369;-58.3235192;5;58
9432;Ida;D Alighieri y Mitre;-34.6969750;-58.3259520;5;59
9432;Ida;B. de los Italianos y Mitre;-34.6980570;-58.3273080;6;60
9432;Ida;B. de los Italianos y Belgrano;-34.6989170;-58.3283680;6;61
9432;Ida;B. de los Italianos y Solier;-34.7006370;-58.3304680;6;62
9432;Ida;B. de los italianos y Villegas;-34.7024650;-58.3327020;6;63
9432;Ida;B. de los Italianos y Mansilla;-34.7035001;-58.3340657;6;64
9432;Ida;Arredondo y B. de los Italianos;-34.7039852;-58.3353102;6;65
9432;Ida;Arredondo y Chascomus;-34.7024813;-58.3372575;6;66
9432;Ida;Arredondo y Centerario U;-34.7010877;-58.3390117;6;67
9432;Ida;Arredondo y Pierres;-34.6998748;-58.3405674;6;68
9432;Ida;Arredondo y P Palos;-34.6983577;-58.3424449;6;69
9432;Ida;Arredondo y Pedernera;-34.6968405;-58.3442044;6;70
9432;Ida;Arredondo y El Salvador;-34.6956673;-58.3456528;6;71
9432;Ida;Arredondo y Suipacha;-34.6944808;-58.3470154;6;72
9432;Ida;Arredondo y Deheza;-34.6932282;-58.3485550;7;73
9432;Ida;Arredondo y Molina;-34.6917480;-58.3504170;7;74
9432;Ida;Arredondo y Sarrat;-34.6906038;-58.3517522;7;75
9432;Ida;Madariaga y C. Larralde;-34.6905200;-58.3535814;7;76
9432;Ida;Larralde y Ferre;-34.6895937;-58.3549118;7;77
9432;Ida;Larralde y  Supisiche;-34.6881028;-58.3566284;7;78
9432;Ida;Larralde y Salta;-34.6869163;-58.3580661;7;79
9432;Ida;Larralde y O Higgins;-34.6854121;-58.3599061;7;80
9432;Ida;Larralde y Sarmiento;-34.6838329;-58.3618534;7;81
9432;Ida;Larralde y Tres Sargentos;-34.6825350;-58.3635020;7;82
9432;Ida;Eva Peron y Elisalde;-34.6796330;-58.3641470;7;83
9432;Ida;Eva Peron y Guemes;-34.6767580;-58.3645480;7;84
9432;Ida;Pitágoras (Museo);-34.6740920;-58.3622500;7;85
9432;Ida;Guemes y Lanares;-34.6749836;-58.3642191;7;86
9432;Ida;Guemes y villegas (Alto Avell);-34.6768100;-58.3662683;7;87
9432;Ida;Larralde y Larrazabal;-34.6776300;-58.3694420;7;88
9432;Ida;C. Larralde y Velez Sarfield;-34.6768365;-58.3703184;8;89
9432;Ida;Puente Alsina;-34.6715557;-58.3778930;8;90
9432;Ida;Gutemberg y Heredia;-34.6739910;-58.3804250;8;91
9432;Ida;Heredia y Yrigoyen;-34.6740174;-58.3821255;8;92
9432;Ida;Yrigoyen y Galicia;-34.6765983;-58.3829087;8;93
9432;Ida;Yrigoyen y Mario Bravo;-34.6794084;-58.3842713;8;94
9432;Ida;Cabildo y Beguerenstain;-34.6814750;-58.3859370;8;95
9432;Ida;Cabildo y Santiago;-34.6800568;-58.3875275;8;96
9432;Ida;Cabildo y Santa Fe;-34.6790466;-58.3887023;8;97
9432;Ida;Cabildo y Catamarca;-34.6783050;-58.3896270;8;98
9432;Ida;Cabildo y Peru;-34.6770747;-58.3909929;8;99
9432;Ida;Cabildo y Mendoza;-34.6753350;-58.3930670;8;100
9432;Ida;Guatemala y Cabildo;-34.6734880;-58.3951970;9;101
9432;Ida;Rivadavia y Paraguay;-34.6736866;-58.3963412;9;102
9432;Ida;Rivadavia y Rep.Argentina;-34.6751204;-58.3979398;9;103
9432;Ida;Rivadavia y Colombia;-34.6758130;-58.3989161;9;104
9432;Ida;Rivadavia y Pte Perón;-34.6769865;-58.4006757;9;105
9432;Ida;Pte Perón y Oliden;-34.6762409;-58.4023869;9;106
9432;Ida;Pte Perón y Ucrania;-34.6757230;-58.4031220;9;107
9432;Ida;Pte Perón y P de la Patria;-34.6747277;-58.4044361;9;108
9432;Ida;Pte Perón y Juan Farrel;-34.6740307;-58.4053749;9;109
9432;Ida;Pte Perón y J Rucci;-34.6727204;-58.4071344;9;110
9432;Ida;Pte Perón y Burgos;-34.6714542;-58.4088832;9;111
9432;Ida;Pte Perón y Armenia;-34.6701880;-58.4105462;9;112
9432;Ida;Pte Perón y Valparaíso;-34.6689924;-58.4121609;9;113
9432;Ida;Pte Perón y Lomas Valentinas;-34.6677790;-58.4137541;9;114
9432;Ida;Pte Perón y Crotti;-34.6666099;-58.4153634;9;115
9432;Ida;Pte Perón y La Habana;-34.6656304;-58.4166992;9;116
9432;Ida;R de Escalada y A L Palacios;-34.6625594;-58.4171551;10;117
9432;Ida;Av Saenz y Esquiú  (metrobus);-34.6514838;-58.4162700;10;118
9432;Ida;Av La Plata y Saenz;-34.6480450;-58.4170370;10;119
9432;Ida;Av La Plata y Chiclana;-34.6431350;-58.4225570;10;120
9432;Ida;Av La Plata y Caceros;-34.6404287;-58.4233725;11;121
9432;Ida;Av La Plata y Rondeau;-34.6387350;-58.4238520;11;122
9432;Ida;Av La Plata y Inclan;-34.6341350;-58.4250600;11;123
9432;Ida;Av La Plata y Pavón;-34.6317620;-58.4256750;11;124
9432;Ida;Av La Plata y San juan;-34.6273200;-58.4266780;11;125
9432;Ida;Av La Plata e Independencia;-34.6223888;-58.4276694;11;126
9432;Ida;Av La Plata y Venezuela;-34.6186232;-58.4283936;11;127
9432;Ida;Av La Plata y Rivadavia;-34.6159037;-58.4290159;11;128
9432;Ida;Rivadavia y Campichuelo;-34.6172180;-58.4340480;11;129
9432;Ida;Rivadavia y Acoyte;-34.6186020;-58.4371670;12;130
9432;Ida;Rivadavia y Colpayo;-34.6200800;-58.4406298;12;131
9432;Ida;Rivadavia y Paynsandu;-34.6224771;-58.4463805;12;132
9432;Ida;Rivadavia y Miró;-34.6238764;-58.4498459;12;133
9432;Ida;Rivadavia y Curapaligue;-34.6254500;-58.4535320;12;134
9432;Ida;Rivadavia y F.L.Beltrán;-34.6269488;-58.4575707;12;135
9432;Ida;Rivadavia y Gabilán (Metrobus);-34.6277420;-58.4593820;13;136
9432;Ida;Rivadavia y Pedernera;-34.6294825;-58.4651023;13;137
9432;Ida;Rivadavia y Argeritch;-34.6309391;-58.4708422;13;138
9432;Ida;Rivadavia y Cuenca;-34.6317999;-58.4740287;13;139
9432;Ida;Rivadavia y San Nicolás;-34.6327709;-58.4776819;13;140
9432;Ida;Rivadavia y Segurola;-34.6338303;-58.4822041;13;141
9432;Ida;Mercedez y Bacacay;-34.6320100;-58.4839100;13;142
9432;Ida;Mercedez y Avellaneda;-34.6300470;-58.4848320;13;143
9432;Ida;Mercedez y Morón;-34.6277120;-58.4859020;13;144
9432;Ida;Av Gaona y Gualeguaychu;-34.6266320;-58.4876530;13;145
9432;Ida;Sanabria y Juan B. Justo;-34.6268720;-58.4893000;14;146
9432;Ida;Sanabria y R.deE.San Martin;-34.6249920;-58.4916500;14;147
9432;Ida;Sanabria y M Cervantes;-34.6232250;-58.4938600;14;148
9432;Ida;Sanabria y San Blas;-34.6216251;-58.4958780;14;149
9432;Ida;Sanabria y Miranda;-34.6192589;-58.4988284;14;150
9432;Ida;Sanabria y A.Jonte;-34.6171380;-58.5013630;14;151
9432;Ida;Sanabria y Snato Tomé;-34.6144970;-58.5033830;14;152
9432;Ida;Sanabria y Nogoyá;-34.6115080;-58.5060470;14;153
9432;Ida;Sanabria y P.Lozano;-34.6091630;-58.5081070;14;154
9432;Ida;Sanabria y Simbron;-34.6074003;-58.5095894;14;155
9432;Ida;Sanabria y Beiró;-34.6058638;-58.5109091;15;156
9432;Ida;Beiró y Marcos Paz;-34.6075151;-58.5145569;15;157
9432;Ida;Beiró y Desaguadero;-34.6096079;-58.5178721;15;158
9432;Ida;Beiró y Bermudez;-34.6110750;-58.5202920;15;159
9432;Ida;Beiró y L.de Vega;-34.6138200;-58.5248970;15;160
9432;Ida;Beiró y Moliere;-34.6158066;-58.5274637;15;161
9432;Ida;Beiró y Gral Paz;-34.6174665;-58.5296202;15;162
9432;Ida;Av Gral Paz y San Roque;-34.6191176;-58.5312724;15;163
9432;Ida;Roca y R A Siria;-34.6228214;-58.5313421;15;164
9432;Ida;Roca y Mansoni;-34.6240177;-58.5326779;15;165
9432;Ida;Roca y Barragán;-34.6251670;-58.5340070;15;166
9432;Ida;Roca y San ignacio;-34.6267650;-58.5358100;15;167
9432;Ida;Bergamini y Croacia;-34.6285500;-58.5348670;15;168
9432;Vuelta;Croacia y Bergamini;-34.6284584;-58.5343730;15;1
9432;Vuelta;San ignacio y Croacia;-34.6279508;-58.5345072;15;2
9432;Vuelta;San ignacio y G Roca;-34.6271386;-58.5355800;15;3
9432;Vuelta;San ignacio y Pelegrini;-34.6265118;-58.5364598;15;4
9432;Vuelta;Pelegrini y Necochea;-34.6252449;-58.5355693;15;5
9432;Vuelta;Pelegrini y Dardo Rocha;-34.6240000;-58.5341477;15;6
9432;Vuelta;Pelegrini y R A Siria;-34.6226360;-58.5326350;15;7
9432;Vuelta;Rep A Siria y San Roque;-34.6216030;-58.5336220;15;8
9432;Vuelta;San Roque y Los Andes;-34.6207775;-58.5329998;15;9
9432;Vuelta;San Roque Y Gral Paz;-34.6192809;-58.5314494;15;10
9432;Vuelta;Beiró y Irigoyen;-34.6179875;-58.5301888;15;11
9432;Vuelta;Beiró y Lopez de Vega;-34.6138287;-58.5248297;15;12
9432;Vuelta;Beiró y Bermudez;-34.6110031;-58.5202163;15;13
9432;Vuelta;Beiró y Marcos Paz;-34.6075814;-58.5145140;15;14
9432;Vuelta;Segurola y Navarro;-34.6062435;-58.5132855;15;15
9432;Vuelta;Cantilo y Sanabria;-34.6046054;-58.5136288;14;16
9432;Vuelta;Cantilo y Gualeguaychu;-34.6036296;-58.5120088;14;17
9432;Vuelta;Gualeguaychu y Beiró;-34.6048262;-58.5106087;14;18
9432;Vuelta;Segurola y Varela;-34.6072679;-58.5120517;14;19
9432;Vuelta;Segurola y Pedro Lozano;-34.6098993;-58.5098523;14;20
9432;Vuelta;Segurola y Nogoya;-34.6121775;-58.5080069;14;21
9432;Vuelta;Segurola y Santo tomé;-34.6150163;-58.5053462;14;22
9432;Vuelta;Segurola y Alvarez Jonte;-34.6177535;-58.5026479;14;23
9432;Vuelta;Segurola y Miranda;-34.6195591;-58.5005558;14;24
9432;Vuelta;Segurola y E Gonzalez;-34.6204287;-58.4993809;14;25
9432;Vuelta;Segurola y Pablo Podestá;-34.6216118;-58.4979218;14;26
9432;Vuelta;Segurola y Camarones;-34.6230200;-58.4961301;14;27
9432;Vuelta;Segurola y M Cervantes;-34.6238544;-58.4950626;14;28
9432;Vuelta;Segurola y R Escalada SM;-34.6255539;-58.4929329;14;29
9432;Vuelta;Segurola y Juan B Justo;-34.6266751;-58.4915435;13;30
9432;Vuelta;Segurola y Gaona;-34.6275226;-58.4904063;13;31
9432;Vuelta;Segurola y Aranguren;-34.6291073;-58.4884483;13;32
9432;Vuelta;Segurola y Bacacay;-34.6318882;-58.4850097;13;33
9432;Vuelta;Rivadavia y Candelaria;-34.6335963;-58.4807235;13;34
9432;Vuelta;Rivadavia y dolores;-34.6327224;-58.4772152;13;35
9432;Vuelta;Rivadavia y José Marti;-34.6315792;-58.4726715;13;36
9432;Vuelta;Rivadavia y Nazca (metrobus);-34.6305419;-58.4689111;12;37
9432;Vuelta;Rivadavia y Bonorino;-34.6281848;-58.4604943;12;38
9432;Vuelta;Rivadavia y Carabobo;-34.6263838;-58.4561062;12;39
9432;Vuelta;Rivadavia y Curapaligue;-34.6254524;-58.4536171;12;40
9432;Vuelta;Rivadavia y Puan;-34.6236910;-58.4491110;12;41
9432;Vuelta;Rivadavia y Hortiguera;-34.6228744;-58.4467989;12;42
9432;Vuelta;Rosario y Centenera;-34.6206495;-58.4405279;12;43
9432;Vuelta;Rosario y José M Moreno;-34.6195149;-58.4364295;11;44
9432;Vuelta;Rosario y Doblas;-34.6187600;-58.4319717;11;45
9432;Vuelta;Rosario y Av La Plata;-34.6184245;-58.4292412;11;46
9432;Vuelta;Av La Plata y Alberdi;-34.6214794;-58.4278679;11;47
9432;Vuelta;Av La Plata y Pedro Goyena;-34.6247328;-58.4272939;11;48
9432;Vuelta;Av La Plata y Directorio;-34.6266045;-58.4268701;11;49
9432;Vuelta;Av La Plata y Asamblea;-34.6309524;-58.4259206;11;50
9432;Vuelta;Av La Plata y Santander;-34.6333359;-58.4252930;11;51
9432;Vuelta;Av La Plata Zaraza;-34.6365447;-58.4245098;11;52
9432;Vuelta;Av La Plata y Cobo;-34.6398373;-58.4235871;10;53
9432;Vuelta;Av La Plata F de la Cruz;-34.6420352;-58.4230828;10;54
9432;Vuelta;Av La Plata F Rivera;-34.6447141;-58.4212911;10;55
9432;Vuelta;Av La Plata Tabare;-34.6469295;-58.4194511;10;56
9432;Vuelta;Av La Plata Saenz;-34.6480858;-58.4170103;10;57
9432;Vuelta;Saenz y Esquiú (metrobus);-34.6513602;-58.4164739;10;58
9432;Vuelta;R de Escalada y Palacios;-34.6625727;-58.4174234;9;59
9432;Vuelta;Peron y Crotti;-34.6663628;-58.4158409;9;60
9432;Vuelta;Peron y L Valentinas;-34.6674834;-58.4142959;9;61
9432;Vuelta;Peron y Valparaiso;-34.6687365;-58.4126329;9;62
9432;Vuelta;Peron y Armenia;-34.6700689;-58.4108520;9;63
9432;Vuelta;Peron y Paso de Burgos;-34.6712513;-58.4092373;9;64
9432;Vuelta;Peron y Itapiru;-34.6719836;-58.4081858;9;65
9432;Vuelta;Peron y Rucci;-34.6731748;-58.4066731;9;66
9432;Vuelta;Peron y Balbin;-34.6743218;-58.4051496;9;67
9432;Vuelta;Peron y Oliden;-34.6760159;-58.4027839;9;68
9432;Vuelta;Peron y Rivadavia;-34.6771497;-58.4012282;9;69
9432;Vuelta;Rivadavia Rep Argentina;-34.6755615;-58.3981276;9;70
9432;Vuelta;Rivadavia y Paraguay;-34.6740969;-58.3964646;9;71
9432;Vuelta;Rivadavia y Chile;-34.6725351;-58.3947694;8;72
9432;Vuelta;Chile y Cabildo;-34.6732630;-58.3938253;8;73
9432;Vuelta;Cabildo y Mendoza;-34.6753851;-58.3930260;8;74
9432;Vuelta;Cabildo y Peru;-34.6771100;-58.3910358;8;75
9432;Vuelta;Cabildo y Catamarca;-34.6779394;-58.3901024;8;76
9432;Vuelta;Cabildo y Santa Fe;-34.6789143;-58.3890188;8;77
9432;Vuelta;Cabildo y Sgo del Estero;-34.6801495;-58.3876187;8;78
9432;Vuelta;Cabildo y Beguerestein;-34.6815038;-58.3860040;8;79
9432;Vuelta;Yrigoyen y Chile;-34.6809215;-58.3846521;8;80
9432;Vuelta;Yrigoyen y Mario Brabo;-34.6794260;-58.3840513;8;81
9432;Vuelta;Yrigoyen y Galicia;-34.6773306;-58.3830911;8;82
9432;Vuelta;Yrigoyen y Uruguay;-34.6749351;-58.3821362;8;83
9432;Vuelta;Gutemberg y Heredia;-34.6743924;-58.3802640;8;84
9432;Vuelta;Larralde y Puente Alsina;-34.6717321;-58.3771205;8;85
9432;Vuelta;Larralde y Velez Sarfield;-34.6765277;-58.3708709;7;86
9432;Vuelta;Larralde y Larrazabal;-34.6777805;-58.3693206;7;87
9432;Vuelta;Guemes y Arredondo;-34.6781202;-58.3674002;7;88
9432;Vuelta;Guemes y Berizo;-34.6768321;-58.3659196;7;89
9432;Vuelta;Eva Peron y Guemes;-34.6758924;-58.3649057;7;90
9432;Vuelta;Eva Peron y Ocampo;-34.6793731;-58.3642459;7;91
9432;Vuelta;Larralde y Tres Sargentos;-34.6825757;-58.3635056;7;92
9432;Vuelta;Larralde y Sarmiento;-34.6838285;-58.3619070;7;93
9432;Vuelta;Larralde y O Higgins;-34.6853106;-58.3600938;7;94
9432;Vuelta;Larralde y Salta;-34.6867751;-58.3584094;7;95
9432;Vuelta;Larralde y Supisiche;-34.6879837;-58.3569503;7;96
9432;Vuelta;Larralde y Ferre;-34.6894570;-58.3552659;7;97
9432;Vuelta;Larralde y Madariaga;-34.6906303;-58.3538282;7;98
9432;Vuelta;Larralde y R Sarrat;-34.6923902;-58.3517790;7;99
9432;Vuelta;Larralde y Deheza;-34.6940618;-58.3497781;6;100
9432;Vuelta;Larralde y Suipacha;-34.6953321;-58.3482814;6;101
9432;Vuelta;Larralde y el Salvador;-34.6969243;-58.3463770;6;102
9432;Vuelta;Larralde y Puerto de Palos;-34.6987987;-58.3441401;6;103
9432;Vuelta;Larralde y Pierres;-34.7007348;-58.3417958;6;104
9432;Vuelta;Larralde y Centenario Uru;-34.7021417;-58.3401489;6;105
9432;Vuelta;Larralde y Chascomus;-34.7035927;-58.3381158;6;106
9432;Vuelta;Larralde y B. de Los Italianos;-34.7049951;-58.3362222;6;107
9432;Vuelta;B de Los Italianos y Mansilla;-34.7036147;-58.3340979;6;108
9432;Vuelta;B de Los Italianos y Villegas;-34.7026092;-58.3328426;6;109
9432;Vuelta;B de Los Italianos y Soilier;-34.7009510;-58.3307397;6;110
9432;Vuelta;B de Los Italianos y Belgrano;-34.6990545;-58.3284438;6;111
9432;Vuelta;B de Los Italianos y Mitre;-34.6975020;-58.3265179;5;112
9432;Vuelta;B Mitre y Mendez;-34.6983489;-58.3249784;5;113
9432;Vuelta;B Mitre y Corvalan;-34.6998043;-58.3231598;5;114
9432;Vuelta;B Mitre y Rondeau;-34.7013391;-58.3211964;5;115
9432;Vuelta;B Mitre y Rodo;-34.7029752;-58.3190560;5;116
9432;Vuelta;Onsari y Mitre;-34.7045629;-58.3180904;5;117
9432;Vuelta;Las Flores y M Moreno;-34.7031825;-58.3164972;5;118
9432;Vuelta;Las Flores y Zeballos;-34.7022828;-58.3154511;5;119
9432;Vuelta;Las Flores y Soreda;-34.6996852;-58.3123988;5;120
9432;Vuelta;Ramón Franco y R Español;-34.6992530;-58.3082682;4;121
9432;Vuelta;San Martín y Pilcomayo;-34.7021902;-58.3005917;4;122
9432;Vuelta;San Martín y Chaco;-34.7035530;-58.2967615;4;123
9432;Vuelta;San Martín y formosa;-34.7039940;-58.2950020;4;124
9432;Vuelta;San Martín y Montevideo;-34.7047834;-58.2917351;4;125
9432;Vuelta;San Martín y C Franco;-34.7057360;-58.2896322;4;126
9432;Vuelta;San Martín y Zeballos;-34.7069884;-58.2869983;4;127
9432;Vuelta;San Martín y 25 de Mayo;-34.7091007;-58.2820898;4;128
9432;Vuelta;San Martín y 9 de Julio;-34.7097049;-58.2805127;4;129
9432;Vuelta;San Martín y Don bosco;-34.7106706;-58.2781416;4;130
9432;Vuelta;San Martín y Zapiola;-34.7116760;-58.2759798;4;131
9432;Vuelta;Zapiola y Belgrano;-34.7132415;-58.2777178;3;132
9432;Vuelta;Berlgrano y Boedo;-34.7147540;-58.2769668;3;133
9432;Vuelta;Berlgrano y Lamadrid;-34.7164075;-58.2757545;3;134
9432;Vuelta;A Baranda y La Rioja;-34.7182462;-58.2744348;3;135
9432;Vuelta;A Baranda y Rep del Libano;-34.7202260;-58.2731634;3;136
9432;Vuelta;A Baranda y San Luis;-34.7218486;-58.2718921;3;137
9432;Vuelta;R Lopez y A Baranda;-34.7235505;-58.2702345;3;138
9432;Vuelta;R Lopez y B de Irigoyen;-34.7227613;-58.2686895;3;139
9432;Vuelta;R Lopez y V Lopez;-34.7218089;-58.2668012;3;140
9432;Vuelta;I Olivieri y Gran Canaria;-34.7201378;-58.2656801;3;141
9432;Vuelta;Yrigoyen y Colon;-34.7205920;-58.2623059;3;142
9432;Vuelta;Yrigoyen y Videla;-34.7222631;-58.2611471;3;143
9432;Vuelta;Alem y Gaboto;-34.7244500;-58.2598543;3;144
9432;Vuelta;Garibaldi y San Martin;-34.7246836;-58.2581592;3;145
9432;Vuelta;Garibaldi y Moreno;-34.7241854;-58.2572097;3;146
9432;Vuelta;Garibaldi y Brown;-34.7232948;-58.2554072;3;147
9432;Vuelta;Garibaldi y Alvear;-34.7227789;-58.2544255;3;148
9432;Vuelta;Garibaldi y Sarmiento;-34.7218133;-58.2525212;2;149
9432;Vuelta;Garibaldi y Paz;-34.7212710;-58.2515609;2;150
9432;Vuelta;Garibaldi y Pringles;-34.7208565;-58.2506061;2;151
9432;Vuelta;Garibaldi y Belgrano;-34.7203715;-58.2497263;2;152
9432;Vuelta;Garibaldi y Allison Bell;-34.7193750;-58.2478327;2;153
9432;Vuelta;Garibaldi y Cevallos;-34.7183962;-58.2461751;2;154
9432;Vuelta;Cevallos y Otamendi;-34.7173335;-58.2470709;2;155
9432;Vuelta;Otamendi y Monrroe;-34.7163458;-58.2463950;2;156
9432;Vuelta;Otamendi y Mozart;-34.7152699;-58.2447052;2;157
9432;Vuelta;Otamendi y A Lora;-34.7142204;-58.2428920;2;158
9432;Vuelta;Otamendi y Toledo;-34.7131224;-58.2411003;2;159
9432;Vuelta;Otamendi y Tte Brussa;-34.7115702;-58.2385039;2;160
9432;Vuelta;Otamendi y Panizza;-34.7104634;-58.2366693;2;161
9432;Vuelta;Otamendi y J B Justo;-34.7094447;-58.2348132;2;162
9432;Vuelta;Otamendi y Yoldi;-34.7086465;-58.2334399;2;163
9432;Vuelta;Otamendi y Cervantes;-34.7072045;-58.2310367;1;164
9432;Vuelta;Cervantes y Olavarría;-34.7079277;-58.2279146;1;165
9432;Vuelta;Cervantes y Iriarte;-34.7101723;-58.2240576;1;166
9432;Vuelta;Cervantes y 25 bis;-34.7126374;-58.2201898;1;167
9432;Vuelta;Cervantes y Echeverría;-34.7176422;-58.2124436;1;168
9433;Ida;Cervantes y Echeverría;-34.7179332;-58.2120091;1;1
9433;Ida;Cervantes y 25 bis;-34.7128402;-58.2197982;1;2
9433;Ida;Cervantes y 23 bis;-34.7116275;-58.2216114;1;3
9433;Ida;Cervantes y Iriarte (Pejerrey);-34.7102782;-58.2234889;1;4
9433;Ida;Cervantes y Alamos;-34.7093080;-58.2249695;1;5
9433;Ida;Cervantes y Olavarría;-34.7080115;-58.2271153;1;6
9433;Ida;Otamendi y Cervantes;-34.7071957;-58.2308865;2;7
9433;Ida;Otamendi y Yoldi;-34.7085070;-58.2334830;2;8
9433;Ida;Otamendi y Juan B Justo;-34.7092270;-58.2347350;2;9
9433;Ida;Otamendi y Panizza;-34.7102120;-58.2364601;2;10
9433;Ida;Otamendi y Brussa;-34.7113189;-58.2383162;2;11
9433;Ida;Otamendi y Toledo;-34.7129019;-58.2410896;2;12
9433;Ida;Otamendi y Lora;-34.7139514;-58.2427847;2;13
9433;Ida;Otamendi y Mozart;-34.7149788;-58.2445496;2;14
9433;Ida;Otamendi y Monrroe;-34.7160283;-58.2463306;2;15
9433;Ida;Ceballos y Otamendi;-34.7173026;-58.2474250;2;16
9433;Ida;Alem y Belgrano;-34.7194550;-58.2500350;2;17
9433;Ida;Alem y Paz;-34.7204250;-58.2519620;2;18
9433;Ida;Alem y Mitre;-34.7213680;-58.2538650;3;19
9433;Ida;Alem y Brown;-34.7223170;-58.2557270;3;20
9433;Ida;Alem y Moreno;-34.7233200;-58.2576070;3;21
9433;Ida;Alem y H Yrigoyen;-34.7240928;-58.2592857;3;22
9433;Ida;Yrigoyen y Alsina;-34.7232904;-58.2602835;3;23
9433;Ida;Yrigoyen y 9 de Julio;-34.7217340;-58.2614529;3;24
9433;Ida;Yrigoyen y Colon;-34.7207820;-58.2622130;3;25
9433;Ida;Yrigoyen y Alberdi;-34.7190223;-58.2634753;3;26
9433;Ida;Gran Canaria y P Oliveri;-34.7197057;-58.2657820;3;27
9433;Ida;Gran Canaria y R Lopez;-34.7206890;-58.2650256;3;28
9433;Ida;R Lopez y V Lopez;-34.7216750;-58.2665870;3;29
9433;Ida;R Lopez y B Irigoyen;-34.7226570;-58.2685150;3;30
9433;Ida;R Lopez y A Baranda;-34.7235850;-58.2703480;3;31
9433;Ida;R Lopez y Larrea;-34.7244808;-58.2724124;3;32
9433;Ida;R Lopez y Urquiza;-34.7254199;-58.2744133;3;33
9433;Ida;R Lopez y Blas Parera;-34.7264649;-58.2763016;3;34
9433;Ida;R Lopez y M Rodriguez;-34.7274833;-58.2783186;3;35
9433;Ida;R Lopez y Condarco;-34.7285282;-58.2804000;3;36
9433;Ida;Rodolfo Lopez y Av La Plata;-34.7295863;-58.2824063;4;37
9433;Ida;R Lopez y Marconi;-34.7306709;-58.2846648;4;38
9433;Ida;R Lopez y J V Gonzales;-34.7316143;-58.2866389;4;39
9433;Ida;R Lopez y L de La Torre;-34.7325754;-58.2886827;4;40
9433;Ida;R Lopez y Acha;-34.7335585;-58.2907802;4;41
9433;Ida;Rodolfo Lopez y Unamundo;-34.7350442;-58.2937253;4;42
9433;Ida;Av Calchaquí y San Luis;-34.7334836;-58.2963538;4;43
9433;Ida;Av Calchaquí y Rep del Libano;-34.7324475;-58.2970405;4;44
9433;Ida;Av Calchaquí y Jujuy;-34.7300801;-58.2987410;4;45
9433;Ida;Av Los Quilmes y Zapiola;-34.7245514;-58.3022976;4;46
9433;Ida;Av Los Quilmes y Cerrito;-34.7203892;-58.3035421;4;47
9433;Ida;Av Los Quilmes y Montevideo;-34.7165883;-58.3046794;5;48
9433;Ida;Av Los Quilmes y Los Andes;-34.7130342;-58.3081609;5;49
9433;Ida;Av Mitre y Neuquen;-34.7088273;-58.3122647;5;50
9433;Ida;Av Mitre y Caviglia;-34.7078042;-58.3131981;5;51
9433;Ida;Av Mitre y R Español;-34.7059035;-58.3151990;5;52
9433;Ida;Mariano Moreno y Las Flores;-34.7032266;-58.3160681;5;53
9433;Ida;Martin Fierro y Mitre;-34.7028253;-58.3185410;5;54
9433;Ida;Mitre y Onsari;-34.7039322;-58.3178759;5;55
9433;Ida;Onsari y Brandsen;-34.7048143;-58.3184499;5;56
9433;Ida;Onsari y Belgrano;-34.7057845;-58.3195657;5;57
9433;Ida;Onsari y Solier;-34.7077822;-58.3219206;5;58
9433;Ida;Onsari y Villegas;-34.7094227;-58.3238465;5;59
9433;Ida;Onsari y Mansilla;-34.7105031;-58.3251125;5;60
9433;Ida;Arredondo y Ascasubi;-34.7112263;-58.3264321;6;61
9433;Ida;Arredondo y J Hernandez;-34.7102164;-58.3277035;6;62
9433;Ida;Arredondo y Condarco;-34.7084304;-58.3298439;6;63
9433;Ida;Arredondo y Cotagaita;-34.7066885;-58.3320808;6;64
9433;Ida;Arredondo y De La Peña;-34.7052950;-58.3337599;6;65
9433;Ida;Arredondo y B. de Los Italianos;-34.7040116;-58.3352673;6;66
9433;Ida;Matanza y Larralde;-34.7042806;-58.3368015;6;67
9433;Ida;Matanza y La Fuente;-34.7060799;-58.3389097;6;68
9433;Ida;Matanza y Heredia;-34.7068120;-58.3398163;6;69
9433;Ida;Matanza y Casacuberta;-34.7085319;-58.3417368;6;70
9433;Ida;Matanza y De La Serna;-34.7093389;-58.3426809;6;71
9433;Ida;Matanza y Cangallo;-34.7106706;-58.3441830;6;72
9433;Ida;Matanza y Caxaraville;-34.7125448;-58.3464038;6;73
9433;Ida;Matanza y C G Belgrano;-34.7141013;-58.3482921;6;74
9433;Ida;Belgrano y Chascomus;-34.7135590;-58.3488983;6;75
9433;Ida;Belgrano y Centenario U;-34.7121170;-58.3505613;7;76
9433;Ida;Belgrano y Posadas;-34.7099254;-58.3531255;7;77
9433;Ida;Belgrano y Barcelo;-34.7083246;-58.3549708;7;78
9433;Ida;Belgrano y Pedernera;-34.7071692;-58.3563012;7;79
9433;Ida;"Belgrano y San Lorenzo  ";-34.7057712;-58.3579695;7;80
9433;Ida;Belgrano y Suipacha;-34.7045938;-58.3592999;7;81
9433;Ida;Bustamante y Dehesa;-34.7041660;-58.3608180;7;82
9433;Ida;Bustamante y Cao;-34.7034780;-58.3622879;7;83
9433;Ida;Bustamante y J B Justo;-34.7023710;-58.3638006;7;84
9433;Ida;Bustamante y Madariaga;-34.7015507;-58.3647555;7;85
9433;Ida;Bustamante y Ferre;-34.6998748;-58.3667994;7;86
9433;Ida;Bustamante y Salta;-34.6977887;-58.3697820;7;87
9433;Ida;Bustamante y Basavilbaso;-34.6966288;-58.3711660;8;88
9433;Ida;Bustamante y Sarmiento;-34.6947543;-58.3733654;8;89
9433;Ida;Bustamante y Mamberti;-34.6926857;-58.3757633;8;90
9433;Ida;Bustamante y Donovan;-34.6917594;-58.3768576;8;91
9433;Ida;Bustamante y LaCarra;-34.6896290;-58.3794433;8;92
9433;Ida;Puente Gerli;-34.6864708;-58.3835793;8;93
9433;Ida;Brasil y Yrigoyen;-34.6845563;-58.3861488;8;94
9433;Ida;Cabildo y Beguerenstain;-34.6814750;-58.3859370;8;95
9433;Ida;Cabildo y Santiago;-34.6800568;-58.3875275;8;96
9433;Ida;Cabildo y Santa Fe;-34.6790466;-58.3887023;8;97
9433;Ida;Cabildo y Catamarca;-34.6783050;-58.3896270;8;98
9433;Ida;Cabildo y Peru;-34.6770747;-58.3909929;8;99
9433;Ida;Cabildo y Mendoza;-34.6753350;-58.3930670;9;100
9433;Ida;Guatemala y Cabildo;-34.6734880;-58.3951970;9;101
9433;Ida;Rivadavia y Paraguay;-34.6736866;-58.3963412;9;102
9433;Ida;Rivadavia y Rep.Argentina;-34.6751204;-58.3979398;9;103
9433;Ida;Rivadavia y Colombia;-34.6758130;-58.3989161;9;104
9433;Ida;Rivadavia y Pte Perón;-34.6769865;-58.4006757;9;105
9433;Ida;Pte Perón y Oliden;-34.6762409;-58.4023869;9;106
9433;Ida;Pte Perón y Ucrania;-34.6757230;-58.4031220;9;107
9433;Ida;Pte Perón y P de la Patria;-34.6747277;-58.4044361;9;108
9433;Ida;Pte Perón y Juan Farrel;-34.6740307;-58.4053749;9;109
9433;Ida;Pte Perón y J Rucci;-34.6727204;-58.4071344;9;110
9433;Ida;Pte Perón y Burgos;-34.6714542;-58.4088832;9;111
9433;Ida;Pte Perón y Armenia;-34.6701880;-58.4105462;9;112
9433;Ida;Pte Perón y Valparaíso;-34.6689924;-58.4121609;9;113
9433;Ida;Pte Perón y Lomas Valentinas;-34.6677790;-58.4137541;9;114
9433;Ida;Pte Perón y Crotti;-34.6666099;-58.4153634;9;115
9433;Ida;Pte Perón y La Habana;-34.6656304;-58.4166992;9;116
9433;Ida;R de Escalada y A L Palacios;-34.6625594;-58.4171551;10;117
9433;Ida;Av Saenz y Esquiú  (metrobus);-34.6514838;-58.4162700;10;118
9433;Ida;Av La Plata y Saenz;-34.6480450;-58.4170370;10;119
9433;Ida;Av La Plata y Chiclana;-34.6431350;-58.4225570;10;120
9433;Ida;Av La Plata y Caceros;-34.6404287;-58.4233725;11;121
9433;Ida;Av La Plata y Rondeau;-34.6387350;-58.4238520;11;122
9433;Ida;Av La Plata y Inclan;-34.6341350;-58.4250600;11;123
9433;Ida;Av La Plata y Pavón;-34.6317620;-58.4256750;11;124
9433;Ida;Av La Plata y San juan;-34.6273200;-58.4266780;11;125
9433;Ida;Av La Plata e Independencia;-34.6223888;-58.4276694;11;126
9433;Ida;Av La Plata y Venezuela;-34.6186232;-58.4283936;11;127
9433;Ida;Av La Plata y Rivadavia;-34.6159037;-58.4290159;11;128
9433;Ida;Rivadavia y Campichuelo;-34.6172180;-58.4340480;11;129
9433;Ida;Rivadavia y Acoyte;-34.6186020;-58.4371670;12;130
9433;Ida;Rivadavia y Colpayo;-34.6200800;-58.4406298;12;131
9433;Ida;Rivadavia y Paynsandu;-34.6224771;-58.4463805;12;132
9433;Ida;Rivadavia y Miró;-34.6238764;-58.4498459;12;133
9433;Ida;Rivadavia y Curapaligue;-34.6254500;-58.4535320;12;134
9433;Ida;Rivadavia y F.L.Beltrán;-34.6269488;-58.4575707;12;135
9433;Ida;Rivadavia y Gabilán (Metrobus);-34.6277420;-58.4593820;13;136
9433;Ida;Rivadavia y Pedernera;-34.6294825;-58.4651023;13;137
9433;Ida;Rivadavia y Argeritch;-34.6309391;-58.4708422;13;138
9433;Ida;Rivadavia y Cuenca;-34.6317999;-58.4740287;13;139
9433;Ida;Rivadavia y San Nicolás;-34.6327709;-58.4776819;13;140
9433;Ida;Rivadavia y Segurola;-34.6338303;-58.4822041;13;141
9433;Ida;Mercedez y Bacacay;-34.6320100;-58.4839100;13;142
9433;Ida;Mercedez y Avellaneda;-34.6300470;-58.4848320;13;143
9433;Ida;Mercedez y Morón;-34.6277120;-58.4859020;13;144
9433;Ida;Av Gaona y Gualeguaychu;-34.6266320;-58.4876530;13;145
9433;Ida;Sanabria y Juan B. Justo;-34.6268720;-58.4893000;14;146
9433;Ida;Sanabria y R.deE.San Martin;-34.6249920;-58.4916500;14;147
9433;Ida;Sanabria y M Cervantes;-34.6232250;-58.4938600;14;148
9433;Ida;Sanabria y San Blas;-34.6216251;-58.4958780;14;149
9433;Ida;Sanabria y Miranda;-34.6192589;-58.4988284;14;150
9433;Ida;Sanabria y A.Jonte;-34.6171380;-58.5013630;14;151
9433;Ida;Sanabria y Snato Tomé;-34.6144970;-58.5033830;14;152
9433;Ida;Sanabria y Nogoyá;-34.6115080;-58.5060470;14;153
9433;Ida;Sanabria y P.Lozano;-34.6091630;-58.5081070;14;154
9433;Ida;Sanabria y Simbron;-34.6074003;-58.5095894;14;155
9433;Ida;Sanabria y Beiró;-34.6058638;-58.5109091;15;156
9433;Ida;Beiró y Marcos Paz;-34.6075063;-58.5145569;15;157
9433;Ida;Beiró y Desaguadero;-34.6096079;-58.5178721;15;158
9433;Ida;Beiró y Bermudez;-34.6110750;-58.5202920;15;159
9433;Ida;Beiró y L.de Vega;-34.6138200;-58.5248970;15;160
9433;Ida;Beiró y Moliere;-34.6158066;-58.5274637;15;161
9433;Ida;Beiró y Gral Paz;-34.6174665;-58.5296202;15;162
9433;Ida;Av Gral Paz y San Roque;-34.6191176;-58.5312724;15;163
9433;Ida;Roca y R A de Siria;-34.6228214;-58.5313421;15;164
9433;Ida;Roca y E Manzoni;-34.6240177;-58.5326779;15;165
9433;Ida;Roca y Barragán;-34.6251670;-58.5340070;15;166
9433;Ida;Roca y San Ignacio;-34.6267650;-58.5358100;15;167
9433;Ida;Bergamini y Croacia;-34.6285500;-58.5348670;15;168
9433;Vuelta;Croacia y Bergamini;-34.6284584;-58.5343730;15;1
9433;Vuelta;San ignacio y Croacia;-34.6279508;-58.5345072;15;2
9433;Vuelta;San ignacio y G Roca;-34.6271386;-58.5355800;15;3
9433;Vuelta;San ignacio y Pelegrini;-34.6265118;-58.5364598;15;4
9433;Vuelta;Pelegrini y Necochea;-34.6252449;-58.5355693;15;5
9433;Vuelta;Pelegrini y Dardo Rocha;-34.6240000;-58.5341477;15;6
9433;Vuelta;Pelegrini y R A Siria;-34.6226360;-58.5326350;15;7
9433;Vuelta;Rep A Siria y San Roque;-34.6216030;-58.5336220;15;8
9433;Vuelta;San Roque y Los Andes;-34.6207775;-58.5329998;15;9
9433;Vuelta;San Roque Y Gral Paz;-34.6192809;-58.5314494;15;10
9433;Vuelta;Beiró y Irigoyen;-34.6179875;-58.5301888;15;11
9433;Vuelta;Beiró y Lopez de Vega;-34.6138287;-58.5248297;15;12
9433;Vuelta;Beiró y Bermudez;-34.6110031;-58.5202163;15;13
9433;Vuelta;Beiró y Marcos Paz;-34.6075814;-58.5145140;15;14
9433;Vuelta;Segurola y Navarro;-34.6062435;-58.5132855;15;15
9433;Vuelta;Cantilo y Sanabria;-34.6046054;-58.5136288;14;16
9433;Vuelta;Cantilo y Gualeguaychu;-34.6036296;-58.5120088;14;17
9433;Vuelta;Gualeguaychu y Beiró;-34.6048262;-58.5106087;14;18
9433;Vuelta;Segurola y Varela;-34.6072679;-58.5120517;14;19
9433;Vuelta;Segurola y Pedro Lozano;-34.6098993;-58.5098523;14;20
9433;Vuelta;Segurola y Nogoya;-34.6121775;-58.5080069;14;21
9433;Vuelta;Segurola y Santo tomé;-34.6150163;-58.5053462;14;22
9433;Vuelta;Segurola y Alvarez Jonte;-34.6177535;-58.5026479;14;23
9433;Vuelta;Segurola y Miranda;-34.6195591;-58.5005558;14;24
9433;Vuelta;Segurola y E Gonzalez;-34.6204287;-58.4993809;14;25
9433;Vuelta;Segurola y Pablo Podestá;-34.6216118;-58.4979218;14;26
9433;Vuelta;Segurola y Camarones;-34.6230200;-58.4961301;14;27
9433;Vuelta;Segurola y M Cervantes;-34.6238544;-58.4950626;14;28
9433;Vuelta;Segurola y R Escalada SM;-34.6255539;-58.4929329;14;29
9433;Vuelta;Segurola y Juan B Justo;-34.6266751;-58.4915435;13;30
9433;Vuelta;Segurola y Gaona;-34.6275226;-58.4904063;13;31
9433;Vuelta;Segurola y Aranguren;-34.6291073;-58.4884483;13;32
9433;Vuelta;Segurola y Bacacay;-34.6318882;-58.4850097;13;33
9433;Vuelta;Rivadavia y Candelaria;-34.6335963;-58.4807235;13;34
9433;Vuelta;Rivadavia y dolores;-34.6327224;-58.4772152;13;35
9433;Vuelta;Rivadavia y José Marti;-34.6315792;-58.4726715;13;36
9433;Vuelta;Rivadavia y Nazca (metrobus);-34.6305419;-58.4689111;12;37
9433;Vuelta;Rivadavia y Bonorino;-34.6281848;-58.4604943;12;38
9433;Vuelta;Rivadavia y Carabobo;-34.6263838;-58.4561062;12;39
9433;Vuelta;Rivadavia y Curapaligue;-34.6254524;-58.4536171;12;40
9433;Vuelta;Rivadavia y Puan;-34.6236910;-58.4491110;12;41
9433;Vuelta;Rivadavia y Hortiguera;-34.6228744;-58.4467989;12;42
9433;Vuelta;Rosario y Centenera;-34.6206495;-58.4405279;12;43
9433;Vuelta;Rosario y José M Moreno;-34.6195149;-58.4364295;11;44
9433;Vuelta;Rosario y Doblas;-34.6187600;-58.4319717;11;45
9433;Vuelta;Rosario y Av La Plata;-34.6184245;-58.4292412;11;46
9433;Vuelta;Av La Plata y Alberdi;-34.6215456;-58.4279054;11;47
9433;Vuelta;Av La Plata y Pedro Goyena;-34.6247328;-58.4272939;11;48
9433;Vuelta;Av La Plata y Directorio;-34.6266045;-58.4268701;11;49
9433;Vuelta;Av La Plata y Asamblea;-34.6309524;-58.4259206;11;50
9433;Vuelta;Av La Plata y Santander;-34.6333359;-58.4252930;11;51
9433;Vuelta;Av La Plata Zaraza;-34.6365447;-58.4245098;11;52
9433;Vuelta;Av La Plata y Cobo;-34.6398373;-58.4235871;10;53
9433;Vuelta;Av La Plata F de la Cruz;-34.6420352;-58.4230828;10;54
9433;Vuelta;Av La Plata F Rivera;-34.6447141;-58.4212911;10;55
9433;Vuelta;Av La Plata Tabare;-34.6469295;-58.4194511;10;56
9433;Vuelta;Av La Plata Saenz;-34.6480858;-58.4170103;10;57
9433;Vuelta;Saenz y Esquiú (metrobus);-34.6513602;-58.4164739;10;58
9433;Vuelta;R de Escalada y Palacios;-34.6625727;-58.4174234;9;59
9433;Vuelta;Peron y Crotti;-34.6663628;-58.4158409;9;60
9433;Vuelta;Peron y L Valentinas;-34.6674834;-58.4142959;9;61
9433;Vuelta;Peron y Valparaiso;-34.6687365;-58.4126329;9;62
9433;Vuelta;Peron y Armenia;-34.6700689;-58.4108520;9;63
9433;Vuelta;Peron y Paso de Burgos;-34.6712513;-58.4092373;9;64
9433;Vuelta;Peron y Itapiru;-34.6719836;-58.4081858;9;65
9433;Vuelta;Peron y Rucci;-34.6731748;-58.4066731;9;66
9433;Vuelta;Peron y Balbin;-34.6743218;-58.4051496;9;67
9433;Vuelta;Peron y Oliden;-34.6760159;-58.4027839;9;68
9433;Vuelta;Peron y Rivadavia;-34.6771497;-58.4012282;9;69
9433;Vuelta;Rivadavia Rep Argentina;-34.6755262;-58.3981061;9;70
9433;Vuelta;Rivadavia y Paraguay;-34.6740792;-58.3964753;9;71
9433;Vuelta;Rivadavia y Chile;-34.6724557;-58.3945978;8;72
9433;Vuelta;Chile y Cabildo;-34.6732233;-58.3938575;8;73
9433;Vuelta;Cabildo y Mendoza;-34.6752792;-58.3930957;8;74
9433;Vuelta;Cabildo y Peru;-34.6769644;-58.3911860;8;75
9433;Vuelta;Cabildo y Catamarca;-34.6780585;-58.3899736;8;76
9433;Vuelta;Cabildo y Santa Fe;-34.6789319;-58.3889759;8;77
9433;Vuelta;Cabildo y Sgo del Estero;-34.6802951;-58.3874524;8;78
9433;Vuelta;Cabildo y Beguerestein;-34.6815788;-58.3859128;8;79
9433;Vuelta;Brasil y Yrigoyen;-34.6844593;-58.3864170;8;80
9433;Vuelta;Bustamante y Est Gerli;-34.6867398;-58.3832949;8;81
9433;Vuelta;Bustamante y  Lacarra;-34.6895673;-58.3796310;8;82
9433;Vuelta;Bustamante y Donovan;-34.6914683;-58.3772439;8;83
9433;Vuelta;Bustamante y Mamberti;-34.6924034;-58.3762246;8;84
9433;Vuelta;Bustamante y Sarmiento;-34.6944632;-58.3738375;8;85
9433;Vuelta;Bustamante y Basavilbaso;-34.6963200;-58.3715791;7;86
9433;Vuelta;Bustamante y Salta;-34.6974403;-58.3702862;7;87
9433;Vuelta;Bustamante y Ferré;-34.6994470;-58.3674109;7;88
9433;Vuelta;Bustamante y Madariaga;-34.7011362;-58.3653671;7;89
9433;Vuelta;Bustamante y J B Justo;-34.7020800;-58.3642673;7;90
9433;Vuelta;Bustamante y Cao;-34.7032310;-58.3627868;7;91
9433;Vuelta;Bustamante y  Deheza;-34.7043115;-58.3606356;7;92
9433;Vuelta;C G Belgrano y Suipacha;-34.7046864;-58.3592838;7;93
9433;Vuelta;C G Belgrano y Barcelo;-34.7076852;-58.3558559;7;94
9433;Vuelta;C G Belgrano y Posadas;-34.7092286;-58.3540535;7;95
9433;Vuelta;C G Belgrano y Centenario;-34.7116584;-58.3512533;6;96
9433;Vuelta;C G Belgrano y Chascomus;-34.7132988;-58.3493650;6;97
9433;Vuelta;B de los Italianos y C G Belgrano;-34.7147540;-58.3476537;6;98
9433;Vuelta;B de los Italianos y Caxaraville;-34.7134311;-58.3458674;6;99
9433;Vuelta;B de los Italianos y Campichuelo;-34.7124389;-58.3446872;6;100
9433;Vuelta;B de los Italianos y De La Serna;-34.7105957;-58.3424824;6;101
9433;Vuelta;B de los Italianos y Helguera;-34.7086289;-58.3401597;6;102
9433;Vuelta;B de los Italianos y La Fuente;-34.7071119;-58.3383679;6;103
9433;Vuelta;B de los Italianos y C Larralde;-34.7054008;-58.3362812;6;104
9433;Vuelta;C Larralde y Mendez;-34.7063225;-58.3346343;6;105
9433;Vuelta;C Larralde y Cotagaita;-34.7071868;-58.3336043;6;106
9433;Vuelta;C Larralde y Condarco;-34.7086950;-58.3316839;6;107
9433;Vuelta;C Larralde y Paisandu;-34.7103002;-58.3297312;6;108
9433;Vuelta;C Larralde y Ascasubi;-34.7116143;-58.3280790;5;109
9433;Vuelta;Onsari y Mansilla;-34.7107676;-58.3252788;5;110
9433;Vuelta;Onsari y Villegas;-34.7097534;-58.3240879;5;111
9433;Vuelta;Onsari y Solier;-34.7079983;-58.3219743;5;112
9433;Vuelta;Onsari y Belgrano;-34.7063225;-58.3199251;5;113
9433;Vuelta;Onsari y Mitre;-34.7046467;-58.3181226;5;114
9433;Vuelta;Mitre y Echeverria;-34.7051671;-58.3163470;5;115
9433;Vuelta;Mitre y Victor Hugo;-34.7064107;-58.3151346;5;116
9433;Vuelta;Mitre y Lynch;-34.7077293;-58.3137238;5;117
9433;Vuelta;Av Los Quilmes y Neuquén;-34.7091933;-58.3122379;5;118
9433;Vuelta;Av Los Quilmes y Pilcomayo;-34.7111866;-58.3103013;5;119
9433;Vuelta;Av Los Quilmes y Los Andes;-34.7128049;-58.3086491;5;120
9433;Vuelta;Av Los Quilmes y Formosa;-34.7143747;-58.3072007;5;121
9433;Vuelta;Av Los Quilmes y Montevideo;-34.7160327;-58.3052909;4;122
9433;Vuelta;Av Los Quilmes y Cerrito;-34.7195514;-58.3039176;4;123
9433;Vuelta;Av Los Quilmes y Zapiola;-34.7248335;-58.3023620;4;124
9433;Vuelta;Calchaquí y La Madrid;-34.7286340;-58.2999480;4;125
9433;Vuelta;Calchaquí y Catamarca;-34.7309883;-58.2982635;4;126
9433;Vuelta;Calchaquí y San juan;-34.7327694;-58.2970083;4;127
9433;Vuelta;Calchaquí y Int Olivieri;-34.7343300;-58.2958710;4;128
9433;Vuelta;Urrestarazu y R Lopez;-34.7359964;-58.2960212;4;129
9433;Vuelta;R Lopez y Elustondo;-34.7352381;-58.2939345;4;130
9433;Vuelta;R Lopez y Acha;-34.7339068;-58.2911021;4;131
9433;Vuelta;R Lopez y L de La Torre;-34.7327826;-58.2889295;4;132
9433;Vuelta;R Lopez y J Gonzales;-34.7318612;-58.2869875;4;133
9433;Vuelta;R Lopez y G Marconi;-34.7308869;-58.2848525;4;134
9433;Vuelta;R Lopez y Av La Plata;-34.7298993;-58.2827818;3;135
9433;Vuelta;R Lopez y Condarco;-34.7287751;-58.2806629;3;136
9433;Vuelta;R Lopez y Martín Rodriguez;-34.7277302;-58.2786244;3;137
9433;Vuelta;R Lopez y Blas Parera;-34.7266544;-58.2765913;3;138
9433;Vuelta;R Lopez y Urquiza;-34.7256801;-58.2747191;3;139
9433;Vuelta;R Lopez y Larrea;-34.7247057;-58.2726163;3;140
9433;Vuelta;R Lopez y A Baranda;-34.7237886;-58.2707441;3;141
9433;Vuelta;R Lopez y B de Irigoyen;-34.7227613;-58.2686895;3;142
9433;Vuelta;R Lopez y V Lopez;-34.7218089;-58.2668012;3;143
9433;Vuelta;I Olivieri y Gran Canaria;-34.7201378;-58.2656801;3;144
9433;Vuelta;Yrigoyen y Colon;-34.7205920;-58.2623059;3;145
9433;Vuelta;Yrigoyen y Videla;-34.7222631;-58.2611471;3;146
9433;Vuelta;Alem y Gaboto;-34.7244500;-58.2598543;3;147
9433;Vuelta;Garibaldi y San Martin;-34.7246836;-58.2581592;3;148
9433;Vuelta;Garibaldi y Moreno;-34.7241854;-58.2572097;3;149
9433;Vuelta;Garibaldi y Brown;-34.7232948;-58.2554072;3;150
9433;Vuelta;Garibaldi y Alvear;-34.7227789;-58.2544255;3;151
9433;Vuelta;Garibaldi y Sarmiento;-34.7218133;-58.2525212;2;152
9433;Vuelta;Garibaldi y Paz;-34.7212710;-58.2515609;2;153
9433;Vuelta;Garibaldi y Pringles;-34.7208565;-58.2506061;2;154
9433;Vuelta;Garibaldi y Belgrano;-34.7203715;-58.2497263;2;155
9433;Vuelta;Garibaldi y Allison Bell;-34.7193750;-58.2478327;2;156
9433;Vuelta;Garibaldi y Cevallos;-34.7183962;-58.2461751;2;157
9433;Vuelta;Cevallos y Otamendi;-34.7173335;-58.2470709;2;158
9433;Vuelta;Otamendi y Monrroe;-34.7163458;-58.2463950;2;159
9433;Vuelta;Otamendi y Mozart;-34.7152699;-58.2447052;2;160
9433;Vuelta;Otamendi y A Lora;-34.7142204;-58.2428920;2;161
9433;Vuelta;Otamendi y Toledo;-34.7131224;-58.2411003;2;162
9433;Vuelta;Otamendi y Tte Brussa;-34.7115702;-58.2385039;2;163
9433;Vuelta;Otamendi y Panizza;-34.7104634;-58.2366693;2;164
9433;Vuelta;Otamendi y J B Justo;-34.7094447;-58.2348132;2;165
9433;Vuelta;Otamendi y Yoldi;-34.7086465;-58.2334399;1;166
9433;Vuelta;Otamendi y Cervantes;-34.7072045;-58.2310367;1;167
9433;Vuelta;Cervantes y Olavarría;-34.7079983;-58.2277966;1;168
9433;Vuelta;Cervantes y Iriarte;-34.7101238;-58.2241380;1;169
9433;Vuelta;Cervantes y 25 bis;-34.7115526;-58.2218206;1;170
9433;Vuelta;Cervantes y Echeverría;-34.7175760;-58.2126045;1;171
9434;Ida;Cervantes y Echeverría;-34.7179640;-58.2120091;1;1
9434;Ida;Cervantes y 25 bis;-34.7128843;-58.2197285;1;2
9434;Ida;Cervantes y 23 bis;-34.7115834;-58.2216382;1;3
9434;Ida;Cervantes y Iriarte (Pejerrey);-34.7102958;-58.2234943;1;4
9434;Ida;Cervantes y Alamos;-34.7092860;-58.2249963;1;5
9434;Ida;Cervantes y Olavarría;-34.7080688;-58.2270241;1;6
9434;Ida;Otamendi y Cervantes;-34.7071648;-58.2308382;2;7
9434;Ida;Otamendi y Yoldi;-34.7085070;-58.2334830;2;8
9434;Ida;Otamendi y Juan B Justo;-34.7092270;-58.2347350;2;9
9434;Ida;Otamendi y Panizza;-34.7102120;-58.2364601;2;10
9434;Ida;Otamendi y Brussa;-34.7113189;-58.2383162;2;11
9434;Ida;Otamendi y Toledo;-34.7129019;-58.2410896;2;12
9434;Ida;Otamendi y Lora;-34.7139514;-58.2427847;2;13
9434;Ida;Otamendi y Mozart;-34.7149788;-58.2445496;2;14
9434;Ida;Otamendi y Monrroe;-34.7160283;-58.2463306;2;15
9434;Ida;Ceballos y Otamendi;-34.7173026;-58.2474250;2;16
9434;Ida;Alem y Belgrano;-34.7194550;-58.2500350;2;17
9434;Ida;Alem y Paz;-34.7204250;-58.2519620;2;18
9434;Ida;Alem y Mitre;-34.7213680;-58.2538650;3;19
9434;Ida;Alem y Brown;-34.7223170;-58.2557270;3;20
9434;Ida;Alem y Moreno;-34.7233200;-58.2576070;3;21
9434;Ida;Alem y H Yrigoyen;-34.7240928;-58.2592857;3;22
9434;Ida;Yrigoyen y Alsina;-34.7232904;-58.2602835;3;23
9434;Ida;Yrigoyen y 9 de Julio;-34.7217340;-58.2614529;3;24
9434;Ida;Yrigoyen y Colon;-34.7207820;-58.2622130;3;25
9434;Ida;Yrigoyen y Alberdi;-34.7190223;-58.2634753;3;26
9434;Ida;Gran Canaria y P Oliveri;-34.7197057;-58.2657820;3;27
9434;Ida;Gran Canaria y R Lopez;-34.7206890;-58.2650256;3;28
9434;Ida;R Lopez y V Lopez;-34.7216750;-58.2665870;3;29
9434;Ida;R Lopez y B Irigoyen;-34.7226570;-58.2685150;3;30
9434;Ida;R Lopez y A Baranda;-34.7235850;-58.2703480;3;31
9434;Ida;A Baranda y San Luis;-34.7220646;-58.2716775;3;32
9434;Ida;A Baranda y Rep Libano;-34.7204773;-58.2728469;3;33
9434;Ida;A Baranda y La Rioja;-34.7185813;-58.2741022;3;34
9434;Ida;Lamadrid y A Baranda;-34.7168705;-58.2757330;3;35
9434;Ida;Lamadrid y Larrea;-34.7176818;-58.2772672;3;36
9434;Ida;Lamadrid y Urquiza;-34.7186695;-58.2792735;4;37
9434;Ida;Lamadrid y Blas Parera;-34.7197454;-58.2813710;4;38
9434;Ida;Lamadrid y M Rodriguez;-34.7207463;-58.2832378;4;39
9434;Ida;Lamadrid y Condarco;-34.7218310;-58.2853729;4;40
9434;Ida;Lamadrid y D Rocha;-34.7226334;-58.2878083;4;41
9434;Ida;Dardo Rocha y Liniers;-34.7216017;-58.2884574;4;42
9434;Ida;Dardo Rocha y Zapiola;-34.7196749;-58.2898039;4;43
9434;Ida;Dardo Rocha y Don Bosco;-34.7189473;-58.2909089;4;44
9434;Ida;Dardo Rocha y Avellaneda;-34.7179905;-58.2929313;4;45
9434;Ida;Dardo Rocha y Alem;-34.7165354;-58.2958496;4;46
9434;Ida;Dardo Rocha y Cerrito;-34.7154595;-58.2979363;4;47
9434;Ida;Dardo Rocha y Montevideo;-34.7138632;-58.3011281;5;48
9434;Ida;Dardo Rocha y Formosa;-34.7126285;-58.3037567;5;49
9434;Ida;Dardo Rocha y Los Andes;-34.7115349;-58.3063155;5;50
9434;Ida;Dardo Rocha y La Pampa;-34.7109396;-58.3077049;5;51
9434;Ida;Av Mitre y Neuquen;-34.7088979;-58.3120662;5;52
9434;Ida;Av Mitre y Caviglia;-34.7078042;-58.3131981;5;53
9434;Ida;Av Mitre y R Español;-34.7059035;-58.3151990;5;54
9434;Ida;M Moreno y Las Flores;-34.7032266;-58.3160681;5;55
9434;Ida;M Fierro y Mitre;-34.7028253;-58.3185410;5;56
9434;Ida;Mitre y Onsari;-34.7039322;-58.3178759;5;57
9434;Ida;Onsari y Brandsen;-34.7048143;-58.3184499;5;58
9434;Ida;Onsari y Belgrano;-34.7057845;-58.3195657;5;59
9434;Ida;Onsari y Solier;-34.7077822;-58.3219206;5;60
9434;Ida;Onsari y Villegas;-34.7094227;-58.3238465;5;61
9434;Ida;Onsari y Mansilla;-34.7105031;-58.3251125;5;62
9434;Ida;Arredondo y Onsari;-34.7112263;-58.3264321;6;63
9434;Ida;Arredondo y J Hernandez;-34.7102164;-58.3277035;6;64
9434;Ida;Arredondo y Condarco;-34.7084304;-58.3298439;6;65
9434;Ida;Arredondo y Cotagaita;-34.7066885;-58.3320808;6;66
9434;Ida;Arredondo y De La Peña;-34.7052950;-58.3337599;6;67
9434;Ida;Arredondo y B de Los Italianos;-34.7040116;-58.3352673;6;68
9434;Ida;Arredondo y Chascomus;-34.7025298;-58.3371127;6;69
9434;Ida;Arredondo y C Uruguayo;-34.7011979;-58.3388615;6;70
9434;Ida;Arredondo y Pierres;-34.6998440;-58.3405834;6;71
9434;Ida;Arredondo y P Palos;-34.6983577;-58.3424127;6;72
9434;Ida;Arredondo y Pedernera;-34.6968317;-58.3442259;6;73
9434;Ida;Arredondo y El Salvador;-34.6956408;-58.3456206;6;74
9434;Ida;Arredondo y Suipacha;-34.6944985;-58.3470368;6;75
9434;Ida;Arredondo y Deheza;-34.6932282;-58.3485442;7;76
9434;Ida;Arredondo y Molina;-34.6916800;-58.3504432;7;77
9434;Ida;Arredondo y Sarrat;-34.6905773;-58.3517790;7;78
9434;Ida;Madariaga y C. Larralde;-34.6905068;-58.3535814;7;79
9434;Ida;Madariaga y  Heredia;-34.6927563;-58.3563817;7;80
9434;Ida;Madariaga y  Casacuberta;-34.6950233;-58.3585811;7;81
9434;Ida;Madariaga y Pitagoras;-34.6962054;-58.3595896;7;82
9434;Ida;Madariaga y Cangallo;-34.6976829;-58.3610219;7;83
9434;Ida;Madariaga y Venezuela;-34.6993324;-58.3627224;7;84
9434;Ida;Madariaga y C Gral Belgrano;-34.7004394;-58.3638972;7;85
9434;Ida;Bustamante y Ferre;-34.6998748;-58.3667994;7;86
9434;Ida;Bustamante y Salta;-34.6977887;-58.3697820;7;87
9434;Ida;Bustamante y Basavilbaso;-34.6966288;-58.3711660;8;88
9434;Ida;Bustamante y Sarmiento;-34.6947543;-58.3733654;8;89
9434;Ida;Bustamante y Mambertti;-34.6926857;-58.3757633;8;90
9434;Ida;Bustamante y Donovan;-34.6917594;-58.3768576;8;91
9434;Ida;Bustamante y LaCarra;-34.6896290;-58.3794433;8;92
9434;Ida;Bustamante y Puente Gerli;-34.6864708;-58.3835793;8;93
9434;Ida;Brasil y Yrigoyen;-34.6845563;-58.3861488;8;94
9434;Ida;Yrigoyen y Colombia;-34.6861576;-58.3870983;8;95
9434;Ida;Yrigoyen y Jean Jaure;-34.6879573;-58.3878976;8;96
9434;Ida;Jean Jaures y Rio de Janeiro;-34.6868898;-58.3895767;8;97
9434;Ida;Jean Jaures y Jujuy;-34.6855400;-58.3913362;8;98
9434;Ida;Jean Jaures y S del Estero;-34.6847063;-58.3924842;8;99
9434;Ida;Jean Jaures y San Martin;-34.6835418;-58.3940935;9;100
9434;Ida;Jean Jaures y Catamarca;-34.6824698;-58.3951020;9;101
9434;Ida;Jean Jaures y Fernandez;-34.6813891;-58.3960515;9;102
9434;Ida;Jean Jaures y La Rioja;-34.6801407;-58.3970976;9;103
9434;Ida;Jean Jaures y H Primo;-34.6786540;-58.3984441;9;104
9434;Ida;Rivadavia y Peron;-34.6769865;-58.4006757;9;105
9434;Ida;Pte Perón y Oliden;-34.6762409;-58.4023869;9;106
9434;Ida;Pte Perón Ucrania;-34.6757230;-58.4031220;9;107
9434;Ida;Pte Peron y P de la Patria;-34.6747277;-58.4044361;9;108
9434;Ida;Pte Perón y Balbín;-34.6740307;-58.4053749;9;109
9434;Ida;Pte Perón y Rucchi;-34.6727204;-58.4071344;9;110
9434;Ida;Pte Perón y Burgos;-34.6714542;-58.4088832;9;111
9434;Ida;Pte Perón y Armenia;-34.6701880;-58.4105462;9;112
9434;Ida;Pte Perón y Valparaíso;-34.6689924;-58.4121609;9;113
9434;Ida;Pte Perón y Lomas Valentinas;-34.6677790;-58.4137541;9;114
9434;Ida;Pte Perón y Crotti;-34.6666099;-58.4153634;9;115
9434;Ida;Pte Perón y La Habana;-34.6656304;-58.4166992;9;116
9434;Ida;R de Escalada y A L Palacios;-34.6625594;-58.4171551;10;117
9434;Ida;Av Saenz y Esquiú;-34.6514838;-58.4162700;10;118
9434;Ida;Av La Plata y Saenz;-34.6480450;-58.4170370;10;119
9434;Ida;Av La Plata y Chiclana;-34.6431350;-58.4225570;10;120
9434;Ida;Av La Plata y Caceros;-34.6404287;-58.4233725;11;121
9434;Ida;Av La Plata y Rondeau;-34.6387350;-58.4238520;11;122
9434;Ida;Av La Plata y Inclan;-34.6341350;-58.4250600;11;123
9434;Ida;Av La Plata y Pavón;-34.6317620;-58.4256750;11;124
9434;Ida;Av La Plata y San juan;-34.6273200;-58.4266780;11;125
9434;Ida;Av La Plata e Independencia;-34.6223888;-58.4276694;11;126
9434;Ida;Av La Plata y Venezuela;-34.6186232;-58.4283936;11;127
9434;Ida;Av La Plata y Rivadavia;-34.6159037;-58.4290159;11;128
9434;Ida;Rivadavia y Campichuelo;-34.6172180;-58.4340480;11;129
9434;Ida;Rivadavia y Acoyte;-34.6186020;-58.4371670;12;130
9434;Ida;Rivadavia y Colpayo;-34.6200800;-58.4406298;12;131
9434;Ida;Rivadavia y Paynsandu;-34.6224771;-58.4463805;12;132
9434;Ida;Rivadavia y Miró;-34.6238764;-58.4498459;12;133
9434;Ida;Rivadavia y Curapaligue;-34.6254500;-58.4535320;12;134
9434;Ida;Rivadavia y F.L.Beltrán;-34.6269488;-58.4575707;12;135
9434;Ida;Rivadavia y Gabilán (Metrobus);-34.6277420;-58.4593820;13;136
9434;Ida;Rivadavia y Pedernera;-34.6294825;-58.4651023;13;137
9434;Ida;Rivadavia y Argeritch;-34.6309391;-58.4708422;13;138
9434;Ida;Rivadavia y Cuenca;-34.6317999;-58.4740287;13;139
9434;Ida;Rivadavia y San Nicolás;-34.6327709;-58.4776819;13;140
9434;Ida;Rivadavia y Segurola;-34.6338303;-58.4822041;13;141
9434;Ida;Mercedez y Bacacay;-34.6320100;-58.4839100;13;142
9434;Ida;Mercedez y Avellaneda;-34.6300470;-58.4848320;13;143
9434;Ida;Mercedez y Morón;-34.6277120;-58.4859020;13;144
9434;Ida;Av Gaona y Gualeguaychu;-34.6266320;-58.4876530;13;145
9434;Ida;Sanabria y Juan B. Justo;-34.6268720;-58.4893000;14;146
9434;Ida;Sanabria y R.deE.San Martin;-34.6249920;-58.4916500;14;147
9434;Ida;Sanabria y M Cervantes;-34.6232250;-58.4938600;14;148
9434;Ida;Sanabria y San Blas;-34.6216251;-58.4958780;14;149
9434;Ida;Sanabria y Miranda;-34.6192589;-58.4988284;14;150
9434;Ida;Sanabria y A.Jonte;-34.6171380;-58.5013630;14;151
9434;Ida;Sanabria y Snato Tomé;-34.6144970;-58.5033830;14;152
9434;Ida;Sanabria y Nogoyá;-34.6115080;-58.5060470;14;153
9434;Ida;Sanabria y P.Lozano;-34.6091630;-58.5081070;14;154
9434;Ida;Sanabria y Simbron;-34.6074003;-58.5095894;14;155
9434;Ida;Sanabria y Beiró;-34.6058638;-58.5109091;15;156
9434;Ida;Beiró y Marcos Paz;-34.6074931;-58.5145247;15;157
9434;Ida;Beiró y Desaguadero;-34.6096079;-58.5178721;15;158
9434;Ida;Beiró y Bermudez;-34.6109766;-58.5201842;15;159
9434;Ida;Beiró y L.de Vega;-34.6138200;-58.5248970;15;160
9434;Ida;Beiró y Moliere;-34.6158066;-58.5274637;15;161
9434;Ida;Beiró y Gral Paz;-34.6174665;-58.5296202;15;162
9434;Ida;Av Gral Paz y San Roque;-34.6191176;-58.5312724;15;163
9434;Ida;Roca y R A Siria;-34.6228214;-58.5313421;15;164
9434;Ida;Roca y E Manzoni;-34.6240177;-58.5326779;15;165
9434;Ida;Roca y Barragán;-34.6251670;-58.5340070;15;166
9434;Ida;Roca y San Ignacio;-34.6267650;-58.5358100;15;167
9434;Ida;Bergamini y Croacia;-34.6285500;-58.5348670;15;168
9434;Vuelta;Croacia y Bergamini;-34.6284584;-58.5343730;15;1
9434;Vuelta;San ignacio y Croacia;-34.6279508;-58.5345072;15;2
9434;Vuelta;San ignacio y G Roca;-34.6271386;-58.5355800;15;3
9434;Vuelta;San ignacio y Pelegrini;-34.6265118;-58.5364598;15;4
9434;Vuelta;Pelegrini y Necochea;-34.6252449;-58.5355693;15;5
9434;Vuelta;Pelegrini y Dardo Rocha;-34.6240000;-58.5341477;15;6
9434;Vuelta;Pelegrini y R A Siria;-34.6226360;-58.5326350;15;7
9434;Vuelta;Rep A Siria y San Roque;-34.6216030;-58.5336220;15;8
9434;Vuelta;San Roque y Los Andes;-34.6207775;-58.5329998;15;9
9434;Vuelta;San Roque Y Gral Paz;-34.6192809;-58.5314494;15;10
9434;Vuelta;Beiró y Irigoyen;-34.6179875;-58.5301888;15;11
9434;Vuelta;Beiró y Lopez de Vega;-34.6138287;-58.5248297;15;12
9434;Vuelta;Beiró y Bermudez;-34.6110031;-58.5202163;15;13
9434;Vuelta;Beiró y Marcos Paz;-34.6075814;-58.5145140;15;14
9434;Vuelta;Segurola y Navarro;-34.6062435;-58.5132855;15;15
9434;Vuelta;Cantilo y Sanabria;-34.6046054;-58.5136288;14;16
9434;Vuelta;Cantilo y Gualeguaychu;-34.6036296;-58.5120088;14;17
9434;Vuelta;Gualeguaychu y Beiró;-34.6048262;-58.5106087;14;18
9434;Vuelta;Segurola y Varela;-34.6072679;-58.5120517;14;19
9434;Vuelta;Segurola y Pedro Lozano;-34.6098993;-58.5098523;14;20
9434;Vuelta;Segurola y Nogoya;-34.6121775;-58.5080069;14;21
9434;Vuelta;Segurola y Santo tomé;-34.6150163;-58.5053462;14;22
9434;Vuelta;Segurola y Alvarez Jonte;-34.6177535;-58.5026479;14;23
9434;Vuelta;Segurola y Miranda;-34.6195591;-58.5005558;14;24
9434;Vuelta;Segurola y E Gonzalez;-34.6204287;-58.4993809;14;25
9434;Vuelta;Segurola y Pablo Podestá;-34.6216118;-58.4979218;14;26
9434;Vuelta;Segurola y Camarones;-34.6230200;-58.4961301;14;27
9434;Vuelta;Segurola y M Cervantes;-34.6238544;-58.4950626;14;28
9434;Vuelta;Segurola y R Escalada SM;-34.6255539;-58.4929329;14;29
9434;Vuelta;Segurola y Juan B Justo;-34.6266751;-58.4915435;13;30
9434;Vuelta;Segurola y Gaona;-34.6275226;-58.4904063;13;31
9434;Vuelta;Segurola y Aranguren;-34.6291073;-58.4884483;13;32
9434;Vuelta;Segurola y Bacacay;-34.6318882;-58.4850097;13;33
9434;Vuelta;Rivadavia y Candelaria;-34.6335963;-58.4807235;13;34
9434;Vuelta;Rivadavia y dolores;-34.6327224;-58.4772152;13;35
9434;Vuelta;Rivadavia y José Marti;-34.6315792;-58.4726715;13;36
9434;Vuelta;Rivadavia y Nazca (metrobus);-34.6305419;-58.4689111;12;37
9434;Vuelta;Rivadavia y Bonorino;-34.6281848;-58.4604943;12;38
9434;Vuelta;Rivadavia y Carabobo;-34.6263838;-58.4561062;12;39
9434;Vuelta;Rivadavia y Curapaligue;-34.6254524;-58.4536171;12;40
9434;Vuelta;Rivadavia y Puan;-34.6236910;-58.4491110;12;41
9434;Vuelta;Rivadavia y Hortiguera;-34.6228744;-58.4467989;12;42
9434;Vuelta;Rosario y Centenera;-34.6206495;-58.4405279;12;43
9434;Vuelta;Rosario y José M Moreno;-34.6195149;-58.4364295;11;44
9434;Vuelta;Rosario y Doblas;-34.6187600;-58.4319717;11;45
9434;Vuelta;Rosario y Av La Plata;-34.6184245;-58.4292412;11;46
9434;Vuelta;Av La Plata y Alberdi;-34.6215544;-58.4279805;11;47
9434;Vuelta;Av La Plata y Pedro Goyena;-34.6247328;-58.4272939;11;48
9434;Vuelta;Av La Plata y Directorio;-34.6266045;-58.4268701;11;49
9434;Vuelta;Av La Plata y Asamblea;-34.6309524;-58.4259206;11;50
9434;Vuelta;Av La Plata y Santander;-34.6333359;-58.4252930;11;51
9434;Vuelta;Av La Plata Zaraza;-34.6365447;-58.4245098;11;52
9434;Vuelta;Av La Plata y Cobo;-34.6398373;-58.4235871;10;53
9434;Vuelta;Av La Plata F de la Cruz;-34.6420352;-58.4230828;10;54
9434;Vuelta;Av La Plata F Rivera;-34.6447141;-58.4212911;10;55
9434;Vuelta;Av La Plata Tabare;-34.6469295;-58.4194511;10;56
9434;Vuelta;Av La Plata Saenz;-34.6480858;-58.4170103;10;57
9434;Vuelta;Saenz y Esquiú (metrobus);-34.6513602;-58.4164739;10;58
9434;Vuelta;R de Escalada y Palacios;-34.6625727;-58.4174234;9;59
9434;Vuelta;Peron y Crotti;-34.6663628;-58.4158409;9;60
9434;Vuelta;Peron y L Valentinas;-34.6674834;-58.4142959;9;61
9434;Vuelta;Peron y Valparaiso;-34.6687365;-58.4126329;9;62
9434;Vuelta;Peron y Armenia;-34.6700689;-58.4108520;9;63
9434;Vuelta;Peron y Paso de Burgos;-34.6712513;-58.4092373;9;64
9434;Vuelta;Peron y Itapiru;-34.6719836;-58.4081858;9;65
9434;Vuelta;Peron y Rucci;-34.6731748;-58.4066731;9;66
9434;Vuelta;Peron y Balbin;-34.6743218;-58.4051496;9;67
9434;Vuelta;Peron y Oliden;-34.6760159;-58.4027839;9;68
9434;Vuelta;Peron y Rivadavia;-34.6771497;-58.4012282;9;69
9434;Vuelta;Peron y Humberto Primo;-34.6788525;-58.3996618;9;70
9434;Vuelta;Peron y La Rioja;-34.6804274;-58.3983260;9;71
9434;Vuelta;Peron y Fernandez;-34.6818567;-58.3971083;9;72
9434;Vuelta;Peron y Catamarca;-34.6829551;-58.3960944;9;73
9434;Vuelta;Peron y San Martín;-34.6839785;-58.3952790;8;74
9434;Vuelta;Peron y Santiago del Estero;-34.6852180;-58.3936161;8;75
9434;Vuelta;Peron y Noya;-34.6866075;-58.3917117;8;76
9434;Vuelta;Peron y Bolivia;-34.6880896;-58.3897215;8;77
9434;Vuelta;H Yrigoyen y Bourchard;-34.6884910;-58.3879137;8;78
9434;Vuelta;H Yrigoyen y Bueras;-34.6869383;-58.3872324;8;79
9434;Vuelta;H Yrigoyen y Brasil;-34.6847813;-58.3863419;8;80
9434;Vuelta;Puente Gerli;-34.6867398;-58.3832949;8;81
9434;Vuelta;Bustamante y Lacarra;-34.6895673;-58.3796310;8;82
9434;Vuelta;Bustamante y Donovan;-34.6914683;-58.3772439;8;83
9434;Vuelta;Bustamante y Mamberti;-34.6924034;-58.3762246;8;84
9434;Vuelta;Bustamante y Sarmiento;-34.6944632;-58.3738375;8;85
9434;Vuelta;Bustamante y Basavilbaso;-34.6963200;-58.3715791;7;86
9434;Vuelta;Bustamante y Salta;-34.6974403;-58.3702862;7;87
9434;Vuelta;Bustamante y Ferré;-34.6994470;-58.3674109;7;88
9434;Vuelta;C Belgrano y Madariaga;-34.7002541;-58.3643800;7;89
9434;Vuelta;Madariaga y Venezuela;-34.6993721;-58.3626312;7;90
9434;Vuelta;Madariaga y Cangallo;-34.6979166;-58.3611667;7;91
9434;Vuelta;Madariaga y Pitagoras;-34.6963024;-58.3596003;7;92
9434;Vuelta;Madariaga y Casacuberta;-34.6953056;-58.3586830;7;93
9434;Vuelta;Madariaga y Heredia;-34.6932988;-58.3567250;7;94
9434;Vuelta;Madariaga y C Larralde;-34.6908640;-58.3539945;7;95
9434;Vuelta;Larralde y R Sarrat;-34.6923902;-58.3517790;7;96
9434;Vuelta;Larralde y Deheza;-34.6940618;-58.3497781;6;97
9434;Vuelta;Larralde y Suipacha;-34.6953321;-58.3482814;6;98
9434;Vuelta;Larralde y el Salvador;-34.6969243;-58.3463770;6;99
9434;Vuelta;Larralde y Puerto de Palos;-34.6987987;-58.3441401;6;100
9434;Vuelta;Larralde y Pierres;-34.7007348;-58.3417958;6;101
9434;Vuelta;Larralde y Centenario Uru;-34.7021417;-58.3401489;6;102
9434;Vuelta;Larralde y Chascomus;-34.7035927;-58.3381158;6;103
9434;Vuelta;Larralde y B. de Los Italianos;-34.7049951;-58.3362222;6;104
9434;Vuelta;Larralde y Mendez;-34.7063490;-58.3346450;6;105
9434;Vuelta;Larralde y Cotagaita;-34.7070942;-58.3336794;6;106
9434;Vuelta;Larralde y Condarco;-34.7086730;-58.3317375;6;107
9434;Vuelta;Larralde y Paisandú;-34.7102252;-58.3298117;6;108
9434;Vuelta;Larralde y Ascasubi;-34.7116805;-58.3280200;5;109
9434;Vuelta;Onsari y Mansilla;-34.7107897;-58.3252949;5;110
9434;Vuelta;Onsari y Villegas;-34.7093300;-58.3236265;5;111
9434;Vuelta;Onsari y Solier;-34.7080512;-58.3220494;5;112
9434;Vuelta;Onsari y Belgrano;-34.7062696;-58.3199948;5;113
9434;Vuelta;Onsari y Mitre;-34.7046070;-58.3181441;5;114
9434;Vuelta;Mitre y Echeverria;-34.7050789;-58.3164597;5;115
9434;Vuelta;Mitre y Victor Hugo;-34.7063578;-58.3151293;5;116
9434;Vuelta;Mitre y Lynch;-34.7077425;-58.3137560;5;117
9434;Vuelta;Mitre y Neuquén;-34.7092507;-58.3122861;5;118
9434;Vuelta;Av Los Quilmes y Pilcomayo;-34.7109352;-58.3104408;5;119
9434;Vuelta;D Rocha y Pampa;-34.7109705;-58.3084774;5;120
9434;Vuelta;D Rocha y Chaco;-34.7124081;-58.3051568;5;121
9434;Vuelta;D Rocha y Montevideo;-34.7136207;-58.3022547;4;122
9434;Vuelta;D Rocha y Cerrito;-34.7153581;-58.2987463;4;123
9434;Vuelta;D Rocha y Alem;-34.7165971;-58.2962197;4;124
9434;Vuelta;D Rocha y Avellaneda;-34.7178318;-58.2937628;4;125
9434;Vuelta;D Rocha y Zapiola;-34.7194279;-58.2906032;4;126
9434;Vuelta;D Rocha y Liniers;-34.7218177;-58.2885218;4;127
9434;Vuelta;Lamadir y Dardo Rocha;-34.7229641;-58.2874382;4;128
9434;Vuelta;Lamadird y Condarco;-34.7220117;-58.2854640;4;129
9434;Vuelta;Lamadrid y M Rodriguez;-34.7210241;-58.2836080;4;130
9434;Vuelta;Lamadrid y Blas Parera;-34.7199747;-58.2816339;4;131
9434;Vuelta;Lamadir y Urquiza;-34.7189341;-58.2797134;3;132
9434;Vuelta;Lamadrid y Larrea;-34.7178141;-58.2774067;3;133
9434;Vuelta;Lamadrid y A Baranda;-34.7169763;-58.2758510;3;134
9434;Vuelta;A Baranda y La Rioja;-34.7182462;-58.2744348;3;135
9434;Vuelta;A Baranda y Rep del Libano;-34.7202040;-58.2731634;3;136
9434;Vuelta;A Baranda y San Luis;-34.7218486;-58.2718921;3;137
9434;Vuelta;R Lopez y A Baranda;-34.7235505;-58.2702345;3;138
9434;Vuelta;R Lopez y B de Irigoyen;-34.7227613;-58.2686895;3;139
9434;Vuelta;R Lopez y V Lopez;-34.7218089;-58.2668012;3;140
9434;Vuelta;I Olivieri y Gran Canaria;-34.7201378;-58.2656801;3;141
9434;Vuelta;Yrigoyen y Colon;-34.7205920;-58.2623059;3;142
9434;Vuelta;Yrigoyen y Videla;-34.7222631;-58.2611471;3;143
9434;Vuelta;Alem y Gaboto;-34.7244500;-58.2598543;3;144
9434;Vuelta;Garibaldi y San Martin;-34.7246836;-58.2581592;3;145
9434;Vuelta;Garibaldi y Moreno;-34.7241854;-58.2572097;3;146
9434;Vuelta;Garibaldi y Brown;-34.7232948;-58.2554072;3;147
9434;Vuelta;Garibaldi y Alvear;-34.7227789;-58.2544255;3;148
9434;Vuelta;Garibaldi y Sarmiento;-34.7218133;-58.2525212;2;149
9434;Vuelta;Garibaldi y Paz;-34.7212710;-58.2515609;2;150
9434;Vuelta;Garibaldi y Pringles;-34.7208565;-58.2506061;2;151
9434;Vuelta;Garibaldi y Belgrano;-34.7203715;-58.2497263;2;152
9434;Vuelta;Garibaldi y Allison Bell;-34.7193750;-58.2478327;2;153
9434;Vuelta;Garibaldi y Cevallos;-34.7183962;-58.2461751;2;154
9434;Vuelta;Cevallos y Otamendi;-34.7173335;-58.2470709;2;155
9434;Vuelta;Otamendi y Monrroe;-34.7163458;-58.2463950;2;156
9434;Vuelta;Otamendi y Mozart;-34.7152699;-58.2447052;2;157
9434;Vuelta;Otamendi y A Lora;-34.7142204;-58.2428920;2;158
9434;Vuelta;Otamendi y Toledo;-34.7131224;-58.2411003;2;159
9434;Vuelta;Otamendi y Tte Brussa;-34.7115702;-58.2385039;2;160
9434;Vuelta;Otamendi y Panizza;-34.7104634;-58.2366693;2;161
9434;Vuelta;Otamendi y J B Justo;-34.7094447;-58.2348132;2;162
9434;Vuelta;Otamendi y Yoldi;-34.7086465;-58.2334399;2;163
9434;Vuelta;Otamendi y Cervantes;-34.7072045;-58.2310367;1;164
9434;Vuelta;Cervantes y Olavarría;-34.7080071;-58.2278395;1;165
9434;Vuelta;Cervantes y Iriarte;-34.7101767;-58.2240522;1;166
9434;Vuelta;Cervantes y 25 bis;-34.7127167;-58.2201040;1;167
9434;Vuelta;Cervantes y Echaverria;-34.7176113;-58.2125187;1;168
9435;Ida;Av Saenz y Esquiú (metrobus);-34.6514838;-58.4162700;10;1
9435;Ida;Av La Plata y Saenz;-34.6480450;-58.4170370;10;2
9435;Ida;Av La Plata y Chiclana;-34.6431350;-58.4225570;10;3
9435;Ida;Av La Plata y Caceros;-34.6404287;-58.4233725;11;4
9435;Ida;Av La Plata y Rondeau;-34.6387350;-58.4238520;11;5
9435;Ida;Av La Plata y Inclan;-34.6341350;-58.4250600;11;6
9435;Ida;Av La Plata y Pavón;-34.6317620;-58.4256750;11;7
9435;Ida;Av La Plata y San juan;-34.6273200;-58.4266780;11;8
9435;Ida;Av La Plata e Independencia;-34.6223888;-58.4276694;11;9
9435;Ida;Av La Plata y Venezuela;-34.6186232;-58.4283936;11;10
9435;Ida;Av La Plata y Rivadavia;-34.6159037;-58.4290159;11;11
9435;Ida;Rivadavia y Campichuelo;-34.6172180;-58.4340480;11;12
9435;Ida;Rivadavia y Acoyte;-34.6186020;-58.4371670;12;13
9435;Ida;Rivadavia y Colpayo;-34.6200800;-58.4406298;12;14
9435;Ida;Rivadavia y Paynsandu;-34.6224771;-58.4463805;12;15
9435;Ida;Rivadavia y Miró;-34.6238764;-58.4498459;12;16
9435;Ida;Rivadavia y Curapaligue;-34.6254500;-58.4535320;12;17
9435;Ida;Rivadavia y F.L.Beltrán;-34.6269488;-58.4575707;12;18
9435;Ida;Rivadavia y Gabilán (Metrobus);-34.6277420;-58.4593820;13;19
9435;Ida;Rivadavia y Pedernera;-34.6294825;-58.4651023;13;20
9435;Ida;Rivadavia y Argeritch;-34.6309391;-58.4708422;13;21
9435;Ida;Rivadavia y Cuenca;-34.6317999;-58.4740287;13;22
9435;Ida;Rivadavia y San Nicolás;-34.6327709;-58.4776819;13;23
9435;Ida;Rivadavia y Segurola;-34.6338303;-58.4822041;13;24
9435;Ida;Mercedez y Bacacay;-34.6320100;-58.4839100;13;25
9435;Ida;Mercedez y Avellaneda;-34.6300470;-58.4848320;13;26
9435;Ida;Mercedez y Morón;-34.6277120;-58.4859020;13;27
9435;Ida;Av Gaona y Gualeguaychu;-34.6266320;-58.4876530;13;28
9435;Ida;Sanabria y Juan B. Justo;-34.6268720;-58.4893000;14;29
9435;Ida;Sanabria y R.deE.San Martin;-34.6249920;-58.4916500;14;30
9435;Ida;Sanabria y M Cervantes;-34.6232250;-58.4938600;14;31
9435;Ida;Sanabria y San Blas;-34.6216251;-58.4958780;14;32
9435;Ida;Sanabria y Miranda;-34.6192589;-58.4988284;14;33
9435;Ida;Sanabria y A.Jonte;-34.6171380;-58.5013630;14;34
9435;Ida;Sanabria y Snato Tomé;-34.6144970;-58.5033830;14;35
9435;Ida;Sanabria y Nogoyá;-34.6115080;-58.5060470;14;36
9435;Ida;Sanabria y P.Lozano;-34.6091630;-58.5081070;14;37
9435;Ida;Sanabria y Simbron;-34.6074003;-58.5095894;14;38
9435;Ida;Sanabria y Beiró;-34.6058638;-58.5109091;15;39
9435;Ida;Beiró y Marcos Paz;-34.6074975;-58.5145408;15;40
9435;Ida;Beiró y Desaguadero;-34.6096079;-58.5178721;15;41
9435;Ida;Beiró y Bermudez;-34.6110750;-58.5202920;15;42
9435;Ida;Beiró y L.de Vega;-34.6138200;-58.5248970;15;43
9435;Ida;Beiró y Moliere;-34.6158066;-58.5274637;15;44
9435;Ida;Beiró y Gral Paz;-34.6174665;-58.5296202;15;45
9435;Ida;Av Gral Paz y San Roque;-34.6191176;-58.5312724;15;46
9435;Ida;Roca y R A Siria;-34.6228214;-58.5313421;15;47
9435;Ida;Roca y Mansoni;-34.6240177;-58.5326779;15;48
9435;Ida;Roca y Barragán;-34.6251670;-58.5340070;15;49
9435;Ida;Roca y San Ignacio;-34.6267650;-58.5358100;15;50
9435;Ida;Bergamini y Croacia;-34.6285500;-58.5348670;15;51
9435;Vuelta;Croacia y Bergamini;-34.6284584;-58.5343730;15;1
9435;Vuelta;San ignacio y Croacia;-34.6279508;-58.5345072;15;2
9435;Vuelta;San ignacio y G Roca;-34.6271386;-58.5355800;15;3
9435;Vuelta;San ignacio y Pelegrini;-34.6265118;-58.5364598;15;4
9435;Vuelta;Pelegrini y Necochea;-34.6252449;-58.5355693;15;5
9435;Vuelta;Pelegrini y Dardo Rocha;-34.6240000;-58.5341477;15;6
9435;Vuelta;Pelegrini y R A Siria;-34.6226360;-58.5326350;15;7
9435;Vuelta;Rep A Siria y San Roque;-34.6216030;-58.5336220;15;8
9435;Vuelta;San Roque y Los Andes;-34.6207775;-58.5329998;15;9
9435;Vuelta;San Roque Y Gral Paz;-34.6192809;-58.5314494;15;10
9435;Vuelta;Beiró y Irigoyen;-34.6179875;-58.5301888;15;11
9435;Vuelta;Beiró y Lopez de Vega;-34.6138287;-58.5248297;15;12
9435;Vuelta;Beiró y Bermudez;-34.6110031;-58.5202163;15;13
9435;Vuelta;Beiró y Marcos Paz;-34.6075814;-58.5145140;15;14
9435;Vuelta;Segurola y Navarro;-34.6062435;-58.5132855;15;15
9435;Vuelta;Cantilo y Sanabria;-34.6046054;-58.5136288;14;16
9435;Vuelta;Cantilo y Gualeguaychu;-34.6036296;-58.5120088;14;17
9435;Vuelta;Gualeguaychu y Beiró;-34.6048262;-58.5106087;14;18
9435;Vuelta;Segurola y Varela;-34.6072679;-58.5120517;14;19
9435;Vuelta;Segurola y Pedro Lozano;-34.6098993;-58.5098523;14;20
9435;Vuelta;Segurola y Nogoya;-34.6121775;-58.5080069;14;21
9435;Vuelta;Segurola y Santo tomé;-34.6150163;-58.5053462;14;22
9435;Vuelta;Segurola y Alvarez Jonte;-34.6177535;-58.5026479;14;23
9435;Vuelta;Segurola y Miranda;-34.6195591;-58.5005558;14;24
9435;Vuelta;Segurola y E Gonzalez;-34.6204287;-58.4993809;14;25
9435;Vuelta;Segurola y Pablo Podestá;-34.6216118;-58.4979218;14;26
9435;Vuelta;Segurola y Camarones;-34.6230200;-58.4961301;14;27
9435;Vuelta;Segurola y M Cervantes;-34.6238544;-58.4950626;14;28
9435;Vuelta;Segurola y R Escalada SM;-34.6255539;-58.4929329;14;29
9435;Vuelta;Segurola y Juan B Justo;-34.6266751;-58.4915435;13;30
9435;Vuelta;Segurola y Gaona;-34.6275226;-58.4904063;13;31
9435;Vuelta;Segurola y Aranguren;-34.6291073;-58.4884483;13;32
9435;Vuelta;Segurola y Bacacay;-34.6318882;-58.4850097;13;33
9435;Vuelta;Rivadavia y Candelaria;-34.6335963;-58.4807235;13;34
9435;Vuelta;Rivadavia y dolores;-34.6327224;-58.4772152;13;35
9435;Vuelta;Rivadavia y José Marti;-34.6315792;-58.4726715;13;36
9435;Vuelta;Rivadavia y Nazca (metrobus);-34.6305419;-58.4689111;12;37
9435;Vuelta;Rivadavia y Bonorino;-34.6281848;-58.4604943;12;38
9435;Vuelta;Rivadavia y Carabobo;-34.6263838;-58.4561062;12;39
9435;Vuelta;Rivadavia y Curapaligue;-34.6254524;-58.4536171;12;40
9435;Vuelta;Rivadavia y Puan;-34.6236910;-58.4491110;12;41
9435;Vuelta;Rivadavia y Hortiguera;-34.6228744;-58.4467989;12;42
9435;Vuelta;Rosario y Centenera;-34.6206495;-58.4405279;12;43
9435;Vuelta;Rosario y José M Moreno;-34.6195149;-58.4364295;11;44
9435;Vuelta;Rosario y Doblas;-34.6187600;-58.4319717;11;45
9435;Vuelta;Rosario y Av La Plata;-34.6184245;-58.4292412;11;46
9435;Vuelta;Av La Plata y Alberdi;-34.6215191;-58.4278947;11;47
9435;Vuelta;Av La Plata y Pedro Goyena;-34.6247328;-58.4272939;11;48
9435;Vuelta;Av La Plata y Directorio;-34.6266045;-58.4268701;11;49
9435;Vuelta;Av La Plata y Asamblea;-34.6309524;-58.4259206;11;50
9435;Vuelta;Av La Plata y Santander;-34.6333359;-58.4252930;11;51
9435;Vuelta;Av La Plata Zaraza;-34.6365447;-58.4245098;11;52
9435;Vuelta;Av La Plata y Cobo;-34.6398373;-58.4235871;10;53
9435;Vuelta;Av La Plata F de la Cruz;-34.6420352;-58.4230828;10;54
9435;Vuelta;Av La Plata F Rivera;-34.6447141;-58.4212911;10;55
9435;Vuelta;Av La Plata Tabare;-34.6469295;-58.4194511;10;56
9435;Vuelta;Av La Plata Saenz;-34.6480858;-58.4170103;10;57
9435;Vuelta;Saenz y Esquiú (metrobus);-34.6513602;-58.4164739;10;58
99992;Ida;Cervantes y Echeverría;-34.7179332;-58.2120091;1;1
99992;Ida;Cervantes y 25 bis;-34.7128402;-58.2197982;1;1
99992;Ida;Cervantes y 23 bis;-34.7116275;-58.2216114;1;1
99992;Ida;Cervantes y Iriarte (Pejerrey);-34.7102782;-58.2234889;1;1
99992;Ida;Cervantes y Alamos;-34.7093080;-58.2249695;1;1
99992;Ida;Cervantes y Olavarría;-34.7080115;-58.2271153;1;1
99992;Ida;Otamendi y Cervantes;-34.7071957;-58.2308865;1;1
99992;Ida;Otamendi y Yoldi;-34.7085070;-58.2334830;1;1
99992;Ida;Otamendi y Juan B Justo;-34.7092270;-58.2347350;1;1
99992;Ida;Otamendi y Panizza;-34.7102120;-58.2364601;1;1
99992;Ida;Otamendi y Brussa;-34.7113189;-58.2383162;1;1
99992;Ida;Otamendi y Toledo;-34.7129019;-58.2410896;1;1
99992;Ida;Otamendi y Lora;-34.7139514;-58.2427847;1;1
99992;Ida;Otamendi y Mozart;-34.7149788;-58.2445496;1;1
99992;Ida;Otamendi y Monrroe;-34.7160283;-58.2463306;1;1
99992;Ida;Ceballos y Otamendi;-34.7173026;-58.2474250;1;1
99992;Ida;Alem y Belgrano;-34.7194550;-58.2500350;1;1
99992;Ida;Alem y Paz;-34.7204250;-58.2519620;1;1
99992;Ida;Alem y Mitre;-34.7213680;-58.2538650;1;1
99992;Ida;Alem y Brown;-34.7223170;-58.2557270;1;1
99992;Ida;Alem y Moreno;-34.7233200;-58.2576070;1;1
99992;Ida;Alem y H Yrigoyen;-34.7240928;-58.2592857;1;1
99992;Ida;Yrigoyen y Alsina;-34.7232904;-58.2602835;1;1
99992;Ida;Yrigoyen y 9 de Julio;-34.7217340;-58.2614529;1;1
99992;Ida;Yrigoyen y Colon;-34.7207820;-58.2622130;1;1
99992;Ida;Yrigoyen y Alberdi;-34.7190223;-58.2634753;1;1
99992;Ida;Gran Canaria y P Oliveri;-34.7197057;-58.2657820;1;1
99992;Ida;Gran Canaria y R Lopez;-34.7206890;-58.2650256;1;1
99992;Ida;R Lopez y V Lopez;-34.7216750;-58.2665870;1;1
99992;Ida;R Lopez y B Irigoyen;-34.7226570;-58.2685150;1;1
99992;Ida;R Lopez y A Baranda;-34.7235850;-58.2703480;1;1
99992;Ida;R Lopez y Larrea;-34.7244808;-58.2724124;1;1
99992;Ida;R Lopez y Urquiza;-34.7254199;-58.2744133;1;1
99992;Ida;R Lopez y Blas Parera;-34.7264649;-58.2763016;1;1
99992;Ida;R Lopez y M Rodriguez;-34.7274833;-58.2783186;1;1
99992;Ida;R Lopez y Condarco;-34.7285282;-58.2804000;1;1
99992;Ida;Rodolfo Lopez y Av La Plata;-34.7295863;-58.2824063;1;1
99992;Ida;R Lopez y Marconi;-34.7306709;-58.2846648;1;1
99992;Ida;R Lopez y J V Gonzales;-34.7316143;-58.2866389;1;1
99992;Ida;R Lopez y L de La Torre;-34.7325754;-58.2886827;1;1
99992;Ida;R Lopez y Acha;-34.7335585;-58.2907802;1;1
99992;Ida;Rodolfo Lopez y Unamundo;-34.7350442;-58.2937253;1;1
99992;Ida;Av Calchaquí y San Luis;-34.7334836;-58.2963538;1;1
99992;Ida;Av Calchaquí y Rep del Libano;-34.7324475;-58.2970405;1;1
99992;Ida;Av Calchaquí y Jujuy;-34.7300801;-58.2987410;1;1
99992;Ida;Av Los Quilmes y Zapiola;-34.7245514;-58.3022976;1;1
99992;Ida;Av Los Quilmes y Cerrito;-34.7203892;-58.3035421;1;1
99992;Ida;Av Los Quilmes y Montevideo;-34.7165883;-58.3046794;1;1
99992;Ida;Av Los Quilmes y Los Andes;-34.7130342;-58.3081609;1;1
99992;Ida;Av Mitre y Neuquen;-34.7088273;-58.3122647;1;1
99992;Ida;Av Mitre y Caviglia;-34.7078042;-58.3131981;1;1
99992;Ida;Av Mitre y R Español;-34.7059035;-58.3151990;1;1
99992;Ida;Mariano Moreno y Las Flores;-34.7032266;-58.3160681;1;1
99992;Ida;Martin Fierro y Mitre;-34.7028253;-58.3185410;1;1
99992;Ida;Mitre y Onsari;-34.7039322;-58.3178759;1;1
99992;Ida;Onsari y Brandsen;-34.7048143;-58.3184499;1;1
99992;Ida;Onsari y Belgrano;-34.7057845;-58.3195657;1;1
99992;Ida;Onsari y Solier;-34.7077822;-58.3219206;1;1
99992;Ida;Onsari y Villegas;-34.7094227;-58.3238465;1;1
99992;Ida;Onsari y Mansilla;-34.7105031;-58.3251125;1;1
99992;Ida;Arredondo y Ascasubi;-34.7112263;-58.3264321;1;1
99992;Ida;Arredondo y J Hernandez;-34.7102164;-58.3277035;1;1
99992;Ida;Arredondo y Condarco;-34.7084304;-58.3298439;1;1
99992;Ida;Arredondo y Cotagaita;-34.7066885;-58.3320808;1;1
99992;Ida;Arredondo y De La Peña;-34.7052950;-58.3337599;1;1
99992;Ida;Arredondo y B. de Los Italianos;-34.7040116;-58.3352673;1;1
99992;Ida;Matanza y Larralde;-34.7042806;-58.3368015;1;1
99992;Ida;Matanza y La Fuente;-34.7060799;-58.3389097;1;1
99992;Ida;Matanza y Heredia;-34.7068120;-58.3398163;1;1
99992;Ida;Matanza y Casacuberta;-34.7085319;-58.3417368;1;1
99992;Ida;Matanza y De La Serna;-34.7093389;-58.3426809;1;1
99992;Ida;Matanza y Cangallo;-34.7106706;-58.3441830;1;1
99992;Ida;Matanza y Caxaraville;-34.7125448;-58.3464038;1;1
99992;Ida;Matanza y C G Belgrano;-34.7141013;-58.3482921;1;1
99992;Ida;Belgrano y Chascomus;-34.7135590;-58.3488983;1;1
99992;Ida;Belgrano y Centenario U;-34.7121170;-58.3505613;1;1
99992;Ida;Belgrano y Posadas;-34.7099254;-58.3531255;1;1
99992;Ida;Belgrano y Barcelo;-34.7083246;-58.3549708;1;1
99992;Ida;Belgrano y Pedernera;-34.7071692;-58.3563012;1;1
99992;Ida;"Belgrano y San Lorenzo  ";-34.7057712;-58.3579695;1;1
99992;Ida;Belgrano y Suipacha;-34.7045938;-58.3592999;1;1
99992;Ida;Bustamante y Dehesa;-34.7041660;-58.3608180;1;1
99992;Ida;Bustamante y Cao;-34.7034780;-58.3622879;1;1
99992;Ida;Bustamante y J B Justo;-34.7023710;-58.3638006;1;1
99992;Ida;Bustamante y Madariaga;-34.7015507;-58.3647555;1;1
99992;Ida;Bustamante y Ferre;-34.6998748;-58.3667994;1;1
99992;Ida;Bustamante y Salta;-34.6977887;-58.3697820;1;1
99992;Ida;Bustamante y Basavilbaso;-34.6966288;-58.3711660;1;1
99992;Ida;Bustamante y Sarmiento;-34.6947543;-58.3733654;1;1
99992;Ida;Bustamante y Mamberti;-34.6926857;-58.3757633;1;1
99992;Ida;Bustamante y Donovan;-34.6917594;-58.3768576;1;1
99992;Ida;Bustamante y LaCarra;-34.6896290;-58.3794433;1;1
99992;Ida;Puente Gerli;-34.6864708;-58.3835793;1;1
99992;Ida;Brasil y Yrigoyen;-34.6845563;-58.3861488;1;1
99992;Ida;Cabildo y Beguerenstain;-34.6814750;-58.3859370;1;1
99992;Ida;Cabildo y Santiago;-34.6800568;-58.3875275;1;1
99992;Ida;Cabildo y Santa Fe;-34.6790466;-58.3887023;1;1
99992;Ida;Cabildo y Catamarca;-34.6783050;-58.3896270;1;1
99992;Ida;Cabildo y Peru;-34.6770747;-58.3909929;1;1
99992;Ida;Cabildo y Mendoza;-34.6753350;-58.3930670;1;1
99992;Ida;Guatemala y Cabildo;-34.6734880;-58.3951970;1;1
99992;Ida;Rivadavia y Paraguay;-34.6736866;-58.3963412;1;1
99992;Ida;Rivadavia y Rep.Argentina;-34.6751204;-58.3979398;1;1
99992;Ida;Rivadavia y Colombia;-34.6758130;-58.3989161;1;1
99992;Ida;Rivadavia y Pte Perón;-34.6769865;-58.4006757;1;1
99992;Ida;Pte Perón y Oliden;-34.6762409;-58.4023869;1;1
99992;Ida;Pte Perón y Ucrania;-34.6757230;-58.4031220;1;1
99992;Ida;Pte Perón y P de la Patria;-34.6747277;-58.4044361;1;1
99992;Ida;Pte Perón y Juan Farrel;-34.6740307;-58.4053749;1;1
99992;Ida;Pte Perón y J Rucci;-34.6727204;-58.4071344;1;1
99992;Ida;Pte Perón y Burgos;-34.6714542;-58.4088832;1;1
99992;Ida;Pte Perón y Armenia;-34.6701880;-58.4105462;1;1
99992;Ida;Pte Perón y Valparaíso;-34.6689924;-58.4121609;1;1
99992;Ida;Pte Perón y Lomas Valentinas;-34.6677790;-58.4137541;1;1
99992;Ida;Pte Perón y Crotti;-34.6666099;-58.4153634;1;1
99992;Ida;Pte Perón y La Habana;-34.6656304;-58.4166992;1;1
99992;Ida;R de Escalada y A L Palacios;-34.6625594;-58.4171551;1;1
99992;Ida;Av Saenz y Esquiú  (metrobus);-34.6514838;-58.4162700;1;1
99992;Ida;Av La Plata y Saenz;-34.6480372;-58.4170264;1;1
99992;Ida;Espera Av LaPlata;-34.6475915;-58.4181422;1;1
99993;Ida;Cervantes y Echeverría;-34.7179640;-58.2120091;1;1
99993;Ida;Cervantes y 25 bis;-34.7128843;-58.2197285;1;1
99993;Ida;Cervantes y 23 bis;-34.7115834;-58.2216382;1;1
99993;Ida;Cervantes y Iriarte (Pejerrey);-34.7102958;-58.2234943;1;1
99993;Ida;Cervantes y Alamos;-34.7092860;-58.2249963;1;1
99993;Ida;Cervantes y Olavarría;-34.7080688;-58.2270241;1;1
99993;Ida;Otamendi y Cervantes;-34.7071648;-58.2308382;1;1
99993;Ida;Otamendi y Yoldi;-34.7085070;-58.2334830;1;1
99993;Ida;Otamendi y Juan B Justo;-34.7092270;-58.2347350;1;1
99993;Ida;Otamendi y Panizza;-34.7102120;-58.2364601;1;1
99993;Ida;Otamendi y Brussa;-34.7113189;-58.2383162;1;1
99993;Ida;Otamendi y Toledo;-34.7129019;-58.2410896;1;1
99993;Ida;Otamendi y Lora;-34.7139514;-58.2427847;1;1
99993;Ida;Otamendi y Mozart;-34.7149788;-58.2445496;1;1
99993;Ida;Otamendi y Monrroe;-34.7160283;-58.2463306;1;1
99993;Ida;Ceballos y Otamendi;-34.7173026;-58.2474250;1;1
99993;Ida;Alem y Belgrano;-34.7194550;-58.2500350;1;1
99993;Ida;Alem y Paz;-34.7204250;-58.2519620;1;1
99993;Ida;Alem y Mitre;-34.7213680;-58.2538650;1;1
99993;Ida;Alem y Brown;-34.7223170;-58.2557270;1;1
99993;Ida;Alem y Moreno;-34.7233200;-58.2576070;1;1
99993;Ida;Alem y H Yrigoyen;-34.7240928;-58.2592857;1;1
99993;Ida;Yrigoyen y Alsina;-34.7232904;-58.2602835;1;1
99993;Ida;Yrigoyen y 9 de Julio;-34.7217340;-58.2614529;1;1
99993;Ida;Yrigoyen y Colon;-34.7207820;-58.2622130;1;1
99993;Ida;Yrigoyen y Alberdi;-34.7190223;-58.2634753;1;1
99993;Ida;Gran Canaria y P Oliveri;-34.7197057;-58.2657820;1;1
99993;Ida;Gran Canaria y R Lopez;-34.7206890;-58.2650256;1;1
99993;Ida;R Lopez y V Lopez;-34.7216750;-58.2665870;1;1
99993;Ida;R Lopez y B Irigoyen;-34.7226570;-58.2685150;1;1
99993;Ida;R Lopez y A Baranda;-34.7235850;-58.2703480;1;1
99993;Ida;A Baranda y San Luis;-34.7220646;-58.2716775;1;1
99993;Ida;A Baranda y Rep Libano;-34.7204773;-58.2728469;1;1
99993;Ida;A Baranda y La Rioja;-34.7185813;-58.2741022;1;1
99993;Ida;Lamadrid y A Baranda;-34.7168705;-58.2757330;1;1
99993;Ida;Lamadrid y Larrea;-34.7176818;-58.2772672;1;1
99993;Ida;Lamadrid y Urquiza;-34.7186695;-58.2792735;1;1
99993;Ida;Lamadrid y Blas Parera;-34.7197454;-58.2813710;1;1
99993;Ida;Lamadrid y M Rodriguez;-34.7207463;-58.2832378;1;1
99993;Ida;Dardo Rocha y Liniers;-34.7218310;-58.2853729;1;1
99993;Ida;Dardo Rocha y Zapiola;-34.7226334;-58.2878083;1;1
99993;Ida;Dardo Rocha y Don Bosco;-34.7216017;-58.2884574;1;1
99993;Ida;Dardo Rocha y Avellaneda;-34.7196749;-58.2898039;1;1
99993;Ida;Dardo Rocha y Alem;-34.7189473;-58.2909089;1;1
99993;Ida;Dardo Rocha y Cerrito;-34.7179905;-58.2929313;1;1
99993;Ida;Dardo Rocha y Montevideo;-34.7165354;-58.2958496;1;1
99993;Ida;Dardo Rocha y Formosa;-34.7154595;-58.2979363;1;1
99993;Ida;Dardo Rocha y Los Andes;-34.7138632;-58.3011281;1;1
99993;Ida;Dardo Rocha y La Pampa;-34.7126285;-58.3037567;1;1
99993;Ida;Av Mitre y Neuquen;-34.7115349;-58.3063155;1;1
99993;Ida;Av Mitre y Caviglia;-34.7109396;-58.3077049;1;1
99993;Ida;Av Mitre y R Español;-34.7088979;-58.3120662;1;1
99993;Ida;M Moreno y Las Flores;-34.7078042;-58.3131981;1;1
99993;Ida;M Fierro y Mitre;-34.7059035;-58.3151990;1;1
99993;Ida;Mitre y Onsari;-34.7032266;-58.3160681;1;1
99993;Ida;Onsari y Brandsen;-34.7028253;-58.3185410;1;1
99993;Ida;Onsari y Belgrano;-34.7039322;-58.3178759;1;1
99993;Ida;Onsari y Solier;-34.7048143;-58.3184499;1;1
99993;Ida;Onsari y Villegas;-34.7057845;-58.3195657;1;1
99993;Ida;Onsari y Mansilla;-34.7077822;-58.3219206;1;1
99993;Ida;Arredondo y Onsari;-34.7094227;-58.3238465;1;1
99993;Ida;Arredondo y J Hernandez;-34.7105031;-58.3251125;1;1
99993;Ida;Arredondo y Condarco;-34.7112263;-58.3264321;1;1
99993;Ida;Arredondo y Cotagaita;-34.7102164;-58.3277035;1;1
99993;Ida;Arredondo y De La Peña;-34.7084304;-58.3298439;1;1
99993;Ida;Arredondo y B de Los Italianos;-34.7066885;-58.3320808;1;1
99993;Ida;Arredondo y Chascomus;-34.7052950;-58.3337599;1;1
99993;Ida;Arredondo y C Uruguayo;-34.7040116;-58.3352673;1;1
99993;Ida;Arredondo y Pierres;-34.7025298;-58.3371127;1;1
99993;Ida;Arredondo y P Palos;-34.7011979;-58.3388615;1;1
99993;Ida;Arredondo y Pedernera;-34.6998440;-58.3405834;1;1
99993;Ida;Arredondo y El Salvador;-34.6983577;-58.3424127;1;1
99993;Ida;Arredondo y Suipacha;-34.6968317;-58.3442259;1;1
99993;Ida;Arredondo y Deheza;-34.6956408;-58.3456206;1;1
99993;Ida;Arredondo y Molina;-34.6944985;-58.3470368;1;1
99993;Ida;Arredondo y Sarrat;-34.6932282;-58.3485442;1;1
99993;Ida;Madariaga y C. Larralde;-34.6916800;-58.3504432;1;1
99993;Ida;Madariaga y  Heredia;-34.6905773;-58.3517790;1;1
99993;Ida;Madariaga y  Casacuberta;-34.6905068;-58.3535814;1;1
99993;Ida;Madariaga y Pitagoras;-34.6927563;-58.3563817;1;1
99993;Ida;Madariaga y Cangallo;-34.6950233;-58.3585811;1;1
99993;Ida;Madariaga y Venezuela;-34.6962054;-58.3595896;1;1
99993;Ida;Madariaga y C Gral Belgrano;-34.6976829;-58.3610219;1;1
99993;Ida;Bustamante y Ferre;-34.6993324;-58.3627224;1;1
99993;Ida;Bustamante y Salta;-34.7004394;-58.3638972;1;1
99993;Ida;Bustamante y Basavilbaso;-34.6998748;-58.3667994;1;1
99993;Ida;Bustamante y Sarmiento;-34.6977887;-58.3697820;1;1
99993;Ida;Bustamante y Mambertti;-34.6966288;-58.3711660;1;1
99993;Ida;Bustamante y Donovan;-34.6947543;-58.3733654;1;1
99993;Ida;Bustamante y LaCarra;-34.6926857;-58.3757633;1;1
99993;Ida;Bustamante y Puente Gerli;-34.6917594;-58.3768576;1;1
99993;Ida;Brasil y Yrigoyen;-34.6896290;-58.3794433;1;1
99993;Ida;Yrigoyen y Colombia;-34.6864708;-58.3835793;1;1
99993;Ida;Yrigoyen y Jean Jaure;-34.6845563;-58.3861488;1;1
99993;Ida;Jean Jaures y Rio de Janeiro;-34.6861576;-58.3870983;1;1
99993;Ida;Jean Jaures y Jujuy;-34.6879573;-58.3878976;1;1
99993;Ida;Jean Jaures y S del Estero;-34.6868898;-58.3895767;1;1
99993;Ida;Jean Jaures y San Martin;-34.6855400;-58.3913362;1;1
99993;Ida;Jean Jaures y Catamarca;-34.6847063;-58.3924842;1;1
99993;Ida;Jean Jaures y Fernandez;-34.6835418;-58.3940935;1;1
99993;Ida;Jean Jaures y La Rioja;-34.6824698;-58.3951020;1;1
99993;Ida;Jean Jaures y H Primo;-34.6813891;-58.3960515;1;1
99993;Ida;Rivadavia y Peron;-34.6801407;-58.3970976;1;1
99993;Ida;Pte Perón y Oliden;-34.6786540;-58.3984441;1;1
99993;Ida;Pte Perón Ucrania;-34.6769865;-58.4006757;1;1
99993;Ida;Pte Peron y P de la Patria;-34.6762409;-58.4023869;1;1
99993;Ida;Pte Perón y Balbín;-34.6757230;-58.4031220;1;1
99993;Ida;Pte Perón y Rucchi;-34.6747277;-58.4044361;1;1
99993;Ida;Pte Perón y Burgos;-34.6740307;-58.4053749;1;1
99993;Ida;Pte Perón y Armenia;-34.6727204;-58.4071344;1;1
99993;Ida;Pte Perón y Valparaíso;-34.6714542;-58.4088832;1;1
99993;Ida;Pte Perón y Lomas Valentinas;-34.6701880;-58.4105462;1;1
99993;Ida;Pte Perón y Crotti;-34.6689924;-58.4121609;1;1
99993;Ida;Pte Perón y La Habana;-34.6677790;-58.4137541;1;1
99993;Ida;R de Escalada y A L Palacios;-34.6666099;-58.4153634;1;1
99993;Ida;Av Saenz y Esquiú;-34.6656304;-58.4166992;1;1
99993;Ida;Av La Plata y Saenz;-34.6625594;-58.4171551;1;1
99993;Ida;Av La Plata y Chiclana;-34.6514838;-58.4162700;1;1
99993;Ida;Av La Plata y Caceros;-34.6480450;-58.4170370;1;1
99993;Ida;Espera Av LaPlata;-34.6475562;-58.4182012;1;1
99999;Ida;Cervantes y Echeverría;-34.7179376;-58.2119823;1;1
99999;Ida;Cervantes y Franklin;-34.7139426;-58.2181513;1;1
99999;Ida;Cervantes y 25 bis;-34.7126418;-58.2200986;1;1
99999;Ida;Cervantes y 23 bis;-34.7115261;-58.2217669;1;1
99999;Ida;Cervantes y Iriarte (Pejerrey);-34.7102737;-58.2235157;1;1
99999;Ida;Cervantes y Alamos;-34.7092419;-58.2250339;1;1
99999;Ida;Cervantes y Olavarría;-34.7080380;-58.2270402;1;1
99999;Ida;Otamendi y Cervantes;-34.7071383;-58.2308811;1;1
99999;Ida;Otamendi y Yoldi;-34.7085070;-58.2334830;1;1
99999;Ida;Otamendi y Juan B Justo;-34.7092270;-58.2347350;1;1
99999;Ida;Otamendi y Panizza;-34.7102120;-58.2364601;1;1
99999;Ida;Otamendi y Brussa;-34.7113189;-58.2383162;1;1
99999;Ida;Otamendi y Toledo;-34.7129019;-58.2410896;1;1
99999;Ida;Otamendi y Lora;-34.7139514;-58.2427847;1;1
99999;Ida;Otamendi y Mozart;-34.7149788;-58.2445496;1;1
99999;Ida;Otamendi y Monrroe;-34.7160283;-58.2463306;1;1
99999;Ida;Ceballos y Otamendi;-34.7173026;-58.2474250;1;1
99999;Ida;Alem y Belgrano;-34.7194550;-58.2500350;1;1
99999;Ida;Alem y Paz;-34.7204250;-58.2519620;1;1
99999;Ida;Alem y Mitre;-34.7213680;-58.2538650;1;1
99999;Ida;Alem y Brown;-34.7223170;-58.2557270;1;1
99999;Ida;Alem y Moreno;-34.7233200;-58.2576070;1;1
99999;Ida;Alem y H Yrigoyen;-34.7240928;-58.2592857;1;1
99999;Ida;Yrigoyen y Alsina;-34.7232904;-58.2602835;1;1
99999;Ida;Yrigoyen y 9 de Julio;-34.7217340;-58.2614529;1;1
99999;Ida;Yrigoyen y Colon;-34.7207820;-58.2622130;1;1
99999;Ida;Yrigoyen y Alberdi;-34.7190223;-58.2634753;1;1
99999;Ida;Gran Canaria y P Oliveri;-34.7197057;-58.2657820;1;1
99999;Ida;Gran Canaria y R Lopez;-34.7206890;-58.2650256;1;1
99999;Ida;R Lopez y V Lopez;-34.7216750;-58.2665870;1;1
99999;Ida;R Lopez y B Irigoyen;-34.7226570;-58.2685150;1;1
99999;Ida;R Lopez y A Baranda;-34.7235850;-58.2703480;1;1
99999;Ida;A Baranda y San Luis;-34.7221308;-58.2716131;1;1
99999;Ida;A Baranda y Rep Libano;-34.7204156;-58.2728630;1;1
99999;Ida;A Baranda y La Rioja;-34.7187130;-58.2740420;1;1
99999;Ida;A Baranda y Lamadrid;-34.7169950;-58.2751920;1;1
99999;Ida;Belgrano y Boedo;-34.7151100;-58.2766050;1;1
99999;Ida;Belgrano y Zapiola;-34.7136600;-58.2777200;1;1
99999;Ida;Zapiola y San Martin;-34.7122493;-58.2755613;1;1
99999;Ida;San Martin y Don Bosco;-34.7108294;-58.2773960;1;1
99999;Ida;San Martín y 9 de Julio;-34.7097887;-58.2798529;1;1
99999;Ida;San Martín y LN Alem;-34.7075529;-58.2854962;1;1
99999;Ida;San Martín y Cerrito;-34.7066312;-58.2875562;1;1
99999;Ida;San Martín y Montevideo;-34.7050524;-58.2908070;1;1
99999;Ida;San Martín y Formosa;-34.7038749;-58.2948947;1;1
99999;Ida;San Martin y Chaco;-34.7035309;-58.2961446;1;1
99999;Ida;San Martin y Los Andes;-34.7029047;-58.2982314;1;1
99999;Ida;San Martin y Bermejo;-34.7019741;-58.3009833;1;1
99999;Ida;Ramón Franco y Caviglia;-34.7001042;-58.3061492;1;1
99999;Ida;Ramón Franco y Lincoln;-34.6978240;-58.3111542;1;1
99999;Ida;Ramón Franco y Las Flores;-34.6984050;-58.3132750;1;1
99999;Ida;Martín Fierro y Sodera;-34.6993250;-58.3143550;1;1
99999;Ida;M Fierro y Zola;-34.7001615;-58.3153975;1;1
99999;Ida;M Fierro y Bragado;-34.7010744;-58.3164275;1;1
99999;Ida;M Fierro y Zeballos;-34.7027459;-58.3184981;1;1
99999;Ida;M Fierro y Mitre;-34.7022167;-58.3195174;1;1
99999;Ida;Mitre y Bahia Blanca;-34.7006511;-58.3214968;1;1
99999;Ida;Mitre y Lomas de Zamora;-34.6990369;-58.3235192;1;1
99999;Ida;Mitre y Lobos;-34.6969750;-58.3259520;1;1
99999;Ida;D Alighieri y Mitre;-34.6980570;-58.3273080;1;1
99999;Ida;B. de los Italianos y Mitre;-34.6989170;-58.3283680;1;1
99999;Ida;B. de los Italianos y Belgrano;-34.7006370;-58.3304680;1;1
99999;Ida;B. de los italianos y Villegas;-34.7024650;-58.3327020;1;1
99999;Ida;B. de los Italianos y Mansilla;-34.7035001;-58.3340657;1;1
99999;Ida;Arredondo y B. de los Italianos;-34.7039852;-58.3353102;1;1
99999;Ida;Arredondo y Chascomus;-34.7024813;-58.3372575;1;1
99999;Ida;Arredondo y Centerario U;-34.7010877;-58.3390117;1;1
99999;Ida;Arredondo y Pierres;-34.6998748;-58.3405674;1;1
99999;Ida;Arredondo y P Palos;-34.6983577;-58.3424449;1;1
99999;Ida;Arredondo y Pedernera;-34.6968405;-58.3442044;1;1
99999;Ida;Arredondo y El Salvador;-34.6956673;-58.3456528;1;1
99999;Ida;Arredondo y Suipacha;-34.6944808;-58.3470154;1;1
99999;Ida;Arredondo y Deheza;-34.6932282;-58.3485550;1;1
99999;Ida;Arredondo y Molina;-34.6917480;-58.3504170;1;1
99999;Ida;Arredondo y Sarrat;-34.6906038;-58.3517522;1;1
99999;Ida;Madariaga y C. Larralde;-34.6905200;-58.3535814;1;1
99999;Ida;Larralde y Ferre;-34.6895937;-58.3549118;1;1
99999;Ida;Larralde y  Supisiche;-34.6881028;-58.3566284;1;1
99999;Ida;Larralde y Salta;-34.6869163;-58.3580661;1;1
99999;Ida;Larralde y O Higgins;-34.6854121;-58.3599061;1;1
99999;Ida;Larralde y Sarmiento;-34.6838329;-58.3618534;1;1
99999;Ida;Larralde y Tres Sargentos;-34.6825350;-58.3635020;1;1
99999;Ida;Eva Peron y Elisalde;-34.6796330;-58.3641470;1;1
99999;Ida;Eva Peron y Guemes;-34.6767580;-58.3645480;1;1
99999;Ida;Pitágoras (Museo);-34.6740920;-58.3622500;1;1
99999;Ida;Guemes y Lanares;-34.6749836;-58.3642191;1;1
99999;Ida;Guemes y villegas (Alto Avell);-34.6768100;-58.3662683;1;1
99999;Ida;Larralde y Larrazabal;-34.6776300;-58.3694420;1;1
99999;Ida;C. Larralde y Velez Sarfield;-34.6768365;-58.3703184;1;1
99999;Ida;Puente Alsina;-34.6715557;-58.3778930;1;1
99999;Ida;Gutemberg y Heredia;-34.6739910;-58.3804250;1;1
99999;Ida;Heredia y Yrigoyen;-34.6740174;-58.3821255;1;1
99999;Ida;Yrigoyen y Galicia;-34.6765983;-58.3829087;1;1
99999;Ida;Yrigoyen y Mario Bravo;-34.6794084;-58.3842713;1;1
99999;Ida;Cabildo y Beguerenstain;-34.6814750;-58.3859370;1;1
99999;Ida;Cabildo y Santiago;-34.6800568;-58.3875275;1;1
99999;Ida;Cabildo y Santa Fe;-34.6790466;-58.3887023;1;1
99999;Ida;Cabildo y Catamarca;-34.6783050;-58.3896270;1;1
99999;Ida;Cabildo y Peru;-34.6770747;-58.3909929;1;1
99999;Ida;Cabildo y Mendoza;-34.6753350;-58.3930670;1;1
99999;Ida;Guatemala y Cabildo;-34.6734880;-58.3951970;1;1
99999;Ida;Rivadavia y Paraguay;-34.6736866;-58.3963412;1;1
99999;Ida;Rivadavia y Rep.Argentina;-34.6751204;-58.3979398;1;1
99999;Ida;Rivadavia y Colombia;-34.6758130;-58.3989161;1;1
99999;Ida;Rivadavia y Pte Perón;-34.6769865;-58.4006757;1;1
99999;Ida;Pte Perón y Oliden;-34.6762409;-58.4023869;1;1
99999;Ida;Pte Perón y Ucrania;-34.6757230;-58.4031220;1;1
99999;Ida;Pte Perón y P de la Patria;-34.6747277;-58.4044361;1;1
99999;Ida;Pte Perón y Juan Farrel;-34.6740307;-58.4053749;1;1
99999;Ida;Pte Perón y J Rucci;-34.6727204;-58.4071344;1;1
99999;Ida;Pte Perón y Burgos;-34.6714542;-58.4088832;1;1
99999;Ida;Pte Perón y Armenia;-34.6701880;-58.4105462;1;1
99999;Ida;Pte Perón y Valparaíso;-34.6689924;-58.4121609;1;1
99999;Ida;Pte Perón y Lomas Valentinas;-34.6677790;-58.4137541;1;1
99999;Ida;Pte Perón y Crotti;-34.6666099;-58.4153634;1;1
99999;Ida;Pte Perón y La Habana;-34.6656304;-58.4166992;1;1
99999;Ida;R de Escalada y A L Palacios;-34.6625594;-58.4171551;1;1
99999;Ida;Av Saenz y Esquiú  (metrobus);-34.6514838;-58.4162700;1;1
99999;Ida;Av La Plata y Saenz;-34.6480416;-58.4170532;1;1
99999;Ida;Espera Av LaPlata;-34.6475518;-58.4182334;1;1
