Ramal;Sentido;Latitud;Longitud;Orden
213;Ida;-34.7179331;-58.2120037;0
213;Ida;-34.7179860;-58.2118642;1
213;Ida;-34.7179464;-58.2117408;2
213;Ida;-34.7178582;-58.2116979;3
213;Ida;-34.7177788;-58.2117944;4
213;Ida;-34.7177171;-58.2122451;5
213;Ida;-34.7176818;-58.2123148;6
213;Ida;-34.7173820;-58.2127547;7
213;Ida;-34.7168616;-58.2135808;8
213;Ida;-34.7162443;-58.2145947;9
213;Ida;-34.7156711;-58.2154583;10
213;Ida;-34.7148862;-58.2166707;11
213;Ida;-34.7139470;-58.2181352;12
213;Ida;-34.7133384;-58.2190579;13
213;Ida;-34.7127784;-58.2198733;14
213;Ida;-34.7123815;-58.2205116;15
213;Ida;-34.7119273;-58.2211875;16
213;Ida;-34.7114202;-58.2219332;17
213;Ida;-34.7108337;-58.2228344;18
213;Ida;-34.7105515;-58.2232314;19
213;Ida;-34.7103972;-58.2233548;20
213;Ida;-34.7102252;-58.2236015;21
213;Ida;-34.7097181;-58.2244223;22
213;Ida;-34.7087391;-58.2258707;23
213;Ida;-34.7081482;-58.2268363;24
213;Ida;-34.7080423;-58.2270777;25
213;Ida;-34.7078968;-58.2274907;26
213;Ida;-34.7076807;-58.2282042;27
213;Ida;-34.7073456;-58.2293683;28
213;Ida;-34.7070942;-58.2302212;29
213;Ida;-34.7069751;-58.2307416;30
213;Ida;-34.7072309;-58.2308542;31
213;Ida;-34.7072088;-58.2312726;32
213;Ida;-34.7079922;-58.2326192;33
213;Ida;-34.7089034;-58.2341802;34
213;Ida;-34.7098146;-58.2357412;35
213;Ida;-34.7107411;-58.2372915;36
213;Ida;-34.7116495;-58.2388311;37
213;Ida;-34.7125800;-58.2404297;38
213;Ida;-34.7134928;-58.2419478;39
213;Ida;-34.7144232;-58.2435303;40
213;Ida;-34.7153316;-58.2450807;41
213;Ida;-34.7162223;-58.2466042;42
213;Ida;-34.7169939;-58.2478004;43
213;Ida;-34.7175892;-58.2468831;44
213;Ida;-34.7185548;-58.2484281;45
213;Ida;-34.7194138;-58.2499581;46
213;Ida;-34.7195558;-58.2502466;47
213;Ida;-34.7202656;-58.2518291;48
213;Ida;-34.7211210;-58.2534223;49
213;Ida;-34.7219536;-58.2550450;50
213;Ida;-34.7227877;-58.2566732;51
213;Ida;-34.7234976;-58.2580626;52
213;Ida;-34.7242780;-58.2595539;53
213;Ida;-34.7228847;-58.2606428;54
213;Ida;-34.7215090;-58.2616728;55
213;Ida;-34.7202127;-58.2626760;56
213;Ida;-34.7188767;-58.2636523;57
213;Ida;-34.7182153;-58.2641834;58
213;Ida;-34.7187797;-58.2653528;59
213;Ida;-34.7191942;-58.2661467;60
213;Ida;-34.7205028;-58.2651726;61
213;Ida;-34.7208477;-58.2649076;62
213;Ida;-34.7217207;-58.2666778;63
213;Ida;-34.7226731;-58.2685768;64
213;Ida;-34.7236431;-58.2705187;65
213;Ida;-34.7212974;-58.2723426;66
213;Ida;-34.7195425;-58.2735013;67
213;Ida;-34.7175936;-58.2748317;68
213;Ida;-34.7167470;-58.2753896;69
213;Ida;-34.7148906;-58.2768326;70
213;Ida;-34.7140484;-58.2773691;71
213;Ida;-34.7133384;-58.2778948;72
213;Ida;-34.7128842;-58.2769185;73
213;Ida;-34.7124300;-58.2759422;74
213;Ida;-34.7120199;-58.2752609;75
213;Ida;-34.7118612;-58.2752341;76
213;Ida;-34.7108734;-58.2774120;77
213;Ida;-34.7102252;-58.2788550;78
213;Ida;-34.7097533;-58.2800459;79
213;Ida;-34.7091757;-58.2815533;80
213;Ida;-34.7084921;-58.2833182;81
213;Ida;-34.7077160;-58.2852226;82
213;Ida;-34.7067061;-58.2874864;83
213;Ida;-34.7055948;-58.2898145;84
213;Ida;-34.7049730;-58.2910591;85
213;Ida;-34.7043556;-58.2930225;86
213;Ida;-34.7039719;-58.2943636;87
213;Ida;-34.7038925;-58.2948839;88
213;Ida;-34.7035176;-58.2963109;89
213;Ida;-34.7030943;-58.2978665;90
213;Ida;-34.7029179;-58.2982528;91
213;Ida;-34.7027679;-58.2987570;92
213;Ida;-34.7023578;-58.2999211;93
213;Ida;-34.7017580;-58.3016109;94
213;Ida;-34.7016124;-58.3019542;95
213;Ida;-34.7012243;-58.3031237;96
213;Ida;-34.7008759;-58.3040624;97
213;Ida;-34.7004790;-58.3052104;98
213;Ida;-34.7000247;-58.3065193;99
213;Ida;-34.6994293;-58.3077156;100
213;Ida;-34.6986884;-58.3091908;101
213;Ida;-34.6980798;-58.3104354;102
213;Ida;-34.6977931;-58.3113044;103
213;Ida;-34.6975373;-58.3121412;104
213;Ida;-34.6975990;-58.3123934;105
213;Ida;-34.6993147;-58.3144319;106
213;Ida;-34.7011009;-58.3165454;107
213;Ida;-34.7020138;-58.3176344;108
213;Ida;-34.7029311;-58.3186697;109
213;Ida;-34.7016477;-58.3203274;110
213;Ida;-34.7004173;-58.3218938;111
213;Ida;-34.6988516;-58.3239054;112
213;Ida;-34.6976608;-58.3254075;113
213;Ida;-34.6969904;-58.3246672;114
213;Ida;-34.6964611;-58.3254075;115
213;Ida;-34.6972771;-58.3264321;116
213;Ida;-34.6989089;-58.3284276;117
213;Ida;-34.7000115;-58.3297526;118
213;Ida;-34.7015551;-58.3316570;119
213;Ida;-34.7029311;-58.3333092;120
213;Ida;-34.7043071;-58.3350151;121
213;Ida;-34.7032001;-58.3363938;122
213;Ida;-34.7021196;-58.3377134;123
213;Ida;-34.7007480;-58.3395320;124
213;Ida;-34.6994470;-58.3412057;125
213;Ida;-34.6980754;-58.3427828;126
213;Ida;-34.6967478;-58.3444082;127
213;Ida;-34.6954511;-58.3459693;128
213;Ida;-34.6940529;-58.3476322;129
213;Ida;-34.6933869;-58.3484262;130
213;Ida;-34.6926768;-58.3492791;131
213;Ida;-34.6915036;-58.3507061;132
213;Ida;-34.6905596;-58.3518648;133
213;Ida;-34.6898010;-58.3527392;134
213;Ida;-34.6906523;-58.3537423;135
213;Ida;-34.6895187;-58.3551102;136
213;Ida;-34.6884204;-58.3563441;137
213;Ida;-34.6875117;-58.3573687;138
213;Ida;-34.6868104;-58.3582645;139
213;Ida;-34.6859811;-58.3592730;140
213;Ida;-34.6845475;-58.3610379;141
213;Ida;-34.6834226;-58.3624219;142
213;Ida;-34.6822757;-58.3637899;143
213;Ida;-34.6795363;-58.3641707;144
213;Ida;-34.6774673;-58.3644819;145
213;Ida;-34.6758129;-58.3646911;146
213;Ida;-34.6744056;-58.3631461;147
213;Ida;-34.6738056;-58.3624166;148
213;Ida;-34.6740483;-58.3623200;149
213;Ida;-34.6743836;-58.3622503;150
213;Ida;-34.6744541;-58.3621752;151
213;Ida;-34.6744365;-58.3619070;152
213;Ida;-34.6733777;-58.3620250;153
213;Ida;-34.6731527;-58.3621966;154
213;Ida;-34.6739997;-58.3631515;155
213;Ida;-34.6752174;-58.3644980;156
213;Ida;-34.6764791;-58.3658444;157
213;Ida;-34.6776261;-58.3671319;158
213;Ida;-34.6783628;-58.3680278;159
213;Ida;-34.6783275;-58.3683925;160
213;Ida;-34.6780319;-58.3689022;161
213;Ida;-34.6767438;-58.3704257;162
213;Ida;-34.6761217;-58.3711713;163
213;Ida;-34.6758173;-58.3714073;164
213;Ida;-34.6745953;-58.3727431;165
213;Ida;-34.6736865;-58.3738428;166
213;Ida;-34.6728571;-58.3748191;167
213;Ida;-34.6722659;-58.3755594;168
213;Ida;-34.6718821;-58.3763480;169
213;Ida;-34.6717012;-58.3770829;170
213;Ida;-34.6715380;-58.3777803;171
213;Ida;-34.6715512;-58.3781129;172
213;Ida;-34.6717012;-58.3784186;173
213;Ida;-34.6721600;-58.3787405;174
213;Ida;-34.6728836;-58.3792662;175
213;Ida;-34.6733865;-58.3796149;176
213;Ida;-34.6737439;-58.3799314;177
213;Ida;-34.6739997;-58.3801406;178
213;Ida;-34.6741409;-58.3802264;179
213;Ida;-34.6741144;-58.3803123;180
213;Ida;-34.6736247;-58.3809238;181
213;Ida;-34.6729806;-58.3816695;182
213;Ida;-34.6730645;-58.3818143;183
213;Ida;-34.6744718;-58.3822005;184
213;Ida;-34.6756982;-58.3825385;185
213;Ida;-34.6768320;-58.3829784;186
213;Ida;-34.6777055;-58.3833914;187
213;Ida;-34.6785878;-58.3838313;188
213;Ida;-34.6795495;-58.3842551;189
213;Ida;-34.6803921;-58.3846521;190
213;Ida;-34.6807053;-58.3847916;191
213;Ida;-34.6807803;-58.3849740;192
213;Ida;-34.6815522;-58.3858913;193
213;Ida;-34.6811288;-58.3863741;194
213;Ida;-34.6804671;-58.3871304;195
213;Ida;-34.6799068;-58.3877635;196
213;Ida;-34.6794348;-58.3883482;197
213;Ida;-34.6786319;-58.3892709;198
213;Ida;-34.6776393;-58.3903813;199
213;Ida;-34.6768585;-58.3912771;200
213;Ida;-34.6763467;-58.3919048;201
213;Ida;-34.6754335;-58.3928757;202
213;Ida;-34.6748512;-58.3935785;203
213;Ida;-34.6744321;-58.3940505;204
213;Ida;-34.6741718;-58.3941954;205
213;Ida;-34.6739071;-58.3942705;206
213;Ida;-34.6739247;-58.3946138;207
213;Ida;-34.6731086;-58.3956331;208
213;Ida;-34.6742336;-58.3969098;209
213;Ida;-34.6753453;-58.3981382;210
213;Ida;-34.6763467;-58.3995813;211
213;Ida;-34.6772599;-58.4010297;212
213;Ida;-34.6762188;-58.4024780;213
213;Ida;-34.6751821;-58.4039211;214
213;Ida;-34.6740924;-58.4053534;215
213;Ida;-34.6730600;-58.4067749;216
213;Ida;-34.6719836;-58.4082233;217
213;Ida;-34.6710483;-58.4095215;218
213;Ida;-34.6698835;-58.4110343;219
213;Ida;-34.6688423;-58.4124344;220
213;Ida;-34.6677658;-58.4138774;221
213;Ida;-34.6666980;-58.4153687;222
213;Ida;-34.6656612;-58.4167367;223
213;Ida;-34.6649950;-58.4176540;224
213;Ida;-34.6633070;-58.4173522;225
213;Ida;-34.6617559;-58.4170289;226
213;Ida;-34.6602047;-58.4167056;227
213;Ida;-34.6599164;-58.4166455;228
213;Ida;-34.6582573;-58.4164846;229
213;Ida;-34.6566838;-58.4164452;230
213;Ida;-34.6551104;-58.4164058;231
213;Ida;-34.6535369;-58.4163664;232
213;Ida;-34.6519634;-58.4163270;233
213;Ida;-34.6502437;-58.4163236;234
213;Ida;-34.6487786;-58.4161841;235
213;Ida;-34.6483902;-58.4160768;236
213;Ida;-34.6481519;-58.4159910;237
213;Ida;-34.6479401;-58.4158784;238
213;Ida;-34.6478210;-58.4160715;239
213;Ida;-34.6478342;-58.4162914;240
213;Ida;-34.6480372;-58.4162646;241
213;Ida;-34.6483020;-58.4163665;242
213;Ida;-34.6481960;-58.4166938;243
213;Ida;-34.6476268;-58.4180992;244
213;Ida;-34.6471016;-58.4192419;245
213;Ida;-34.6457423;-58.4204006;246
213;Ida;-34.6445375;-58.4214574;247
213;Ida;-34.6434254;-58.4223854;248
213;Ida;-34.6428760;-58.4227931;249
213;Ida;-34.6412584;-58.4232062;250
213;Ida;-34.6397313;-58.4235656;251
213;Ida;-34.6381027;-58.4240216;252
213;Ida;-34.6364123;-58.4244561;253
213;Ida;-34.6350793;-58.4247672;254
213;Ida;-34.6334639;-58.4251856;255
213;Ida;-34.6316321;-58.4256792;256
213;Ida;-34.6303300;-58.4259474;257
213;Ida;-34.6285423;-58.4263283;258
213;Ida;-34.6270414;-58.4267038;259
213;Ida;-34.6256156;-58.4270364;260
213;Ida;-34.6239823;-58.4273850;261
213;Ida;-34.6223313;-58.4277069;262
213;Ida;-34.6210467;-58.4279590;263
213;Ida;-34.6196208;-58.4282165;264
213;Ida;-34.6181427;-58.4285377;265
213;Ida;-34.6165968;-58.4288968;266
213;Ida;-34.6151775;-58.4292264;267
213;Ida;-34.6151168;-58.4294021;268
213;Ida;-34.6158330;-58.4310489;269
213;Ida;-34.6166100;-58.4327441;270
213;Ida;-34.6174930;-58.4345948;271
213;Ida;-34.6182390;-58.4364080;272
213;Ida;-34.6188880;-58.4378081;273
213;Ida;-34.6195502;-58.4393692;274
213;Ida;-34.6204154;-58.4411609;275
213;Ida;-34.6211747;-58.4430384;276
213;Ida;-34.6218811;-58.4446477;277
213;Ida;-34.6226050;-58.4464126;278
213;Ida;-34.6232981;-58.4481346;279
213;Ida;-34.6239559;-58.4498244;280
213;Ida;-34.6246621;-58.4515839;281
213;Ida;-34.6253684;-58.4534883;282
213;Ida;-34.6259732;-58.4550225;283
213;Ida;-34.6266309;-58.4567070;284
213;Ida;-34.6273372;-58.4583860;285
213;Ida;-34.6280170;-58.4600973;286
213;Ida;-34.6285643;-58.4617495;287
213;Ida;-34.6288027;-58.4627580;288
213;Ida;-34.6293324;-58.4645926;289
213;Ida;-34.6298135;-58.4663200;290
213;Ida;-34.6302946;-58.4682673;291
213;Ida;-34.6307669;-58.4700268;292
213;Ida;-34.6312701;-58.4718829;293
213;Ida;-34.6317469;-58.4736692;294
213;Ida;-34.6322589;-58.4755575;295
213;Ida;-34.6327091;-58.4774190;296
213;Ida;-34.6331593;-58.4791892;297
213;Ida;-34.6336095;-58.4809970;298
213;Ida;-34.6339361;-58.4823542;299
213;Ida;-34.6332255;-58.4832769;300
213;Ida;-34.6327753;-58.4835935;301
213;Ida;-34.6312991;-58.4842563;302
213;Ida;-34.6298228;-58.4849192;303
213;Ida;-34.6282995;-58.4856641;304
213;Ida;-34.6268207;-58.4863078;305
213;Ida;-34.6262425;-58.4865707;306
213;Ida;-34.6262601;-58.4868335;307
213;Ida;-34.6268075;-58.4881800;308
213;Ida;-34.6270812;-58.4888237;309
213;Ida;-34.6270282;-58.4891188;310
213;Ida;-34.6259344;-58.4904939;311
213;Ida;-34.6248407;-58.4918690;312
213;Ida;-34.6237469;-58.4932441;313
213;Ida;-34.6226531;-58.4946192;314
213;Ida;-34.6215593;-58.4959943;315
213;Ida;-34.6204655;-58.4973694;316
213;Ida;-34.6193717;-58.4987444;317
213;Ida;-34.6182780;-58.5001195;318
213;Ida;-34.6180846;-58.5003626;319
213;Ida;-34.6173208;-58.5012531;320
213;Ida;-34.6159964;-58.5022401;321
213;Ida;-34.6146410;-58.5032486;322
213;Ida;-34.6133872;-58.5043805;323
213;Ida;-34.6121245;-58.5055232;324
213;Ida;-34.6108770;-58.5066486;325
213;Ida;-34.6095838;-58.5077385;326
213;Ida;-34.6082878;-58.5088491;327
213;Ida;-34.6070029;-58.5099595;328
213;Ida;-34.6059742;-58.5108500;329
213;Ida;-34.6055635;-58.5111826;330
213;Ida;-34.6055768;-58.5114026;331
213;Ida;-34.6064973;-58.5128860;332
213;Ida;-34.6074533;-58.5144656;333
213;Ida;-34.6083540;-58.5159623;334
213;Ida;-34.6093518;-58.5174858;335
213;Ida;-34.6102348;-58.5189986;336
213;Ida;-34.6111797;-58.5205113;337
213;Ida;-34.6120980;-58.5220670;338
213;Ida;-34.6130649;-58.5236495;339
213;Ida;-34.6140053;-58.5251355;340
213;Ida;-34.6150913;-58.5265731;341
213;Ida;-34.6161774;-58.5279464;342
213;Ida;-34.6172281;-58.5293519;343
213;Ida;-34.6179080;-58.5302424;344
213;Ida;-34.6179852;-58.5304436;345
213;Ida;-34.6180360;-58.5310686;346
213;Ida;-34.6182060;-58.5313073;347
213;Ida;-34.6197781;-58.5312180;348
213;Ida;-34.6213502;-58.5311288;349
213;Ida;-34.6226007;-58.5310578;350
213;Ida;-34.6237474;-58.5323678;351
213;Ida;-34.6247593;-58.5335630;352
213;Ida;-34.6260408;-58.5349877;353
213;Ida;-34.6272401;-58.5363579;354
213;Ida;-34.6273990;-58.5363579;355
213;Ida;-34.6280920;-58.5354298;356
213;Ida;-34.6287144;-58.5346198;357
213;Vuelta;-34.6285026;-58.5344160;0
213;Vuelta;-34.6282289;-58.5341424;1
213;Vuelta;-34.6271563;-58.5355420;2
213;Vuelta;-34.6268517;-58.5359395;3
213;Vuelta;-34.6262601;-58.5367387;4
213;Vuelta;-34.6251632;-58.5355137;5
213;Vuelta;-34.6240144;-58.5342065;6
213;Vuelta;-34.6228656;-58.5328993;7
213;Vuelta;-34.6224682;-58.5324472;8
213;Vuelta;-34.6214176;-58.5338259;9
213;Vuelta;-34.6202542;-58.5325379;10
213;Vuelta;-34.6191838;-58.5313529;11
213;Vuelta;-34.6191308;-58.5304409;12
213;Vuelta;-34.6189763;-58.5303068;13
213;Vuelta;-34.6180757;-58.5303551;14
213;Vuelta;-34.6170073;-58.5290032;15
213;Vuelta;-34.6158418;-58.5275495;16
213;Vuelta;-34.6147734;-58.5261279;17
213;Vuelta;-34.6139523;-58.5250657;18
213;Vuelta;-34.6135462;-58.5244435;19
213;Vuelta;-34.6126142;-58.5229026;20
213;Vuelta;-34.6116822;-58.5213618;21
213;Vuelta;-34.6107503;-58.5198209;22
213;Vuelta;-34.6098183;-58.5182800;23
213;Vuelta;-34.6088863;-58.5167392;24
213;Vuelta;-34.6079544;-58.5151983;25
213;Vuelta;-34.6070224;-58.5136575;26
213;Vuelta;-34.6066807;-58.5130924;27
213;Vuelta;-34.6064687;-58.5130923;28
213;Vuelta;-34.6052598;-58.5142043;29
213;Vuelta;-34.6051132;-58.5143423;30
213;Vuelta;-34.6049586;-58.5142189;31
213;Vuelta;-34.6042875;-58.5131192;32
213;Vuelta;-34.6035325;-58.5119337;33
213;Vuelta;-34.6035546;-58.5117728;34
213;Vuelta;-34.6048041;-58.5106408;35
213;Vuelta;-34.6050823;-58.5105497;36
213;Vuelta;-34.6056916;-58.5116225;37
213;Vuelta;-34.6063406;-58.5126578;38
213;Vuelta;-34.6065305;-58.5127491;39
213;Vuelta;-34.6077847;-58.5115940;40
213;Vuelta;-34.6091399;-58.5103458;41
213;Vuelta;-34.6105070;-58.5093984;42
213;Vuelta;-34.6108972;-58.5091281;43
213;Vuelta;-34.6121466;-58.5080230;44
213;Vuelta;-34.6134357;-58.5067999;45
213;Vuelta;-34.6146631;-58.5056251;46
213;Vuelta;-34.6159434;-58.5044234;47
213;Vuelta;-34.6171124;-58.5032637;48
213;Vuelta;-34.6180095;-58.5024172;49
213;Vuelta;-34.6191032;-58.5010420;50
213;Vuelta;-34.6201969;-58.4996667;51
213;Vuelta;-34.6212906;-58.4982915;52
213;Vuelta;-34.6223843;-58.4969163;53
213;Vuelta;-34.6234781;-58.4955410;54
213;Vuelta;-34.6245718;-58.4941658;55
213;Vuelta;-34.6256655;-58.4927905;56
213;Vuelta;-34.6267592;-58.4914152;57
213;Vuelta;-34.6278530;-58.4900400;58
213;Vuelta;-34.6284320;-58.4893119;59
213;Vuelta;-34.6295312;-58.4879431;60
213;Vuelta;-34.6306304;-58.4865743;61
213;Vuelta;-34.6317115;-58.4851759;62
213;Vuelta;-34.6328548;-58.4837597;63
213;Vuelta;-34.6332697;-58.4832877;64
213;Vuelta;-34.6340333;-58.4829605;65
213;Vuelta;-34.6341083;-58.4828532;66
213;Vuelta;-34.6336669;-58.4809648;67
213;Vuelta;-34.6332255;-58.4791034;68
213;Vuelta;-34.6327312;-58.4770810;69
213;Vuelta;-34.6323251;-58.4753966;70
213;Vuelta;-34.6318086;-58.4734117;71
213;Vuelta;-34.6312569;-58.4715074;72
213;Vuelta;-34.6307537;-58.4697264;73
213;Vuelta;-34.6305021;-58.4685462;74
213;Vuelta;-34.6300430;-58.4667974;75
213;Vuelta;-34.6293809;-58.4644103;76
213;Vuelta;-34.6288689;-58.4627205;77
213;Vuelta;-34.6284098;-58.4611433;78
213;Vuelta;-34.6276329;-58.4591370;79
213;Vuelta;-34.6271165;-58.4578388;80
213;Vuelta;-34.6264543;-58.4561491;81
213;Vuelta;-34.6257525;-58.4543734;82
213;Vuelta;-34.6250815;-58.4526407;83
213;Vuelta;-34.6243664;-58.4508275;84
213;Vuelta;-34.6237440;-58.4491699;85
213;Vuelta;-34.6230553;-58.4474211;86
213;Vuelta;-34.6224020;-58.4457528;87
213;Vuelta;-34.6217486;-58.4440684;88
213;Vuelta;-34.6212630;-58.4427917;89
213;Vuelta;-34.6207403;-58.4409698;90
213;Vuelta;-34.6203007;-58.4391063;91
213;Vuelta;-34.6196870;-58.4371054;92
213;Vuelta;-34.6192632;-58.4356409;93
213;Vuelta;-34.6190558;-58.4345573;94
213;Vuelta;-34.6188087;-58.4326686;95
213;Vuelta;-34.6185615;-58.4307800;96
213;Vuelta;-34.6183144;-58.4288913;97
213;Vuelta;-34.6182921;-58.4287208;98
213;Vuelta;-34.6183627;-58.4285653;99
213;Vuelta;-34.6198901;-58.4282541;100
213;Vuelta;-34.6214661;-58.4279483;101
213;Vuelta;-34.6230553;-58.4276318;102
213;Vuelta;-34.6245915;-58.4273314;103
213;Vuelta;-34.6262160;-58.4269666;104
213;Vuelta;-34.6276992;-58.4266072;105
213;Vuelta;-34.6294118;-58.4262800;106
213;Vuelta;-34.6309391;-58.4259474;107
213;Vuelta;-34.6324487;-58.4255611;108
213;Vuelta;-34.6338435;-58.4251642;109
213;Vuelta;-34.6353971;-58.4247565;110
213;Vuelta;-34.6368801;-58.4243756;111
213;Vuelta;-34.6384558;-58.4239518;112
213;Vuelta;-34.6400005;-58.4235924;113
213;Vuelta;-34.6415493;-58.4231733;114
213;Vuelta;-34.6427458;-58.4228951;115
213;Vuelta;-34.6430061;-58.4227717;116
213;Vuelta;-34.6442942;-58.4216724;117
213;Vuelta;-34.6455822;-58.4205731;118
213;Vuelta;-34.6468702;-58.4194739;119
213;Vuelta;-34.6471546;-58.4192312;120
213;Vuelta;-34.6474988;-58.4185070;121
213;Vuelta;-34.6481889;-58.4167876;122
213;Vuelta;-34.6482976;-58.4165168;123
213;Vuelta;-34.6484256;-58.4164497;124
213;Vuelta;-34.6486793;-58.4164014;125
213;Vuelta;-34.6502613;-58.4163987;126
213;Vuelta;-34.6518279;-58.4164094;127
213;Vuelta;-34.6533945;-58.4164416;128
213;Vuelta;-34.6550272;-58.4164845;129
213;Vuelta;-34.6566025;-58.4165114;130
213;Vuelta;-34.6581208;-58.4165972;131
213;Vuelta;-34.6588971;-58.4166133;132
213;Vuelta;-34.6604194;-58.4168225;133
213;Vuelta;-34.6613725;-58.4170532;134
213;Vuelta;-34.6624138;-58.4173053;135
213;Vuelta;-34.6634110;-58.4174716;136
213;Vuelta;-34.6647743;-58.4176862;137
213;Vuelta;-34.6649619;-58.4177506;138
213;Vuelta;-34.6650920;-58.4175145;139
213;Vuelta;-34.6652355;-58.4173349;140
213;Vuelta;-34.6662879;-58.4159120;141
213;Vuelta;-34.6673403;-58.4144892;142
213;Vuelta;-34.6683927;-58.4130663;143
213;Vuelta;-34.6694451;-58.4116435;144
213;Vuelta;-34.6704976;-58.4102206;145
213;Vuelta;-34.6715500;-58.4087978;146
213;Vuelta;-34.6726024;-58.4073749;147
213;Vuelta;-34.6736548;-58.4059520;148
213;Vuelta;-34.6747073;-58.4045292;149
213;Vuelta;-34.6757597;-58.4031063;150
213;Vuelta;-34.6768122;-58.4016834;151
213;Vuelta;-34.6772600;-58.4010780;152
213;Vuelta;-34.6772688;-58.4008365;153
213;Vuelta;-34.6763114;-58.3992648;154
213;Vuelta;-34.6754379;-58.3980095;155
213;Vuelta;-34.6741056;-58.3965396;156
213;Vuelta;-34.6729806;-58.3952683;157
213;Vuelta;-34.6725306;-58.3947801;158
213;Vuelta;-34.6723365;-58.3946460;159
213;Vuelta;-34.6724556;-58.3944636;160
213;Vuelta;-34.6730292;-58.3937394;161
213;Vuelta;-34.6731306;-58.3937609;162
213;Vuelta;-34.6733204;-58.3939970;163
213;Vuelta;-34.6735939;-58.3942383;164
213;Vuelta;-34.6739424;-58.3943080;165
213;Vuelta;-34.6743306;-58.3941847;166
213;Vuelta;-34.6746682;-58.3938709;167
213;Vuelta;-34.6754887;-58.3928731;168
213;Vuelta;-34.6763733;-58.3918995;169
213;Vuelta;-34.6767791;-58.3913684;170
213;Vuelta;-34.6774099;-58.3906871;171
213;Vuelta;-34.6783923;-58.3895674;172
213;Vuelta;-34.6795098;-58.3882570;173
213;Vuelta;-34.6807759;-58.3867657;174
213;Vuelta;-34.6816184;-58.3857947;175
213;Vuelta;-34.6819736;-58.3853978;176
213;Vuelta;-34.6820419;-58.3852207;177
213;Vuelta;-34.6818787;-58.3851134;178
213;Vuelta;-34.6806435;-58.3845931;179
213;Vuelta;-34.6797480;-58.3841961;180
213;Vuelta;-34.6780408;-58.3834290;181
213;Vuelta;-34.6769291;-58.3829194;182
213;Vuelta;-34.6757071;-58.3824688;183
213;Vuelta;-34.6745821;-58.3821415;184
213;Vuelta;-34.6751644;-58.3814549;185
213;Vuelta;-34.6757335;-58.3807897;186
213;Vuelta;-34.6741453;-58.3801996;187
213;Vuelta;-34.6729939;-58.3792930;188
213;Vuelta;-34.6721733;-58.3787083;189
213;Vuelta;-34.6717189;-58.3784079;190
213;Vuelta;-34.6715424;-58.3780753;191
213;Vuelta;-34.6716086;-58.3774638;192
213;Vuelta;-34.6718380;-58.3765089;193
213;Vuelta;-34.6721645;-58.3757364;194
213;Vuelta;-34.6732145;-58.3744812;195
213;Vuelta;-34.6744409;-58.3729791;196
213;Vuelta;-34.6757556;-58.3715307;197
213;Vuelta;-34.6761526;-58.3712357;198
213;Vuelta;-34.6768276;-58.3704686;199
213;Vuelta;-34.6778908;-58.3691006;200
213;Vuelta;-34.6786937;-58.3681190;201
213;Vuelta;-34.6772158;-58.3664882;202
213;Vuelta;-34.6756762;-58.3647608;203
213;Vuelta;-34.6777893;-58.3644336;204
213;Vuelta;-34.6796024;-58.3641868;205
213;Vuelta;-34.6823022;-58.3637845;206
213;Vuelta;-34.6840667;-58.3616709;207
213;Vuelta;-34.6853282;-58.3601313;208
213;Vuelta;-34.6874985;-58.3574008;209
213;Vuelta;-34.6882880;-58.3564996;210
213;Vuelta;-34.6889276;-58.3558237;211
213;Vuelta;-34.6907361;-58.3536994;212
213;Vuelta;-34.6921652;-58.3520150;213
213;Vuelta;-34.6936207;-58.3502876;214
213;Vuelta;-34.6956143;-58.3479487;215
213;Vuelta;-34.6966375;-58.3467149;216
213;Vuelta;-34.6982606;-58.3447837;217
213;Vuelta;-34.6997866;-58.3429491;218
213;Vuelta;-34.7023710;-58.3398538;219
213;Vuelta;-34.7036940;-58.3379280;220
213;Vuelta;-34.7043997;-58.3369410;221
213;Vuelta;-34.7051538;-58.3360022;222
213;Vuelta;-34.7037955;-58.3343392;223
213;Vuelta;-34.7025386;-58.3328157;224
213;Vuelta;-34.7007480;-58.3306646;225
213;Vuelta;-34.6989707;-58.3284544;226
213;Vuelta;-34.6971712;-58.3262658;227
213;Vuelta;-34.6983753;-58.3247476;228
213;Vuelta;-34.6998748;-58.3229291;229
213;Vuelta;-34.7015860;-58.3207297;230
213;Vuelta;-34.7030854;-58.3188790;231
213;Vuelta;-34.7041395;-58.3200913;232
213;Vuelta;-34.7051670;-58.3187770;233
213;Vuelta;-34.7042750;-58.3178086;234
213;Vuelta;-34.7024768;-58.3156871;235
213;Vuelta;-34.7008362;-58.3137935;236
213;Vuelta;-34.6980842;-58.3105373;237
213;Vuelta;-34.6991074;-58.3084076;238
213;Vuelta;-34.7000247;-58.3066266;239
213;Vuelta;-34.7004128;-58.3055806;240
213;Vuelta;-34.7008715;-58.3042716;241
213;Vuelta;-34.7014140;-58.3027482;242
213;Vuelta;-34.7021770;-58.3004790;243
213;Vuelta;-34.7028693;-58.2985532;244
213;Vuelta;-34.7031295;-58.2979685;245
213;Vuelta;-34.7033986;-58.2970726;246
213;Vuelta;-34.7036544;-58.2961338;247
213;Vuelta;-34.7039939;-58.2947874;248
213;Vuelta;-34.7040469;-58.2942992;249
213;Vuelta;-34.7043864;-58.2930600;250
213;Vuelta;-34.7049465;-58.2912147;251
213;Vuelta;-34.7057800;-58.2894551;252
213;Vuelta;-34.7066223;-58.2877117;253
213;Vuelta;-34.7077116;-58.2851797;254
213;Vuelta;-34.7088273;-58.2826423;255
213;Vuelta;-34.7097489;-58.2802283;256
213;Vuelta;-34.7102825;-58.2788389;257
213;Vuelta;-34.7108205;-58.2776534;258
213;Vuelta;-34.7119935;-58.2752394;259
213;Vuelta;-34.7125138;-58.2762211;260
213;Vuelta;-34.7133605;-58.2779645;261
213;Vuelta;-34.7160944;-58.2759153;262
213;Vuelta;-34.7175186;-58.2749176;263
213;Vuelta;-34.7184226;-58.2743006;264
213;Vuelta;-34.7202392;-58.2730829;265
213;Vuelta;-34.7219764;-58.2717847;266
213;Vuelta;-34.7236916;-58.2705509;267
213;Vuelta;-34.7231581;-58.2695746;268
213;Vuelta;-34.7223732;-58.2679545;269
213;Vuelta;-34.7217251;-58.2666832;270
213;Vuelta;-34.7213062;-58.2658088;271
213;Vuelta;-34.7205303;-58.2663453;272
213;Vuelta;-34.7204332;-58.2663131;273
213;Vuelta;-34.7196098;-58.2646814;274
213;Vuelta;-34.7190796;-58.2636309;275
213;Vuelta;-34.7191149;-58.2635128;276
213;Vuelta;-34.7204558;-58.2625104;277
213;Vuelta;-34.7217956;-58.2614582;278
213;Vuelta;-34.7228450;-58.2606804;279
213;Vuelta;-34.7242604;-58.2596183;280
213;Vuelta;-34.7243530;-58.2596290;281
213;Vuelta;-34.7246968;-58.2602834;282
213;Vuelta;-34.7248115;-58.2603693;283
213;Vuelta;-34.7253803;-58.2599321;284
213;Vuelta;-34.7253846;-58.2597684;285
213;Vuelta;-34.7246571;-58.2582235;286
213;Vuelta;-34.7237577;-58.2564532;287
213;Vuelta;-34.7229288;-58.2548567;288
213;Vuelta;-34.7221043;-58.2532257;289
213;Vuelta;-34.7212798;-58.2515948;290
213;Vuelta;-34.7204554;-58.2499638;291
213;Vuelta;-34.7196309;-58.2483328;292
213;Vuelta;-34.7193265;-58.2477307;293
213;Vuelta;-34.7185196;-58.2464486;294
213;Vuelta;-34.7182462;-58.2459176;295
213;Vuelta;-34.7180875;-58.2459658;296
213;Vuelta;-34.7175319;-58.2469528;297
213;Vuelta;-34.7170822;-58.2476234;298
213;Vuelta;-34.7169719;-58.2476074;299
213;Vuelta;-34.7160238;-58.2461106;300
213;Vuelta;-34.7150802;-58.2445442;301
213;Vuelta;-34.7141498;-58.2429027;302
213;Vuelta;-34.7132370;-58.2414221;303
213;Vuelta;-34.7123463;-58.2399201;304
213;Vuelta;-34.7114296;-58.2383069;305
213;Vuelta;-34.7105058;-58.2367569;306
213;Vuelta;-34.7095593;-58.2352316;307
213;Vuelta;-34.7085671;-58.2335150;308
213;Vuelta;-34.7076939;-58.2320398;309
213;Vuelta;-34.7071427;-58.2310152;310
213;Vuelta;-34.7071118;-58.2308596;311
213;Vuelta;-34.7076152;-58.2290569;312
213;Vuelta;-34.7081526;-58.2272279;313
213;Vuelta;-34.7090919;-58.2256454;314
213;Vuelta;-34.7102825;-58.2238322;315
213;Vuelta;-34.7105251;-58.2233279;316
213;Vuelta;-34.7110057;-58.2226252;317
213;Vuelta;-34.7120067;-58.2211178;318
213;Vuelta;-34.7129592;-58.2196265;319
213;Vuelta;-34.7139646;-58.2180869;320
213;Vuelta;-34.7149612;-58.2165849;321
213;Vuelta;-34.7158827;-58.2151848;322
213;Vuelta;-34.7168969;-58.2136076;323
213;Vuelta;-34.7174614;-58.2127011;324
213;Vuelta;-34.7180081;-58.2119071;325
213;Vuelta;-34.7179905;-58.2117623;326
213;Vuelta;-34.7178692;-58.2116899;327
236;Ida;-34.6094349;-58.4088080;0
236;Ida;-34.6092069;-58.4087919;1
236;Ida;-34.6092719;-58.4084050;2
236;Ida;-34.6092450;-58.4083120;3
236;Ida;-34.6090999;-58.4065379;4
236;Ida;-34.6091869;-58.4061730;5
236;Ida;-34.6093570;-58.4060020;6
236;Ida;-34.6095929;-58.4059800;7
236;Ida;-34.6105600;-58.4059600;8
236;Ida;-34.6121176;-58.4056872;9
236;Ida;-34.6124050;-58.4056369;10
236;Ida;-34.6123400;-58.4043500;11
236;Ida;-34.6139054;-58.4041536;12
236;Ida;-34.6145720;-58.4040699;13
236;Ida;-34.6144561;-58.4021627;14
236;Ida;-34.6143404;-58.4002557;15
236;Ida;-34.6142247;-58.3983485;16
236;Ida;-34.6141089;-58.3964415;17
236;Ida;-34.6139932;-58.3945343;18
236;Ida;-34.6138775;-58.3926273;19
236;Ida;-34.6138219;-58.3917119;20
236;Ida;-34.6136860;-58.3898068;21
236;Ida;-34.6135500;-58.3879017;22
236;Ida;-34.6134142;-58.3859964;23
236;Ida;-34.6132782;-58.3840914;24
236;Ida;-34.6131424;-58.3821863;25
236;Ida;-34.6131099;-58.3817320;26
236;Ida;-34.6130500;-58.3809979;27
236;Ida;-34.6146225;-58.3809255;28
236;Ida;-34.6161953;-58.3808532;29
236;Ida;-34.6164419;-58.3808420;30
236;Ida;-34.6180153;-58.3807941;31
236;Ida;-34.6188069;-58.3807699;32
236;Ida;-34.6203806;-58.3807537;33
236;Ida;-34.6207420;-58.3807499;34
236;Ida;-34.6208329;-58.3807699;35
236;Ida;-34.6209870;-58.3808300;36
236;Ida;-34.6210820;-58.3808549;37
236;Ida;-34.6219850;-58.3808900;38
236;Ida;-34.6222100;-58.3809419;39
236;Ida;-34.6227230;-58.3811049;40
236;Ida;-34.6241569;-58.3814449;41
236;Ida;-34.6246250;-58.3814369;42
236;Ida;-34.6246470;-58.3822600;43
236;Ida;-34.6262203;-58.3822126;44
236;Ida;-34.6269070;-58.3821920;45
236;Ida;-34.6270049;-58.3822400;46
236;Ida;-34.6273449;-58.3822300;47
236;Ida;-34.6275970;-58.3819179;48
236;Ida;-34.6276220;-58.3818720;49
236;Ida;-34.6276330;-58.3818169;50
236;Ida;-34.6275850;-58.3798370;51
236;Ida;-34.6277100;-58.3796070;52
236;Ida;-34.6292186;-58.3790624;53
236;Ida;-34.6302450;-58.3786920;54
236;Ida;-34.6302870;-58.3786199;55
236;Ida;-34.6303100;-58.3785420;56
236;Ida;-34.6303249;-58.3784399;57
236;Ida;-34.6303249;-58.3782349;58
236;Ida;-34.6303070;-58.3781450;59
236;Ida;-34.6302900;-58.3781049;60
236;Ida;-34.6300770;-58.3778420;61
236;Ida;-34.6298120;-58.3773849;62
236;Ida;-34.6298049;-58.3773070;63
236;Ida;-34.6298120;-58.3772400;64
236;Ida;-34.6298400;-58.3771800;65
236;Ida;-34.6298749;-58.3771320;66
236;Ida;-34.6299520;-58.3771520;67
236;Ida;-34.6314525;-58.3765751;68
236;Ida;-34.6329531;-58.3759984;69
236;Ida;-34.6341850;-58.3755250;70
236;Ida;-34.6342229;-58.3754619;71
236;Ida;-34.6344220;-58.3753949;72
236;Ida;-34.6345820;-58.3753570;73
236;Ida;-34.6346720;-58.3753870;74
236;Ida;-34.6360480;-58.3751219;75
236;Ida;-34.6361169;-58.3750679;76
236;Ida;-34.6362420;-58.3750429;77
236;Ida;-34.6363100;-58.3750780;78
236;Ida;-34.6378520;-58.3747850;79
236;Ida;-34.6394080;-58.3744980;80
236;Ida;-34.6398319;-58.3744200;81
236;Ida;-34.6402649;-58.3743550;82
236;Ida;-34.6403070;-58.3742919;83
236;Ida;-34.6406180;-58.3742319;84
236;Ida;-34.6407250;-58.3742700;85
236;Ida;-34.6422814;-58.3739867;86
236;Ida;-34.6438379;-58.3737034;87
236;Ida;-34.6453944;-58.3734202;88
236;Ida;-34.6469507;-58.3731371;89
236;Ida;-34.6485072;-58.3728539;90
236;Ida;-34.6490069;-58.3727629;91
236;Ida;-34.6491830;-58.3727850;92
236;Ida;-34.6492650;-58.3729080;93
236;Ida;-34.6496550;-58.3740299;94
236;Ida;-34.6498270;-58.3741150;95
236;Ida;-34.6499549;-58.3740949;96
236;Ida;-34.6501269;-58.3739649;97
236;Ida;-34.6505349;-58.3733870;98
236;Ida;-34.6509420;-58.3730649;99
236;Ida;-34.6512650;-58.3729149;100
236;Ida;-34.6521869;-58.3723770;101
236;Ida;-34.6537097;-58.3718937;102
236;Ida;-34.6552324;-58.3714105;103
236;Ida;-34.6557699;-58.3712400;104
236;Ida;-34.6571000;-58.3704699;105
236;Ida;-34.6572949;-58.3703819;106
236;Ida;-34.6578519;-58.3702970;107
236;Ida;-34.6583449;-58.3703819;108
236;Ida;-34.6585380;-58.3703170;109
236;Ida;-34.6587749;-58.3701470;110
236;Ida;-34.6588599;-58.3700600;111
236;Ida;-34.6589669;-58.3700169;112
236;Ida;-34.6590750;-58.3700380;113
236;Ida;-34.6595050;-58.3703170;114
236;Ida;-34.6597179;-58.3701250;115
236;Ida;-34.6602120;-58.3694380;116
236;Ida;-34.6615688;-58.3684688;117
236;Ida;-34.6629258;-58.3674996;118
236;Ida;-34.6642829;-58.3665304;119
236;Ida;-34.6651700;-58.3658969;120
236;Ida;-34.6665585;-58.3649963;121
236;Ida;-34.6675520;-58.3643519;122
236;Ida;-34.6665325;-58.3628940;123
236;Ida;-34.6655132;-58.3614363;124
236;Ida;-34.6647620;-58.3603620;125
236;Ida;-34.6652970;-58.3594170;126
236;Ida;-34.6661149;-58.3577822;127
236;Ida;-34.6664779;-58.3570569;128
236;Ida;-34.6673800;-58.3563920;129
236;Ida;-34.6686471;-58.3552570;130
236;Ida;-34.6690100;-58.3549319;131
236;Ida;-34.6702948;-58.3538268;132
236;Ida;-34.6711549;-58.3530870;133
236;Ida;-34.6724102;-58.3519326;134
236;Ida;-34.6736654;-58.3507784;135
236;Ida;-34.6749208;-58.3496242;136
236;Ida;-34.6751679;-58.3493970;137
236;Ida;-34.6764622;-58.3483081;138
236;Ida;-34.6770569;-58.3478080;139
236;Ida;-34.6783768;-58.3467655;140
236;Ida;-34.6795019;-58.3458770;141
236;Ida;-34.6796750;-58.3459000;142
236;Ida;-34.6810867;-58.3450540;143
236;Ida;-34.6819700;-58.3445249;144
236;Ida;-34.6832497;-58.3434110;145
236;Ida;-34.6844600;-58.3423579;146
236;Ida;-34.6857371;-58.3412396;147
236;Ida;-34.6865420;-58.3405350;148
236;Ida;-34.6874850;-58.3394180;149
236;Ida;-34.6885403;-58.3379979;150
236;Ida;-34.6895955;-58.3365780;151
236;Ida;-34.6906510;-58.3351580;152
236;Ida;-34.6917063;-58.3337380;153
236;Ida;-34.6927616;-58.3323181;154
236;Ida;-34.6938170;-58.3308980;155
236;Ida;-34.6949320;-58.3293979;156
236;Ida;-34.6960101;-58.3280034;157
236;Ida;-34.6970882;-58.3266088;158
236;Ida;-34.6981663;-58.3252142;159
236;Ida;-34.6992444;-58.3238198;160
236;Ida;-34.7003227;-58.3224251;161
236;Ida;-34.7014008;-58.3210307;162
236;Ida;-34.7024789;-58.3196360;163
236;Ida;-34.7031270;-58.3187980;164
236;Ida;-34.7042000;-58.3200220;165
236;Ida;-34.7051870;-58.3186699;166
236;Ida;-34.7041370;-58.3174899;167
236;Ida;-34.7040300;-58.3173820;168
236;Ida;-34.7039430;-58.3172750;169
236;Ida;-34.7027915;-58.3159697;170
236;Ida;-34.7026550;-58.3158150;171
236;Ida;-34.7015144;-58.3144958;172
236;Ida;-34.7012819;-58.3142270;173
236;Ida;-34.7001490;-58.3128983;174
236;Ida;-34.6990160;-58.3115695;175
236;Ida;-34.6980629;-58.3104519;176
236;Ida;-34.6989099;-58.3088386;177
236;Ida;-34.6994150;-58.3078769;178
236;Ida;-34.7000698;-58.3061361;179
236;Ida;-34.7007246;-58.3043954;180
236;Ida;-34.7013794;-58.3026546;181
236;Ida;-34.7020342;-58.3009139;182
236;Ida;-34.7024419;-58.2998300;183
236;Ida;-34.7030200;-58.2981550;184
236;Ida;-34.7031270;-58.2980050;185
236;Ida;-34.7036371;-58.2961938;186
236;Ida;-34.7039430;-58.2951079;187
236;Ida;-34.7040069;-58.2946150;188
236;Ida;-34.7044700;-58.2927852;189
236;Ida;-34.7048649;-58.2912249;190
236;Ida;-34.7056211;-58.2895459;191
236;Ida;-34.7063771;-58.2878668;192
236;Ida;-34.7071333;-58.2861878;193
236;Ida;-34.7078896;-58.2845087;194
236;Ida;-34.7086456;-58.2828297;195
236;Ida;-34.7094019;-58.2811505;196
236;Ida;-34.7101580;-58.2794716;197
236;Ida;-34.7109141;-58.2777924;198
236;Ida;-34.7116704;-58.2761134;199
236;Ida;-34.7124264;-58.2744343;200
236;Ida;-34.7125470;-58.2741669;201
236;Ida;-34.7138538;-58.2731001;202
236;Ida;-34.7140720;-58.2729220;203
236;Ida;-34.7149122;-58.2745407;204
236;Ida;-34.7152299;-58.2751530;205
236;Ida;-34.7163249;-58.2743370;206
236;Ida;-34.7156822;-58.2725891;207
236;Ida;-34.7154019;-58.2718270;208
236;Ida;-34.7145645;-58.2702059;209
236;Ida;-34.7140500;-58.2692100;210
236;Ida;-34.7132980;-58.2677720;211
236;Ida;-34.7142350;-58.2670869;212
236;Ida;-34.7155740;-58.2660810;213
236;Ida;-34.7161520;-58.2656470;214
236;Ida;-34.7174930;-58.2646451;215
236;Ida;-34.7188342;-58.2636432;216
236;Ida;-34.7198870;-58.2628569;217
236;Ida;-34.7204419;-58.2624920;218
236;Ida;-34.7217787;-58.2614814;219
236;Ida;-34.7228350;-58.2606830;220
236;Ida;-34.7228569;-58.2606520;221
236;Ida;-34.7230399;-58.2604970;222
236;Ida;-34.7243816;-58.2594959;223
236;Ida;-34.7250799;-58.2589750;224
236;Ida;-34.7242283;-58.2573646;225
236;Ida;-34.7240919;-58.2571069;226
236;Ida;-34.7232685;-58.2554750;227
236;Ida;-34.7224451;-58.2538433;228
236;Ida;-34.7217320;-58.2524299;229
236;Ida;-34.7208784;-58.2508211;230
236;Ida;-34.7200251;-58.2492123;231
236;Ida;-34.7191716;-58.2476036;232
236;Ida;-34.7183181;-58.2459948;233
236;Ida;-34.7181920;-58.2457569;234
236;Ida;-34.7172479;-58.2472890;235
236;Ida;-34.7169900;-58.2477080;236
236;Ida;-34.7169030;-58.2474720;237
236;Ida;-34.7162379;-58.2463570;238
236;Ida;-34.7153204;-58.2448012;239
236;Ida;-34.7151870;-58.2445749;240
236;Ida;-34.7142585;-58.2430291;241
236;Ida;-34.7133299;-58.2414831;242
236;Ida;-34.7124014;-58.2399373;243
236;Ida;-34.7114729;-58.2383914;244
236;Ida;-34.7105444;-58.2368456;245
236;Ida;-34.7103850;-58.2365799;246
236;Ida;-34.7097300;-58.2354849;247
236;Ida;-34.7088176;-58.2339248;248
236;Ida;-34.7079055;-58.2323649;249
236;Ida;-34.7070530;-58.2309070;250
236;Ida;-34.7075718;-58.2290995;251
236;Ida;-34.7080220;-58.2275319;252
236;Ida;-34.7080249;-58.2275130;253
236;Ida;-34.7081650;-58.2270919;254
236;Ida;-34.7083420;-58.2267300;255
236;Ida;-34.7093174;-58.2252275;256
236;Ida;-34.7101049;-58.2240150;257
236;Vuelta;-34.7093199;-58.2249399;0
236;Vuelta;-34.7084155;-58.2265067;1
236;Vuelta;-34.7078700;-58.2274520;2
236;Vuelta;-34.7073797;-58.2292711;3
236;Vuelta;-34.7069680;-58.2308000;4
236;Vuelta;-34.7070330;-58.2310370;5
236;Vuelta;-34.7079572;-58.2325864;6
236;Vuelta;-34.7088814;-58.2341361;7
236;Vuelta;-34.7098056;-58.2356856;8
236;Vuelta;-34.7103600;-58.2366150;9
236;Vuelta;-34.7112762;-58.2381716;10
236;Vuelta;-34.7121925;-58.2397282;11
236;Vuelta;-34.7129570;-58.2410270;12
236;Vuelta;-34.7130179;-58.2410330;13
236;Vuelta;-34.7139416;-58.2425830;14
236;Vuelta;-34.7140770;-58.2428099;15
236;Vuelta;-34.7140419;-58.2428600;16
236;Vuelta;-34.7149578;-58.2444169;17
236;Vuelta;-34.7151020;-58.2446619;18
236;Vuelta;-34.7160360;-58.2462027;19
236;Vuelta;-34.7162599;-58.2465720;20
236;Vuelta;-34.7168399;-58.2475579;21
236;Vuelta;-34.7169900;-58.2477080;22
236;Vuelta;-34.7164530;-58.2485250;23
236;Vuelta;-34.7172966;-58.2501412;24
236;Vuelta;-34.7181404;-58.2517574;25
236;Vuelta;-34.7189843;-58.2533736;26
236;Vuelta;-34.7198970;-58.2551220;27
236;Vuelta;-34.7207370;-58.2567410;28
236;Vuelta;-34.7208350;-58.2569299;29
236;Vuelta;-34.7216487;-58.2585687;30
236;Vuelta;-34.7217750;-58.2588230;31
236;Vuelta;-34.7222470;-58.2597469;32
236;Vuelta;-34.7228199;-58.2606749;33
236;Vuelta;-34.7227830;-58.2606899;34
236;Vuelta;-34.7215119;-58.2616650;35
236;Vuelta;-34.7214519;-58.2616769;36
236;Vuelta;-34.7201242;-58.2627049;37
236;Vuelta;-34.7199370;-58.2628500;38
236;Vuelta;-34.7198870;-58.2628569;39
236;Vuelta;-34.7185466;-58.2638606;40
236;Vuelta;-34.7172064;-58.2648641;41
236;Vuelta;-34.7164750;-58.2654119;42
236;Vuelta;-34.7151278;-58.2664019;43
236;Vuelta;-34.7146070;-58.2667849;44
236;Vuelta;-34.7138350;-58.2673649;45
236;Vuelta;-34.7133200;-58.2663769;46
236;Vuelta;-34.7127830;-58.2667849;47
236;Vuelta;-34.7136236;-58.2684034;48
236;Vuelta;-34.7144643;-58.2700219;49
236;Vuelta;-34.7153051;-58.2716405;50
236;Vuelta;-34.7154019;-58.2718270;51
236;Vuelta;-34.7140966;-58.2728966;52
236;Vuelta;-34.7127915;-58.2739665;53
236;Vuelta;-34.7125470;-58.2741669;54
236;Vuelta;-34.7117513;-58.2758188;55
236;Vuelta;-34.7109558;-58.2774708;56
236;Vuelta;-34.7102950;-58.2788430;57
236;Vuelta;-34.7096475;-58.2805880;58
236;Vuelta;-34.7090003;-58.2823331;59
236;Vuelta;-34.7088779;-58.2826629;60
236;Vuelta;-34.7081386;-58.2843530;61
236;Vuelta;-34.7077420;-58.2852600;62
236;Vuelta;-34.7070543;-58.2869820;63
236;Vuelta;-34.7063668;-58.2887040;64
236;Vuelta;-34.7056793;-58.2904260;65
236;Vuelta;-34.7049918;-58.2921482;66
236;Vuelta;-34.7043042;-58.2938702;67
236;Vuelta;-34.7040069;-58.2946150;68
236;Vuelta;-34.7039219;-58.2948080;69
236;Vuelta;-34.7034209;-58.2966227;70
236;Vuelta;-34.7030630;-58.2979199;71
236;Vuelta;-34.7029330;-58.2982200;72
236;Vuelta;-34.7024419;-58.2998300;73
236;Vuelta;-34.7018819;-58.3013649;74
236;Vuelta;-34.7011656;-58.3030693;75
236;Vuelta;-34.7004493;-58.3047739;76
236;Vuelta;-34.6997329;-58.3064784;77
236;Vuelta;-34.6990166;-58.3081828;78
236;Vuelta;-34.6983001;-58.3098873;79
236;Vuelta;-34.6980629;-58.3104519;80
236;Vuelta;-34.6975050;-58.3122320;81
236;Vuelta;-34.6976349;-58.3123599;82
236;Vuelta;-34.6987352;-58.3109911;83
236;Vuelta;-34.6998353;-58.3096225;84
236;Vuelta;-34.7003600;-58.3089700;85
236;Vuelta;-34.7014941;-58.3102969;86
236;Vuelta;-34.7026285;-58.3116240;87
236;Vuelta;-34.7030200;-58.3120819;88
236;Vuelta;-34.7041491;-58.3134153;89
236;Vuelta;-34.7052783;-58.3147488;90
236;Vuelta;-34.7057450;-58.3153000;91
236;Vuelta;-34.7046429;-58.3166666;92
236;Vuelta;-34.7035410;-58.3180333;93
236;Vuelta;-34.7024390;-58.3194001;94
236;Vuelta;-34.7013371;-58.3207669;95
236;Vuelta;-34.7002352;-58.3221336;96
236;Vuelta;-34.6991331;-58.3235002;97
236;Vuelta;-34.6980312;-58.3248669;98
236;Vuelta;-34.6969293;-58.3262337;99
236;Vuelta;-34.6964970;-58.3267700;100
236;Vuelta;-34.6954649;-58.3282152;101
236;Vuelta;-34.6944330;-58.3296604;102
236;Vuelta;-34.6934011;-58.3311055;103
236;Vuelta;-34.6923692;-58.3325506;104
236;Vuelta;-34.6913373;-58.3339958;105
236;Vuelta;-34.6903052;-58.3354410;106
236;Vuelta;-34.6896100;-58.3364150;107
236;Vuelta;-34.6890300;-58.3370579;108
236;Vuelta;-34.6879022;-58.3383929;109
236;Vuelta;-34.6871629;-58.3392679;110
236;Vuelta;-34.6860050;-58.3405130;111
236;Vuelta;-34.6847274;-58.3416307;112
236;Vuelta;-34.6841170;-58.3421650;113
236;Vuelta;-34.6829570;-58.3432379;114
236;Vuelta;-34.6824420;-58.3436469;115
236;Vuelta;-34.6822919;-58.3438170;116
236;Vuelta;-34.6817769;-58.3442250;117
236;Vuelta;-34.6803923;-58.3451346;118
236;Vuelta;-34.6795880;-58.3456630;119
236;Vuelta;-34.6795019;-58.3458770;120
236;Vuelta;-34.6781792;-58.3469140;121
236;Vuelta;-34.6768199;-58.3479800;122
236;Vuelta;-34.6755371;-58.3490885;123
236;Vuelta;-34.6751050;-58.3494620;124
236;Vuelta;-34.6738386;-58.3505984;125
236;Vuelta;-34.6725724;-58.3517348;126
236;Vuelta;-34.6713061;-58.3528712;127
236;Vuelta;-34.6700400;-58.3540076;128
236;Vuelta;-34.6690100;-58.3549319;129
236;Vuelta;-34.6677427;-58.3560669;130
236;Vuelta;-34.6673800;-58.3563920;131
236;Vuelta;-34.6664779;-58.3570569;132
236;Vuelta;-34.6658550;-58.3582150;133
236;Vuelta;-34.6652970;-58.3594170;134
236;Vuelta;-34.6644793;-58.3610520;135
236;Vuelta;-34.6638379;-58.3623350;136
236;Vuelta;-34.6629772;-58.3639368;137
236;Vuelta;-34.6627650;-58.3643319;138
236;Vuelta;-34.6619870;-58.3654200;139
236;Vuelta;-34.6609251;-58.3668321;140
236;Vuelta;-34.6598631;-58.3682444;141
236;Vuelta;-34.6595470;-58.3686650;142
236;Vuelta;-34.6586250;-58.3701030;143
236;Vuelta;-34.6584750;-58.3702100;144
236;Vuelta;-34.6583449;-58.3702320;145
236;Vuelta;-34.6579169;-58.3701670;146
236;Vuelta;-34.6575520;-58.3701670;147
236;Vuelta;-34.6571649;-58.3702529;148
236;Vuelta;-34.6558350;-58.3710049;149
236;Vuelta;-34.6543123;-58.3714887;150
236;Vuelta;-34.6527895;-58.3719724;151
236;Vuelta;-34.6525299;-58.3720550;152
236;Vuelta;-34.6509787;-58.3723788;153
236;Vuelta;-34.6500630;-58.3725700;154
236;Vuelta;-34.6495699;-58.3729349;155
236;Vuelta;-34.6493770;-58.3732570;156
236;Vuelta;-34.6483470;-58.3738370;157
236;Vuelta;-34.6468246;-58.3743221;158
236;Vuelta;-34.6453022;-58.3748073;159
236;Vuelta;-34.6439700;-58.3752319;160
236;Vuelta;-34.6431100;-58.3754250;161
236;Vuelta;-34.6415427;-58.3755998;162
236;Vuelta;-34.6399754;-58.3757747;163
236;Vuelta;-34.6394620;-58.3758320;164
236;Vuelta;-34.6379237;-58.3762361;165
236;Vuelta;-34.6363854;-58.3766402;166
236;Vuelta;-34.6348471;-58.3770444;167
236;Vuelta;-34.6333500;-58.3774379;168
236;Vuelta;-34.6318587;-58.3780492;169
236;Vuelta;-34.6309249;-58.3784319;170
236;Vuelta;-34.6307720;-58.3784500;171
236;Vuelta;-34.6306950;-58.3784479;172
236;Vuelta;-34.6305130;-58.3784070;173
236;Vuelta;-34.6300770;-58.3778420;174
236;Vuelta;-34.6296949;-58.3774349;175
236;Vuelta;-34.6296570;-58.3774069;176
236;Vuelta;-34.6296249;-58.3773899;177
236;Vuelta;-34.6295920;-58.3773770;178
236;Vuelta;-34.6295599;-58.3773699;179
236;Vuelta;-34.6295130;-58.3773679;180
236;Vuelta;-34.6293069;-58.3775169;181
236;Vuelta;-34.6278610;-58.3782725;182
236;Vuelta;-34.6271580;-58.3786399;183
236;Vuelta;-34.6264030;-58.3789250;184
236;Vuelta;-34.6263300;-58.3789850;185
236;Vuelta;-34.6262699;-58.3790479;186
236;Vuelta;-34.6262499;-58.3790819;187
236;Vuelta;-34.6262150;-58.3791650;188
236;Vuelta;-34.6261719;-58.3793620;189
236;Vuelta;-34.6266456;-58.3811857;190
236;Vuelta;-34.6269070;-58.3821920;191
236;Vuelta;-34.6269300;-58.3823849;192
236;Vuelta;-34.6269500;-58.3828469;193
236;Vuelta;-34.6253761;-58.3828675;194
236;Vuelta;-34.6238024;-58.3828881;195
236;Vuelta;-34.6222288;-58.3829088;196
236;Vuelta;-34.6206551;-58.3829295;197
236;Vuelta;-34.6190812;-58.3829502;198
236;Vuelta;-34.6185630;-58.3829569;199
236;Vuelta;-34.6169906;-58.3830403;200
236;Vuelta;-34.6165670;-58.3830630;201
236;Vuelta;-34.6149932;-58.3830785;202
236;Vuelta;-34.6143569;-58.3830850;203
236;Vuelta;-34.6144621;-58.3849930;204
236;Vuelta;-34.6145673;-58.3869010;205
236;Vuelta;-34.6146800;-58.3889429;206
236;Vuelta;-34.6148270;-58.3908469;207
236;Vuelta;-34.6149743;-58.3927508;208
236;Vuelta;-34.6151215;-58.3946547;209
236;Vuelta;-34.6152686;-58.3965587;210
236;Vuelta;-34.6153649;-58.3978049;211
236;Vuelta;-34.6148079;-58.3978699;212
236;Vuelta;-34.6151843;-58.3997268;213
236;Vuelta;-34.6154950;-58.4012600;214
236;Vuelta;-34.6154519;-58.4028700;215
236;Vuelta;-34.6158512;-58.4047197;216
236;Vuelta;-34.6162505;-58.4065695;217
236;Vuelta;-34.6163320;-58.4069470;218
236;Vuelta;-34.6164819;-58.4082119;219
236;Vuelta;-34.6150650;-58.4083830;220
236;Vuelta;-34.6139500;-58.4086199;221
236;Vuelta;-34.6125970;-58.4087049;222
236;Vuelta;-34.6124900;-58.4069470;223
236;Vuelta;-34.6109709;-58.4074473;224
236;Vuelta;-34.6102800;-58.4076749;225
236;Vuelta;-34.6103450;-58.4088769;226
237;Ida;-34.6095770;-58.4086954;0
237;Ida;-34.6093342;-58.4086203;1
237;Ida;-34.6091440;-58.4066161;2
237;Ida;-34.6091223;-58.4063566;3
237;Ida;-34.6093341;-58.4059918;4
237;Ida;-34.6106367;-58.4060025;5
237;Ida;-34.6123144;-58.4056484;6
237;Ida;-34.6124202;-58.4054822;7
237;Ida;-34.6123453;-58.4044038;8
237;Ida;-34.6124026;-58.4043448;9
237;Ida;-34.6139678;-58.4041451;10
237;Ida;-34.6145041;-58.4040766;11
237;Ida;-34.6146101;-58.4039050;12
237;Ida;-34.6144855;-58.4019988;13
237;Ida;-34.6143608;-58.4000925;14
237;Ida;-34.6142360;-58.3981861;15
237;Ida;-34.6141115;-58.3962799;16
237;Ida;-34.6139867;-58.3943736;17
237;Ida;-34.6138622;-58.3924674;18
237;Ida;-34.6137374;-58.3905610;19
237;Ida;-34.6136127;-58.3886547;20
237;Ida;-34.6134881;-58.3867485;21
237;Ida;-34.6133634;-58.3848423;22
237;Ida;-34.6132387;-58.3829360;23
237;Ida;-34.6131223;-58.3811545;24
237;Ida;-34.6132636;-58.3809935;25
237;Ida;-34.6148367;-58.3809402;26
237;Ida;-34.6164100;-58.3808869;27
237;Ida;-34.6179831;-58.3808335;28
237;Ida;-34.6195564;-58.3807801;29
237;Ida;-34.6206979;-58.3807414;30
237;Ida;-34.6218192;-58.3808648;31
237;Ida;-34.6226182;-58.3810312;32
237;Ida;-34.6238190;-58.3813369;33
237;Ida;-34.6241016;-58.3814281;34
237;Ida;-34.6245517;-58.3814013;35
237;Ida;-34.6246401;-58.3815515;36
237;Ida;-34.6246489;-58.3822327;37
237;Ida;-34.6247770;-58.3823615;38
237;Ida;-34.6263492;-58.3822764;39
237;Ida;-34.6272534;-58.3822273;40
237;Ida;-34.6274962;-58.3820503;41
237;Ida;-34.6276196;-58.3818089;42
237;Ida;-34.6276020;-58.3797920;43
237;Ida;-34.6277831;-58.3795344;44
237;Ida;-34.6292917;-58.3789899;45
237;Ida;-34.6301755;-58.3786708;46
237;Ida;-34.6303433;-58.3784186;47
237;Ida;-34.6302902;-58.3781128;48
237;Ida;-34.6297871;-58.3773833;49
237;Ida;-34.6297738;-58.3772706;50
237;Ida;-34.6299372;-58.3771204;51
237;Ida;-34.6314338;-58.3765290;52
237;Ida;-34.6329306;-58.3759378;53
237;Ida;-34.6342275;-58.3754253;54
237;Ida;-34.6357833;-58.3751369;55
237;Ida;-34.6373390;-58.3748483;56
237;Ida;-34.6388949;-58.3745600;57
237;Ida;-34.6404508;-58.3742714;58
237;Ida;-34.6420066;-58.3739830;59
237;Ida;-34.6435624;-58.3736946;60
237;Ida;-34.6451181;-58.3734061;61
237;Ida;-34.6466740;-58.3731177;62
237;Ida;-34.6474503;-58.3729737;63
237;Ida;-34.6491139;-58.3727485;64
237;Ida;-34.6492551;-58.3728503;65
237;Ida;-34.6496745;-58.3740627;66
237;Ida;-34.6498113;-58.3741325;67
237;Ida;-34.6499657;-58.3741271;68
237;Ida;-34.6501378;-58.3739661;69
237;Ida;-34.6503804;-58.3735907;70
237;Ida;-34.6507070;-58.3732097;71
237;Ida;-34.6511351;-58.3729415;72
237;Ida;-34.6526411;-58.3723864;73
237;Ida;-34.6541472;-58.3718311;74
237;Ida;-34.6556533;-58.3712757;75
237;Ida;-34.6559803;-58.3711552;76
237;Ida;-34.6567482;-58.3707100;77
237;Ida;-34.6570174;-58.3704954;78
237;Ida;-34.6573748;-58.3703506;79
237;Ida;-34.6577057;-58.3703130;80
237;Ida;-34.6584294;-58.3703666;81
237;Ida;-34.6586147;-58.3702808;82
237;Ida;-34.6587868;-58.3701092;83
237;Ida;-34.6589456;-58.3700286;84
237;Ida;-34.6591706;-58.3700824;85
237;Ida;-34.6594486;-58.3702700;86
237;Ida;-34.6595986;-58.3702648;87
237;Ida;-34.6601811;-58.3694386;88
237;Ida;-34.6614739;-58.3684248;89
237;Ida;-34.6619328;-58.3681351;90
237;Ida;-34.6633138;-58.3672173;91
237;Ida;-34.6646948;-58.3662995;92
237;Ida;-34.6660758;-58.3653818;93
237;Ida;-34.6667599;-58.3649271;94
237;Ida;-34.6674392;-58.3643639;95
237;Ida;-34.6674437;-58.3642030;96
237;Ida;-34.6664174;-58.3627522;97
237;Ida;-34.6653911;-58.3613016;98
237;Ida;-34.6649464;-58.3606732;99
237;Ida;-34.6648979;-58.3605390;100
237;Ida;-34.6649376;-58.3603566;101
237;Ida;-34.6657658;-58.3587295;102
237;Ida;-34.6666142;-58.3570629;103
237;Ida;-34.6679035;-58.3559654;104
237;Ida;-34.6691927;-58.3548679;105
237;Ida;-34.6704818;-58.3537703;106
237;Ida;-34.6717712;-58.3526728;107
237;Ida;-34.6719263;-58.3525406;108
237;Ida;-34.6731935;-58.3514059;109
237;Ida;-34.6744607;-58.3502712;110
237;Ida;-34.6757281;-58.3491363;111
237;Ida;-34.6769953;-58.3480016;112
237;Ida;-34.6773658;-58.3476697;113
237;Ida;-34.6778334;-58.3473479;114
237;Ida;-34.6791388;-58.3462790;115
237;Ida;-34.6793598;-58.3460980;116
237;Ida;-34.6799377;-58.3457279;117
237;Ida;-34.6813594;-58.3449072;118
237;Ida;-34.6819448;-58.3445692;119
237;Ida;-34.6832323;-58.3434683;120
237;Ida;-34.6845197;-58.3423675;121
237;Ida;-34.6858071;-58.3412665;122
237;Ida;-34.6860164;-58.3410877;123
237;Ida;-34.6870826;-58.3396799;124
237;Ida;-34.6881490;-58.3382721;125
237;Ida;-34.6892154;-58.3368644;126
237;Ida;-34.6902818;-58.3354566;127
237;Ida;-34.6913480;-58.3340487;128
237;Ida;-34.6924143;-58.3326410;129
237;Ida;-34.6934808;-58.3312332;130
237;Ida;-34.6945471;-58.3298253;131
237;Ida;-34.6956135;-58.3284176;132
237;Ida;-34.6966419;-58.3270597;133
237;Ida;-34.6977294;-58.3256759;134
237;Ida;-34.6988168;-58.3242921;135
237;Ida;-34.6999043;-58.3229082;136
237;Ida;-34.7009917;-58.3215243;137
237;Ida;-34.7020792;-58.3201405;138
237;Ida;-34.7031666;-58.3187566;139
237;Ida;-34.7042541;-58.3173727;140
237;Ida;-34.7048451;-58.3166206;141
237;Ida;-34.7060569;-58.3153988;142
237;Ida;-34.7072685;-58.3141772;143
237;Ida;-34.7084803;-58.3129555;144
237;Ida;-34.7096920;-58.3117337;145
237;Ida;-34.7109038;-58.3105120;146
237;Ida;-34.7121155;-58.3092904;147
237;Ida;-34.7132634;-58.3082412;148
237;Ida;-34.7139160;-58.3076190;149
237;Ida;-34.7144982;-58.3070021;150
237;Ida;-34.7150053;-58.3064442;151
237;Ida;-34.7155697;-58.3058112;152
237;Ida;-34.7161164;-58.3064979;153
237;Ida;-34.7168351;-58.3055483;154
237;Ida;-34.7168396;-58.3053553;155
237;Ida;-34.7157022;-58.3040319;156
237;Ida;-34.7145647;-58.3027086;157
237;Ida;-34.7134274;-58.3013854;158
237;Ida;-34.7128005;-58.3006560;159
237;Ida;-34.7116751;-58.2993177;160
237;Ida;-34.7105497;-58.2979794;161
237;Ida;-34.7094243;-58.2966412;162
237;Ida;-34.7082989;-58.2953029;163
237;Ida;-34.7071735;-58.2939646;164
237;Ida;-34.7060480;-58.2926264;165
237;Ida;-34.7049421;-58.2913112;166
237;Ida;-34.7049068;-58.2911772;167
237;Ida;-34.7056790;-58.2895090;168
237;Ida;-34.7064511;-58.2878407;169
237;Ida;-34.7072233;-58.2861726;170
237;Ida;-34.7079955;-58.2845044;171
237;Ida;-34.7087677;-58.2828361;172
237;Ida;-34.7088449;-58.2826692;173
237;Ida;-34.7094961;-58.2809262;174
237;Ida;-34.7101472;-58.2791831;175
237;Ida;-34.7102517;-58.2789033;176
237;Ida;-34.7110332;-58.2772415;177
237;Ida;-34.7118145;-58.2755797;178
237;Ida;-34.7119847;-58.2752180;179
237;Ida;-34.7121787;-58.2746118;180
237;Ida;-34.7124036;-58.2743006;181
237;Ida;-34.7137255;-58.2732619;182
237;Ida;-34.7140351;-58.2730186;183
237;Ida;-34.7141233;-58.2730669;184
237;Ida;-34.7149823;-58.2746712;185
237;Ida;-34.7152522;-58.2751750;186
237;Ida;-34.7162664;-58.2744294;187
237;Ida;-34.7163236;-58.2742900;188
237;Ida;-34.7156543;-58.2725571;189
237;Ida;-34.7153933;-58.2718812;190
237;Ida;-34.7145938;-58.2702321;191
237;Ida;-34.7137944;-58.2685828;192
237;Ida;-34.7133782;-58.2677239;193
237;Ida;-34.7147203;-58.2667241;194
237;Ida;-34.7160627;-58.2657244;195
237;Ida;-34.7174049;-58.2647248;196
237;Ida;-34.7187472;-58.2637250;197
237;Ida;-34.7200895;-58.2627253;198
237;Ida;-34.7214317;-58.2617255;199
237;Ida;-34.7227740;-58.2607258;200
237;Ida;-34.7242250;-58.2596451;201
237;Ida;-34.7243530;-58.2596235;202
237;Ida;-34.7246880;-58.2602673;203
237;Ida;-34.7248159;-58.2603639;204
237;Ida;-34.7253802;-58.2599240;205
237;Ida;-34.7253846;-58.2597685;206
237;Ida;-34.7250584;-58.2590817;207
237;Ida;-34.7250099;-58.2588512;208
237;Ida;-34.7241789;-58.2572249;209
237;Ida;-34.7233481;-58.2555988;210
237;Ida;-34.7225173;-58.2539725;211
237;Ida;-34.7216864;-58.2523464;212
237;Ida;-34.7208554;-58.2507202;213
237;Ida;-34.7200247;-58.2490941;214
237;Ida;-34.7193089;-58.2476932;215
237;Ida;-34.7183901;-58.2461386;216
237;Ida;-34.7182595;-58.2459175;217
237;Ida;-34.7181184;-58.2458800;218
237;Ida;-34.7175407;-58.2469100;219
237;Ida;-34.7170600;-58.2476020;220
237;Ida;-34.7169102;-58.2475913;221
237;Ida;-34.7159926;-58.2460358;222
237;Ida;-34.7150749;-58.2444802;223
237;Ida;-34.7141574;-58.2429247;224
237;Ida;-34.7132398;-58.2413694;225
237;Ida;-34.7123222;-58.2398139;226
237;Ida;-34.7114047;-58.2382585;227
237;Ida;-34.7104872;-58.2367029;228
237;Ida;-34.7095696;-58.2351475;229
237;Ida;-34.7086521;-58.2335921;230
237;Ida;-34.7077345;-58.2320367;231
237;Ida;-34.7071603;-58.2310634;232
237;Ida;-34.7071206;-58.2307362;233
237;Ida;-34.7076381;-58.2289281;234
237;Ida;-34.7081570;-58.2271153;235
237;Ida;-34.7091296;-58.2256101;236
237;Ida;-34.7101023;-58.2241051;237
237;Ida;-34.7104590;-58.2235532;238
237;Ida;-34.7105295;-58.2233870;239
237;Ida;-34.7104810;-58.2232528;240
237;Ida;-34.7103177;-58.2233118;241
237;Ida;-34.7102648;-58.2234889;242
237;Ida;-34.7092929;-58.2249947;243
237;Ida;-34.7083208;-58.2265003;244
237;Ida;-34.7080556;-58.2269113;245
237;Ida;-34.7075393;-58.2287199;246
237;Ida;-34.7070230;-58.2305283;247
237;Ida;-34.7069575;-58.2307576;248
237;Ida;-34.7069575;-58.2307576;249
237;Vuelta;-34.7103972;-58.2232581;0
237;Vuelta;-34.7093199;-58.2249399;1
237;Vuelta;-34.7085780;-58.2260569;2
237;Vuelta;-34.7078700;-58.2274520;3
237;Vuelta;-34.7073329;-58.2294050;4
237;Vuelta;-34.7069575;-58.2309078;5
237;Vuelta;-34.7079529;-58.2325902;6
237;Vuelta;-34.7088729;-58.2341436;7
237;Vuelta;-34.7097928;-58.2356971;8
237;Vuelta;-34.7107128;-58.2372506;9
237;Vuelta;-34.7116327;-58.2388040;10
237;Vuelta;-34.7125527;-58.2403574;11
237;Vuelta;-34.7134726;-58.2419107;12
237;Vuelta;-34.7143925;-58.2434641;13
237;Vuelta;-34.7151020;-58.2446619;14
237;Vuelta;-34.7160494;-58.2461907;15
237;Vuelta;-34.7169900;-58.2477080;16
237;Vuelta;-34.7164530;-58.2485250;17
237;Vuelta;-34.7172959;-58.2501418;18
237;Vuelta;-34.7181389;-58.2517587;19
237;Vuelta;-34.7189819;-58.2533755;20
237;Vuelta;-34.7198248;-58.2549925;21
237;Vuelta;-34.7206679;-58.2566094;22
237;Vuelta;-34.7208350;-58.2569299;23
237;Vuelta;-34.7216742;-58.2585497;24
237;Vuelta;-34.7225133;-58.2601695;25
237;Vuelta;-34.7227830;-58.2606899;26
237;Vuelta;-34.7214413;-58.2616907;27
237;Vuelta;-34.7200995;-58.2626916;28
237;Vuelta;-34.7187579;-58.2636924;29
237;Vuelta;-34.7174162;-58.2646933;30
237;Vuelta;-34.7160745;-58.2656941;31
237;Vuelta;-34.7147329;-58.2666951;32
237;Vuelta;-34.7138350;-58.2673649;33
237;Vuelta;-34.7133200;-58.2663769;34
237;Vuelta;-34.7127520;-58.2668709;35
237;Vuelta;-34.7136251;-58.2685124;36
237;Vuelta;-34.7143835;-58.2699823;37
237;Vuelta;-34.7149127;-58.2710230;38
237;Vuelta;-34.7154019;-58.2718270;39
237;Vuelta;-34.7141807;-58.2729005;40
237;Vuelta;-34.7131753;-58.2736945;41
237;Vuelta;-34.7122228;-58.2745313;42
237;Vuelta;-34.7118083;-58.2754111;43
237;Vuelta;-34.7108734;-58.2773637;44
237;Vuelta;-34.7101943;-58.2788872;45
237;Vuelta;-34.7095542;-58.2805321;46
237;Vuelta;-34.7088273;-58.2823419;47
237;Vuelta;-34.7081570;-58.2840585;48
237;Vuelta;-34.7074249;-58.2857429;49
237;Vuelta;-34.7067458;-58.2873952;50
237;Vuelta;-34.7058814;-58.2891118;51
237;Vuelta;-34.7054140;-58.2901203;52
237;Vuelta;-34.7048649;-58.2912249;53
237;Vuelta;-34.7059520;-58.2925879;54
237;Vuelta;-34.7071868;-58.2940793;55
237;Vuelta;-34.7081393;-58.2952594;56
237;Vuelta;-34.7093300;-58.2966327;57
237;Vuelta;-34.7103972;-58.2979094;58
237;Vuelta;-34.7115790;-58.2992506;59
237;Vuelta;-34.7127520;-58.3006131;60
237;Vuelta;-34.7138919;-58.3019023;61
237;Vuelta;-34.7150201;-58.3032370;62
237;Vuelta;-34.7161485;-58.3045716;63
237;Vuelta;-34.7163669;-58.3048300;64
237;Vuelta;-34.7151556;-58.3060523;65
237;Vuelta;-34.7139444;-58.3072748;66
237;Vuelta;-34.7127332;-58.3084972;67
237;Vuelta;-34.7119250;-58.3093130;68
237;Vuelta;-34.7109820;-58.3099369;69
237;Vuelta;-34.7103370;-58.3091420;70
237;Vuelta;-34.7095895;-58.3108268;71
237;Vuelta;-34.7091095;-58.3119213;72
237;Vuelta;-34.7079100;-58.3132410;73
237;Vuelta;-34.7067282;-58.3144211;74
237;Vuelta;-34.7055823;-58.3155541;75
237;Vuelta;-34.7045937;-58.3166098;76
237;Vuelta;-34.7039587;-58.3173608;77
237;Vuelta;-34.7029267;-58.3186912;78
237;Vuelta;-34.7017800;-58.3201289;79
237;Vuelta;-34.7007113;-58.3214614;80
237;Vuelta;-34.6996340;-58.3228568;81
237;Vuelta;-34.6985569;-58.3242523;82
237;Vuelta;-34.6974797;-58.3256479;83
237;Vuelta;-34.6964023;-58.3270434;84
237;Vuelta;-34.6953251;-58.3284389;85
237;Vuelta;-34.6942481;-58.3298343;86
237;Vuelta;-34.6931796;-58.3313297;87
237;Vuelta;-34.6922180;-58.3327460;88
237;Vuelta;-34.6911594;-58.3341944;89
237;Vuelta;-34.6901361;-58.3357286;90
237;Vuelta;-34.6890951;-58.3370803;91
237;Vuelta;-34.6880013;-58.3383571;92
237;Vuelta;-34.6868545;-58.3397305;93
237;Vuelta;-34.6860050;-58.3405130;94
237;Vuelta;-34.6847901;-58.3416616;95
237;Vuelta;-34.6835285;-58.3427667;96
237;Vuelta;-34.6824080;-58.3437645;97
237;Vuelta;-34.6814817;-58.3444619;98
237;Vuelta;-34.6803923;-58.3451346;99
237;Vuelta;-34.6795880;-58.3456630;100
237;Vuelta;-34.6789936;-58.3461463;101
237;Vuelta;-34.6781731;-58.3468759;102
237;Vuelta;-34.6768605;-58.3479587;103
237;Vuelta;-34.6759619;-58.3486669;104
237;Vuelta;-34.6746892;-58.3497928;105
237;Vuelta;-34.6733468;-58.3510386;106
237;Vuelta;-34.6720409;-58.3522295;107
237;Vuelta;-34.6708144;-58.3533346;108
237;Vuelta;-34.6696762;-58.3543539;109
237;Vuelta;-34.6684673;-58.3554267;110
237;Vuelta;-34.6672054;-58.3564996;111
237;Vuelta;-34.6664779;-58.3570569;112
237;Vuelta;-34.6658642;-58.3583235;113
237;Vuelta;-34.6653347;-58.3594179;114
237;Vuelta;-34.6648141;-58.3604478;115
237;Vuelta;-34.6640110;-58.3620786;116
237;Vuelta;-34.6633933;-58.3633339;117
237;Vuelta;-34.6628109;-58.3644390;118
237;Vuelta;-34.6617608;-58.3658766;119
237;Vuelta;-34.6607106;-58.3672606;120
237;Vuelta;-34.6595987;-58.3687090;121
237;Vuelta;-34.6587868;-58.3698999;122
237;Vuelta;-34.6584750;-58.3702100;123
237;Vuelta;-34.6583449;-58.3702320;124
237;Vuelta;-34.6575520;-58.3701670;125
237;Vuelta;-34.6571649;-58.3702529;126
237;Vuelta;-34.6558350;-58.3710049;127
237;Vuelta;-34.6543123;-58.3714887;128
237;Vuelta;-34.6527895;-58.3719724;129
237;Vuelta;-34.6525299;-58.3720550;130
237;Vuelta;-34.6509787;-58.3723788;131
237;Vuelta;-34.6500630;-58.3725700;132
237;Vuelta;-34.6495699;-58.3729349;133
237;Vuelta;-34.6493770;-58.3732570;134
237;Vuelta;-34.6483470;-58.3738370;135
237;Vuelta;-34.6468898;-58.3743095;136
237;Vuelta;-34.6452127;-58.3748888;137
237;Vuelta;-34.6440565;-58.3752965;138
237;Vuelta;-34.6431100;-58.3754250;139
237;Vuelta;-34.6415427;-58.3755998;140
237;Vuelta;-34.6399754;-58.3757747;141
237;Vuelta;-34.6394620;-58.3758320;142
237;Vuelta;-34.6378953;-58.3762943;143
237;Vuelta;-34.6363681;-58.3767235;144
237;Vuelta;-34.6348145;-58.3770990;145
237;Vuelta;-34.6333500;-58.3774379;146
237;Vuelta;-34.6318395;-58.3780109;147
237;Vuelta;-34.6307184;-58.3784615;148
237;Vuelta;-34.6296061;-58.3773672;149
237;Vuelta;-34.6283529;-58.3780819;150
237;Vuelta;-34.6271580;-58.3786399;151
237;Vuelta;-34.6260836;-58.3790624;152
237;Vuelta;-34.6265338;-58.3807682;153
237;Vuelta;-34.6269929;-58.3828496;154
237;Vuelta;-34.6253761;-58.3828675;155
237;Vuelta;-34.6236822;-58.3829569;156
237;Vuelta;-34.6221283;-58.3829677;157
237;Vuelta;-34.6205302;-58.3829784;158
237;Vuelta;-34.6190558;-58.3829784;159
237;Vuelta;-34.6178726;-58.3830106;160
237;Vuelta;-34.6169906;-58.3830403;161
237;Vuelta;-34.6165670;-58.3830630;162
237;Vuelta;-34.6153449;-58.3830200;163
237;Vuelta;-34.6143569;-58.3830850;164
237;Vuelta;-34.6144776;-58.3850115;165
237;Vuelta;-34.6146410;-58.3871197;166
237;Vuelta;-34.6146800;-58.3889429;167
237;Vuelta;-34.6148485;-58.3906495;168
237;Vuelta;-34.6150030;-58.3928382;169
237;Vuelta;-34.6151399;-58.3946514;170
237;Vuelta;-34.6152679;-58.3964270;171
237;Vuelta;-34.6153871;-58.3978217;172
237;Vuelta;-34.6148353;-58.3978807;173
237;Vuelta;-34.6152193;-58.3997046;174
237;Vuelta;-34.6154950;-58.4012600;175
237;Vuelta;-34.6154519;-58.4028700;176
237;Vuelta;-34.6158512;-58.4047197;177
237;Vuelta;-34.6162505;-58.4065695;178
237;Vuelta;-34.6163320;-58.4069470;179
237;Vuelta;-34.6164819;-58.4082119;180
237;Vuelta;-34.6150692;-58.4083896;181
237;Vuelta;-34.6139500;-58.4086199;182
237;Vuelta;-34.6125970;-58.4087049;183
237;Vuelta;-34.6124900;-58.4069470;184
237;Vuelta;-34.6113474;-58.4073436;185
237;Vuelta;-34.6101642;-58.4076547;186
237;Vuelta;-34.6102348;-58.4086096;187
237;Vuelta;-34.6095461;-58.4086793;188
238;Ida;-34.6096653;-58.4086847;0
238;Ida;-34.6093960;-58.4086847;1
238;Ida;-34.6093121;-58.4085291;2
238;Ida;-34.6092635;-58.4079980;3
238;Ida;-34.6091443;-58.4066408;4
238;Ida;-34.6091576;-58.4063458;5
238;Ida;-34.6093570;-58.4060020;6
238;Ida;-34.6101510;-58.4059971;7
238;Ida;-34.6108839;-58.4059542;8
238;Ida;-34.6117360;-58.4057986;9
238;Ida;-34.6124050;-58.4056369;10
238;Ida;-34.6123400;-58.4043500;11
238;Ida;-34.6139054;-58.4041536;12
238;Ida;-34.6145720;-58.4040699;13
238;Ida;-34.6144561;-58.4021627;14
238;Ida;-34.6143673;-58.4001874;15
238;Ida;-34.6142569;-58.3982777;16
238;Ida;-34.6141686;-58.3964431;17
238;Ida;-34.6140494;-58.3944851;18
238;Ida;-34.6139081;-58.3926504;19
238;Ida;-34.6138419;-58.3916848;20
238;Ida;-34.6136860;-58.3898068;21
238;Ida;-34.6135903;-58.3878064;22
238;Ida;-34.6134142;-58.3859964;23
238;Ida;-34.6133121;-58.3841210;24
238;Ida;-34.6132062;-58.3826190;25
238;Ida;-34.6131099;-58.3817320;26
238;Ida;-34.6130500;-58.3809979;27
238;Ida;-34.6146225;-58.3809255;28
238;Ida;-34.6161953;-58.3808532;29
238;Ida;-34.6164419;-58.3808420;30
238;Ida;-34.6180153;-58.3807941;31
238;Ida;-34.6188069;-58.3807699;32
238;Ida;-34.6203806;-58.3807537;33
238;Ida;-34.6207420;-58.3807499;34
238;Ida;-34.6208329;-58.3807699;35
238;Ida;-34.6210202;-58.3807790;36
238;Ida;-34.6213734;-58.3808219;37
238;Ida;-34.6219850;-58.3808900;38
238;Ida;-34.6224505;-58.3809989;39
238;Ida;-34.6231833;-58.3811813;40
238;Ida;-34.6241569;-58.3814449;41
238;Ida;-34.6246250;-58.3814369;42
238;Ida;-34.6246470;-58.3822600;43
238;Ida;-34.6262203;-58.3822126;44
238;Ida;-34.6269070;-58.3821920;45
238;Ida;-34.6270049;-58.3822400;46
238;Ida;-34.6273449;-58.3822300;47
238;Ida;-34.6275970;-58.3819179;48
238;Ida;-34.6276462;-58.3816158;49
238;Ida;-34.6276020;-58.3807522;50
238;Ida;-34.6275850;-58.3798370;51
238;Ida;-34.6277100;-58.3796070;52
238;Ida;-34.6292186;-58.3790624;53
238;Ida;-34.6302450;-58.3786920;54
238;Ida;-34.6302870;-58.3786199;55
238;Ida;-34.6303100;-58.3785420;56
238;Ida;-34.6303249;-58.3784399;57
238;Ida;-34.6303249;-58.3782349;58
238;Ida;-34.6303070;-58.3781450;59
238;Ida;-34.6302900;-58.3781049;60
238;Ida;-34.6300770;-58.3778420;61
238;Ida;-34.6298120;-58.3773849;62
238;Ida;-34.6298049;-58.3773070;63
238;Ida;-34.6298120;-58.3772400;64
238;Ida;-34.6298400;-58.3771800;65
238;Ida;-34.6298749;-58.3771320;66
238;Ida;-34.6301004;-58.3771097;67
238;Ida;-34.6314290;-58.3765143;68
238;Ida;-34.6329254;-58.3759510;69
238;Ida;-34.6341850;-58.3755250;70
238;Ida;-34.6342628;-58.3755058;71
238;Ida;-34.6343952;-58.3754736;72
238;Ida;-34.6345364;-58.3754360;73
238;Ida;-34.6347792;-58.3753824;74
238;Ida;-34.6360480;-58.3751219;75
238;Ida;-34.6361121;-58.3750766;76
238;Ida;-34.6362420;-58.3750429;77
238;Ida;-34.6363108;-58.3750927;78
238;Ida;-34.6378520;-58.3747850;79
238;Ida;-34.6394080;-58.3744980;80
238;Ida;-34.6398319;-58.3744200;81
238;Ida;-34.6402649;-58.3743550;82
238;Ida;-34.6403070;-58.3742919;83
238;Ida;-34.6406180;-58.3742319;84
238;Ida;-34.6407250;-58.3742700;85
238;Ida;-34.6422814;-58.3739867;86
238;Ida;-34.6438379;-58.3737034;87
238;Ida;-34.6453944;-58.3734202;88
238;Ida;-34.6469507;-58.3731371;89
238;Ida;-34.6485072;-58.3728539;90
238;Ida;-34.6490069;-58.3727629;91
238;Ida;-34.6491830;-58.3727850;92
238;Ida;-34.6492650;-58.3729080;93
238;Ida;-34.6496550;-58.3740299;94
238;Ida;-34.6498270;-58.3741150;95
238;Ida;-34.6500363;-58.3741486;96
238;Ida;-34.6501863;-58.3739715;97
238;Ida;-34.6505349;-58.3733870;98
238;Ida;-34.6509420;-58.3730649;99
238;Ida;-34.6512650;-58.3729149;100
238;Ida;-34.6521869;-58.3723770;101
238;Ida;-34.6537097;-58.3718937;102
238;Ida;-34.6552324;-58.3714105;103
238;Ida;-34.6557699;-58.3712400;104
238;Ida;-34.6571000;-58.3704699;105
238;Ida;-34.6572949;-58.3703819;106
238;Ida;-34.6578519;-58.3702970;107
238;Ida;-34.6583449;-58.3703819;108
238;Ida;-34.6585380;-58.3703170;109
238;Ida;-34.6587749;-58.3701470;110
238;Ida;-34.6588599;-58.3700600;111
238;Ida;-34.6589669;-58.3700169;112
238;Ida;-34.6590750;-58.3700380;113
238;Ida;-34.6595050;-58.3703170;114
238;Ida;-34.6597179;-58.3701250;115
238;Ida;-34.6602120;-58.3694380;116
238;Ida;-34.6615048;-58.3683818;117
238;Ida;-34.6628418;-58.3674377;118
238;Ida;-34.6642829;-58.3665304;119
238;Ida;-34.6652906;-58.3658713;120
238;Ida;-34.6665877;-58.3650290;121
238;Ida;-34.6675520;-58.3643519;122
238;Ida;-34.6665325;-58.3628940;123
238;Ida;-34.6655132;-58.3614363;124
238;Ida;-34.6648714;-58.3604961;125
238;Ida;-34.6653523;-58.3594822;126
238;Ida;-34.6664863;-58.3572828;127
238;Ida;-34.6669186;-58.3568537;128
238;Ida;-34.6674349;-58.3564299;129
238;Ida;-34.6686879;-58.3554106;130
238;Ida;-34.6694159;-58.3547991;131
238;Ida;-34.6704482;-58.3538979;132
238;Ida;-34.6712380;-58.3531361;133
238;Ida;-34.6724821;-58.3519828;134
238;Ida;-34.6743659;-58.3502072;135
238;Ida;-34.6749041;-58.3497244;136
238;Ida;-34.6752174;-58.3494400;137
238;Ida;-34.6765364;-58.3483618;138
238;Ida;-34.6771805;-58.3478361;139
238;Ida;-34.6784466;-58.3467954;140
238;Ida;-34.6792319;-58.3461946;141
238;Ida;-34.6796750;-58.3459000;142
238;Ida;-34.6810867;-58.3450540;143
238;Ida;-34.6819700;-58.3445249;144
238;Ida;-34.6832462;-58.3434748;145
238;Ida;-34.6844989;-58.3423858;146
238;Ida;-34.6857826;-58.3412808;147
238;Ida;-34.6865420;-58.3405350;148
238;Ida;-34.6874850;-58.3394180;149
238;Ida;-34.6886365;-58.3380675;150
238;Ida;-34.6897084;-58.3366298;151
238;Ida;-34.6907008;-58.3352029;152
238;Ida;-34.6917506;-58.3337759;153
238;Ida;-34.6927616;-58.3323181;154
238;Ida;-34.6938170;-58.3308980;155
238;Ida;-34.6949218;-58.3293557;156
238;Ida;-34.6960201;-58.3278107;157
238;Ida;-34.6971139;-58.3263945;158
238;Ida;-34.6982165;-58.3249998;159
238;Ida;-34.6992132;-58.3237445;160
238;Ida;-34.7004570;-58.3221995;161
238;Ida;-34.7014272;-58.3210408;162
238;Ida;-34.7025121;-58.3196032;163
238;Ida;-34.7036323;-58.3181762;164
238;Ida;-34.7047260;-58.3168566;165
238;Ida;-34.7059432;-58.3155369;166
238;Ida;-34.7070721;-58.3143997;167
238;Ida;-34.7080247;-58.3134126;168
238;Ida;-34.7086219;-58.3127900;169
238;Ida;-34.7093720;-58.3119530;170
238;Ida;-34.7106529;-58.3107841;171
238;Ida;-34.7112968;-58.3101832;172
238;Ida;-34.7124521;-58.3089816;173
238;Ida;-34.7136868;-58.3077585;174
238;Ida;-34.7148597;-58.3065998;175
238;Ida;-34.7157946;-58.3055698;176
238;Ida;-34.7164736;-58.3048939;177
238;Ida;-34.7178317;-58.3044970;178
238;Ida;-34.7194014;-58.3040034;179
238;Ida;-34.7209623;-58.3035314;180
238;Ida;-34.7225231;-58.3030807;181
238;Ida;-34.7241016;-58.3025765;182
238;Ida;-34.7254155;-58.3021795;183
238;Ida;-34.7263450;-58.3014170;184
238;Ida;-34.7272030;-58.3008370;185
238;Ida;-34.7285650;-58.2998775;186
238;Ida;-34.7299270;-58.2989181;187
238;Ida;-34.7312890;-58.2979587;188
238;Ida;-34.7326511;-58.2969993;189
238;Ida;-34.7340133;-58.2960398;190
238;Ida;-34.7353753;-58.2950804;191
238;Ida;-34.7367374;-58.2941209;192
238;Ida;-34.7373750;-58.2936720;193
238;Ida;-34.7387270;-58.2926920;194
238;Ida;-34.7400792;-58.2917119;195
238;Ida;-34.7414314;-58.2907319;196
238;Ida;-34.7427836;-58.2897520;197
238;Ida;-34.7441359;-58.2887721;198
238;Ida;-34.7454881;-58.2877920;199
238;Ida;-34.7457849;-58.2875769;200
238;Ida;-34.7472781;-58.2869717;201
238;Ida;-34.7474800;-58.2868900;202
238;Ida;-34.7490045;-58.2864149;203
238;Ida;-34.7505069;-58.2859470;204
238;Ida;-34.7511500;-58.2854749;205
238;Ida;-34.7524513;-58.2844609;206
238;Ida;-34.7533901;-58.2837957;207
238;Ida;-34.7544611;-58.2829427;208
238;Ida;-34.7551178;-58.2824867;209
238;Ida;-34.7557084;-58.2820469;210
238;Ida;-34.7565722;-58.2813495;211
238;Ida;-34.7577181;-58.2804322;212
238;Ida;-34.7590491;-58.2794022;213
238;Ida;-34.7603139;-58.2784205;214
238;Ida;-34.7613628;-58.2775998;215
238;Ida;-34.7629714;-58.2762748;216
238;Ida;-34.7636060;-58.2757705;217
238;Ida;-34.7646857;-58.2749605;218
238;Ida;-34.7660430;-58.2738715;219
238;Ida;-34.7672813;-58.2729059;220
238;Ida;-34.7685326;-58.2719016;221
238;Ida;-34.7688750;-58.2716350;222
238;Ida;-34.7693788;-58.2711356;223
238;Ida;-34.7703924;-58.2702291;224
238;Ida;-34.7713618;-58.2693547;225
238;Ida;-34.7724546;-58.2684481;226
238;Ida;-34.7736972;-58.2676219;227
238;Ida;-34.7745168;-58.2669943;228
238;Ida;-34.7746226;-58.2667636;229
238;Ida;-34.7757902;-58.2659322;230
238;Ida;-34.7770416;-58.2650417;231
238;Ida;-34.7783943;-58.2638615;232
238;Ida;-34.7797734;-58.2625955;233
238;Ida;-34.7810089;-58.2614430;234
238;Ida;-34.7823280;-58.2603050;235
238;Ida;-34.7825849;-58.2602400;236
238;Ida;-34.7827350;-58.2602619;237
238;Ida;-34.7829070;-58.2604970;238
238;Ida;-34.7829070;-58.2607550;239
238;Ida;-34.7827350;-58.2609920;240
238;Ida;-34.7826280;-58.2610549;241
238;Ida;-34.7824779;-58.2610329;242
238;Ida;-34.7823500;-58.2609700;243
238;Ida;-34.7822000;-58.2606899;244
238;Ida;-34.7820919;-58.2598750;245
238;Ida;-34.7821330;-58.2594250;246
238;Ida;-34.7823920;-58.2589100;247
238;Ida;-34.7829470;-58.2584170;248
238;Ida;-34.7832300;-58.2581580;249
238;Ida;-34.7834000;-58.2579020;250
238;Ida;-34.7837650;-58.2570649;251
238;Ida;-34.7846444;-58.2554759;252
238;Ida;-34.7848820;-58.2550469;253
238;Ida;-34.7854180;-58.2560119;254
238;Ida;-34.7862119;-58.2552620;255
238;Ida;-34.7863619;-58.2551550;256
238;Ida;-34.7859970;-58.2544469;257
238;Ida;-34.7857619;-58.2540819;258
238;Ida;-34.7855250;-58.2538449;259
238;Ida;-34.7846637;-58.2522410;260
238;Ida;-34.7838026;-58.2506372;261
238;Ida;-34.7829413;-58.2490334;262
238;Ida;-34.7820802;-58.2474295;263
238;Ida;-34.7812191;-58.2458256;264
238;Ida;-34.7805249;-58.2445329;265
238;Ida;-34.7796621;-58.2429303;266
238;Ida;-34.7787993;-58.2413279;267
238;Ida;-34.7784219;-58.2406270;268
238;Ida;-34.7775486;-58.2390328;269
238;Ida;-34.7766755;-58.2374388;270
238;Ida;-34.7763420;-58.2368299;271
238;Ida;-34.7754863;-58.2352217;272
238;Ida;-34.7746308;-58.2336135;273
238;Ida;-34.7737752;-58.2320055;274
238;Ida;-34.7729197;-58.2303973;275
238;Ida;-34.7720642;-58.2287892;276
238;Ida;-34.7715129;-58.2277530;277
238;Ida;-34.7714270;-58.2274949;278
238;Ida;-34.7705388;-58.2259132;279
238;Ida;-34.7704400;-58.2257370;280
238;Ida;-34.7695955;-58.2241202;281
238;Ida;-34.7687510;-58.2225035;282
238;Ida;-34.7679065;-58.2208868;283
238;Ida;-34.7671780;-58.2194920;284
238;Ida;-34.7663245;-58.2178822;285
238;Ida;-34.7654710;-58.2162726;286
238;Ida;-34.7646176;-58.2146630;287
238;Ida;-34.7640180;-58.2135320;288
238;Ida;-34.7631561;-58.2119288;289
238;Ida;-34.7629080;-58.2114669;290
238;Ida;-34.7636486;-58.2097766;291
238;Ida;-34.7637450;-58.2095569;292
238;Ida;-34.7640900;-58.2093199;293
238;Ida;-34.7648872;-58.2076682;294
238;Ida;-34.7650530;-58.2073249;295
238;Ida;-34.7648620;-58.2070900;296
238;Ida;-34.7656772;-58.2054430;297
238;Ida;-34.7664925;-58.2038122;298
238;Ida;-34.7673606;-58.2020312;299
238;Ida;-34.7681582;-58.2004004;300
238;Ida;-34.7688236;-58.1990754;301
238;Ida;-34.7695287;-58.2003575;302
238;Ida;-34.7700178;-58.2012158;303
238;Ida;-34.7711238;-58.2003843;304
238;Ida;-34.7719567;-58.2020044;305
238;Ida;-34.7727410;-58.2035332;306
238;Ida;-34.7735298;-58.2050782;307
238;Ida;-34.7748958;-58.2039731;308
238;Ida;-34.7760282;-58.2031363;309
238;Ida;-34.7768301;-58.2025140;310
238;Ida;-34.7774205;-58.2007384;311
238;Ida;-34.7779933;-58.1990593;312
238;Ida;-34.7766715;-58.1983727;313
238;Ida;-34.7759797;-58.1980508;314
238;Ida;-34.7755787;-58.1977665;315
238;Ida;-34.7749178;-58.1964683;316
238;Ida;-34.7743141;-58.1953525;317
238;Ida;-34.7741511;-58.1954383;318
238;Ida;-34.7729834;-58.1963610;319
238;Ida;-34.7717628;-58.1973266;320
238;Ida;-34.7701544;-58.1985497;321
238;Ida;-34.7693612;-58.1970584;322
238;Ida;-34.7686121;-58.1956475;323
238;Ida;-34.7696961;-58.1942367;324
238;Vuelta;-34.7694978;-58.1944835;0
238;Vuelta;-34.7690748;-58.1949985;1
238;Vuelta;-34.7686033;-58.1956207;2
238;Vuelta;-34.7691056;-58.1966292;3
238;Vuelta;-34.7695375;-58.1974232;4
238;Vuelta;-34.7699032;-58.1981259;5
238;Vuelta;-34.7701412;-58.1985819;6
238;Vuelta;-34.7709256;-58.1979328;7
238;Vuelta;-34.7726088;-58.1966936;8
238;Vuelta;-34.7743450;-58.1953096;9
238;Vuelta;-34.7745256;-58.1953310;10
238;Vuelta;-34.7754377;-58.1957870;11
238;Vuelta;-34.7754862;-58.1959909;12
238;Vuelta;-34.7748825;-58.1964361;13
238;Vuelta;-34.7755611;-58.1977772;14
238;Vuelta;-34.7748958;-58.1987589;15
238;Vuelta;-34.7740762;-58.1994187;16
238;Vuelta;-34.7731905;-58.2000732;17
238;Vuelta;-34.7719435;-58.2010281;18
238;Vuelta;-34.7704981;-58.2021600;19
238;Vuelta;-34.7694053;-58.2030183;20
238;Vuelta;-34.7685989;-58.2014840;21
238;Vuelta;-34.7680745;-58.2005667;22
238;Vuelta;-34.7674708;-58.2017898;23
238;Vuelta;-34.7671711;-58.2023960;24
238;Vuelta;-34.7665019;-58.2037362;25
238;Vuelta;-34.7656969;-58.2053823;26
238;Vuelta;-34.7648928;-58.2071113;27
238;Vuelta;-34.7651087;-58.2074815;28
238;Vuelta;-34.7645314;-58.2086831;29
238;Vuelta;-34.7641216;-58.2095307;30
238;Vuelta;-34.7637646;-58.2097131;31
238;Vuelta;-34.7629670;-58.2113277;32
238;Vuelta;-34.7621869;-58.2130390;33
238;Vuelta;-34.7621957;-58.2131677;34
238;Vuelta;-34.7622662;-58.2131731;35
238;Vuelta;-34.7633504;-58.2122933;36
238;Vuelta;-34.7642141;-58.2139295;37
238;Vuelta;-34.7650434;-58.2155022;38
238;Vuelta;-34.7660518;-58.2174915;39
238;Vuelta;-34.7667392;-58.2188057;40
238;Vuelta;-34.7673209;-58.2199108;41
238;Vuelta;-34.7681450;-58.2214289;42
238;Vuelta;-34.7689690;-58.2229846;43
238;Vuelta;-34.7699229;-58.2246761;44
238;Vuelta;-34.7707008;-58.2261925;45
238;Vuelta;-34.7710357;-58.2268524;46
238;Vuelta;-34.7713926;-58.2275390;47
238;Vuelta;-34.7715557;-58.2278341;48
238;Vuelta;-34.7725560;-58.2297384;49
238;Vuelta;-34.7732037;-58.2309615;50
238;Vuelta;-34.7740277;-58.2325226;51
238;Vuelta;-34.7751822;-58.2346361;52
238;Vuelta;-34.7755743;-58.2354944;53
238;Vuelta;-34.7763190;-58.2369053;54
238;Vuelta;-34.7772179;-58.2385575;55
238;Vuelta;-34.7780066;-58.2400006;56
238;Vuelta;-34.7785441;-58.2409930;57
238;Vuelta;-34.7788702;-58.2416635;58
238;Vuelta;-34.7795355;-58.2428759;59
238;Vuelta;-34.7805004;-58.2446944;60
238;Vuelta;-34.7812715;-58.2461106;61
238;Vuelta;-34.7818266;-58.2470816;62
238;Vuelta;-34.7826461;-58.2486212;63
238;Vuelta;-34.7835053;-58.2502573;64
238;Vuelta;-34.7843380;-58.2517379;65
238;Vuelta;-34.7850517;-58.2531005;66
238;Vuelta;-34.7854482;-58.2539159;67
238;Vuelta;-34.7846529;-58.2554402;68
238;Vuelta;-34.7837650;-58.2570649;69
238;Vuelta;-34.7832938;-58.2578372;70
238;Vuelta;-34.7820699;-58.2587600;71
238;Vuelta;-34.7811469;-58.2593380;72
238;Vuelta;-34.7808441;-58.2600903;73
238;Vuelta;-34.7804916;-58.2607179;74
238;Vuelta;-34.7802977;-58.2607984;75
238;Vuelta;-34.7800422;-58.2609379;76
238;Vuelta;-34.7797382;-58.2611685;77
238;Vuelta;-34.7786014;-58.2620537;78
238;Vuelta;-34.7772311;-58.2632017;79
238;Vuelta;-34.7774338;-58.2644784;80
238;Vuelta;-34.7769447;-58.2650792;81
238;Vuelta;-34.7756492;-58.2660287;82
238;Vuelta;-34.7746666;-58.2667315;83
238;Vuelta;-34.7744287;-58.2667636;84
238;Vuelta;-34.7736370;-58.2673649;85
238;Vuelta;-34.7722739;-58.2683408;86
238;Vuelta;-34.7709652;-58.2694619;87
238;Vuelta;-34.7698459;-58.2705885;88
238;Vuelta;-34.7689294;-58.2714414;89
238;Vuelta;-34.7687046;-58.2717365;90
238;Vuelta;-34.7676779;-58.2725733;91
238;Vuelta;-34.7662259;-58.2737044;92
238;Vuelta;-34.7649013;-58.2747390;93
238;Vuelta;-34.7635768;-58.2757738;94
238;Vuelta;-34.7630800;-58.2761619;95
238;Vuelta;-34.7617528;-58.2771917;96
238;Vuelta;-34.7604258;-58.2782215;97
238;Vuelta;-34.7590987;-58.2792512;98
238;Vuelta;-34.7577716;-58.2802811;99
238;Vuelta;-34.7564446;-58.2813109;100
238;Vuelta;-34.7560849;-58.2815900;101
238;Vuelta;-34.7547769;-58.2826200;102
238;Vuelta;-34.7546919;-58.2826919;103
238;Vuelta;-34.7533639;-58.2837199;104
238;Vuelta;-34.7525630;-58.2843400;105
238;Vuelta;-34.7522529;-58.2845681;106
238;Vuelta;-34.7517461;-58.2849705;107
238;Vuelta;-34.7511500;-58.2854749;108
238;Vuelta;-34.7505069;-58.2859470;109
238;Vuelta;-34.7489818;-58.2864198;110
238;Vuelta;-34.7473949;-58.2869120;111
238;Vuelta;-34.7466870;-58.2871700;112
238;Vuelta;-34.7457824;-58.2876151;113
238;Vuelta;-34.7444424;-58.2886344;114
238;Vuelta;-34.7431220;-58.2896191;115
238;Vuelta;-34.7423927;-58.2901418;116
238;Vuelta;-34.7411176;-58.2910649;117
238;Vuelta;-34.7397534;-58.2920199;118
238;Vuelta;-34.7384297;-58.2929098;119
238;Vuelta;-34.7372968;-58.2936662;120
238;Vuelta;-34.7359126;-58.2946318;121
238;Vuelta;-34.7346050;-58.2956279;122
238;Vuelta;-34.7332416;-58.2965842;123
238;Vuelta;-34.7318781;-58.2975408;124
238;Vuelta;-34.7305147;-58.2984972;125
238;Vuelta;-34.7291512;-58.2994537;126
238;Vuelta;-34.7277878;-58.3004102;127
238;Vuelta;-34.7264243;-58.3013666;128
238;Vuelta;-34.7256668;-58.3019649;129
238;Vuelta;-34.7252215;-58.3021903;130
238;Vuelta;-34.7238955;-58.3025285;131
238;Vuelta;-34.7223424;-58.3029413;132
238;Vuelta;-34.7207948;-58.3034402;133
238;Vuelta;-34.7193088;-58.3039015;134
238;Vuelta;-34.7177901;-58.3043948;135
238;Vuelta;-34.7163669;-58.3048300;136
238;Vuelta;-34.7153977;-58.3057469;137
238;Vuelta;-34.7139349;-58.3072609;138
238;Vuelta;-34.7127190;-58.3084764;139
238;Vuelta;-34.7115031;-58.3096918;140
238;Vuelta;-34.7112380;-58.3099569;141
238;Vuelta;-34.7110879;-58.3099780;142
238;Vuelta;-34.7109820;-58.3099369;143
238;Vuelta;-34.7103370;-58.3091420;144
238;Vuelta;-34.7096475;-58.3108001;145
238;Vuelta;-34.7091536;-58.3118838;146
238;Vuelta;-34.7080203;-58.3130961;147
238;Vuelta;-34.7068384;-58.3143568;148
238;Vuelta;-34.7056654;-58.3155477;149
238;Vuelta;-34.7045408;-58.3167761;150
238;Vuelta;-34.7033809;-58.3181816;151
238;Vuelta;-34.7022607;-58.3196139;152
238;Vuelta;-34.7011935;-58.3209604;153
238;Vuelta;-34.7001218;-58.3223122;154
238;Vuelta;-34.6989883;-58.3237445;155
238;Vuelta;-34.6978717;-58.3251446;156
238;Vuelta;-34.6967699;-58.3265608;157
238;Vuelta;-34.6960906;-58.3274030;158
238;Vuelta;-34.6954643;-58.3282613;159
238;Vuelta;-34.6944279;-58.3297419;160
238;Vuelta;-34.6934046;-58.3311527;161
238;Vuelta;-34.6923692;-58.3325506;162
238;Vuelta;-34.6913668;-58.3340173;163
238;Vuelta;-34.6902950;-58.3355194;164
238;Vuelta;-34.6896100;-58.3364150;165
238;Vuelta;-34.6890511;-58.3371287;166
238;Vuelta;-34.6879308;-58.3384323;167
238;Vuelta;-34.6871588;-58.3393174;168
238;Vuelta;-34.6860208;-58.3405619;169
238;Vuelta;-34.6848474;-58.3415704;170
238;Vuelta;-34.6840093;-58.3423215;171
238;Vuelta;-34.6829570;-58.3432379;172
238;Vuelta;-34.6824420;-58.3436469;173
238;Vuelta;-34.6822919;-58.3438170;174
238;Vuelta;-34.6817684;-58.3443117;175
238;Vuelta;-34.6803923;-58.3451346;176
238;Vuelta;-34.6795880;-58.3456630;177
238;Vuelta;-34.6789451;-58.3462911;178
238;Vuelta;-34.6781792;-58.3469140;179
238;Vuelta;-34.6767967;-58.3480399;180
238;Vuelta;-34.6757379;-58.3488231;181
238;Vuelta;-34.6750233;-58.3494400;182
238;Vuelta;-34.6738674;-58.3504915;183
238;Vuelta;-34.6725724;-58.3517348;184
238;Vuelta;-34.6712909;-58.3529162;185
238;Vuelta;-34.6700732;-58.3540481;186
238;Vuelta;-34.6690276;-58.3549869;187
238;Vuelta;-34.6679952;-58.3558773;188
238;Vuelta;-34.6673800;-58.3563920;189
238;Vuelta;-34.6664779;-58.3570569;190
238;Vuelta;-34.6662392;-58.3576798;191
238;Vuelta;-34.6653215;-58.3594661;192
238;Vuelta;-34.6645581;-58.3610272;193
238;Vuelta;-34.6638919;-58.3623254;194
238;Vuelta;-34.6631859;-58.3637309;195
238;Vuelta;-34.6628241;-58.3644336;196
238;Vuelta;-34.6620431;-58.3654743;197
238;Vuelta;-34.6609489;-58.3669441;198
238;Vuelta;-34.6600179;-58.3681297;199
238;Vuelta;-34.6595943;-58.3687520;200
238;Vuelta;-34.6586250;-58.3701030;201
238;Vuelta;-34.6584750;-58.3702100;202
238;Vuelta;-34.6583449;-58.3702320;203
238;Vuelta;-34.6579169;-58.3701670;204
238;Vuelta;-34.6575520;-58.3701670;205
238;Vuelta;-34.6571649;-58.3702529;206
238;Vuelta;-34.6558350;-58.3710049;207
238;Vuelta;-34.6543123;-58.3714887;208
238;Vuelta;-34.6527895;-58.3719724;209
238;Vuelta;-34.6525299;-58.3720550;210
238;Vuelta;-34.6509409;-58.3724105;211
238;Vuelta;-34.6500848;-58.3726090;212
238;Vuelta;-34.6496921;-58.3728611;213
238;Vuelta;-34.6493770;-58.3732570;214
238;Vuelta;-34.6483470;-58.3738370;215
238;Vuelta;-34.6467750;-58.3743685;216
238;Vuelta;-34.6452569;-58.3748674;217
238;Vuelta;-34.6440035;-58.3752590;218
238;Vuelta;-34.6431100;-58.3754250;219
238;Vuelta;-34.6415427;-58.3755998;220
238;Vuelta;-34.6399754;-58.3757747;221
238;Vuelta;-34.6394620;-58.3758320;222
238;Vuelta;-34.6379041;-58.3762943;223
238;Vuelta;-34.6363770;-58.3767288;224
238;Vuelta;-34.6348145;-58.3771097;225
238;Vuelta;-34.6333500;-58.3774379;226
238;Vuelta;-34.6318351;-58.3780217;227
238;Vuelta;-34.6309249;-58.3784319;228
238;Vuelta;-34.6307720;-58.3784500;229
238;Vuelta;-34.6306950;-58.3784479;230
238;Vuelta;-34.6305130;-58.3784070;231
238;Vuelta;-34.6301181;-58.3779412;232
238;Vuelta;-34.6299239;-58.3776944;233
238;Vuelta;-34.6297738;-58.3774960;234
238;Vuelta;-34.6296723;-58.3773833;235
238;Vuelta;-34.6295130;-58.3773679;236
238;Vuelta;-34.6293069;-58.3775169;237
238;Vuelta;-34.6278610;-58.3782725;238
238;Vuelta;-34.6271580;-58.3786399;239
238;Vuelta;-34.6264030;-58.3789250;240
238;Vuelta;-34.6262699;-58.3790479;241
238;Vuelta;-34.6262150;-58.3791650;242
238;Vuelta;-34.6261719;-58.3793620;243
238;Vuelta;-34.6264543;-58.3804357;244
238;Vuelta;-34.6269046;-58.3821040;245
238;Vuelta;-34.6269300;-58.3823849;246
238;Vuelta;-34.6269500;-58.3828469;247
238;Vuelta;-34.6253761;-58.3828675;248
238;Vuelta;-34.6237837;-58.3829730;249
238;Vuelta;-34.6222033;-58.3829569;250
238;Vuelta;-34.6206406;-58.3829677;251
238;Vuelta;-34.6192456;-58.3829784;252
238;Vuelta;-34.6184112;-58.3829945;253
238;Vuelta;-34.6172104;-58.3830535;254
238;Vuelta;-34.6165670;-58.3830630;255
238;Vuelta;-34.6153341;-58.3830535;256
238;Vuelta;-34.6143569;-58.3830850;257
238;Vuelta;-34.6144732;-58.3848398;258
238;Vuelta;-34.6146101;-58.3868837;259
238;Vuelta;-34.6146800;-58.3889429;260
238;Vuelta;-34.6148617;-58.3907675;261
238;Vuelta;-34.6149743;-58.3927508;262
238;Vuelta;-34.6151215;-58.3946547;263
238;Vuelta;-34.6152812;-58.3965235;264
238;Vuelta;-34.6153959;-58.3978217;265
238;Vuelta;-34.6148264;-58.3978807;266
238;Vuelta;-34.6151973;-58.3995652;267
238;Vuelta;-34.6154950;-58.4012600;268
238;Vuelta;-34.6154519;-58.4028700;269
238;Vuelta;-34.6158512;-58.4047197;270
238;Vuelta;-34.6161244;-58.4060293;271
238;Vuelta;-34.6163320;-58.4069470;272
238;Vuelta;-34.6165041;-58.4082341;273
238;Vuelta;-34.6150650;-58.4083830;274
238;Vuelta;-34.6139500;-58.4086199;275
238;Vuelta;-34.6125836;-58.4087383;276
238;Vuelta;-34.6124900;-58.4069470;277
238;Vuelta;-34.6111355;-58.4074187;278
238;Vuelta;-34.6101863;-58.4077084;279
238;Vuelta;-34.6102216;-58.4086203;280
238;Vuelta;-34.6095240;-58.4086847;281
239;Ida;-34.6096830;-58.4086900;0
239;Ida;-34.6094092;-58.4086847;1
239;Ida;-34.6093165;-58.4085506;2
239;Ida;-34.6092856;-58.4082877;3
239;Ida;-34.6091222;-58.4065443;4
239;Ida;-34.6092282;-58.4061902;5
239;Ida;-34.6093570;-58.4060020;6
239;Ida;-34.6095929;-58.4059800;7
239;Ida;-34.6106145;-58.4060132;8
239;Ida;-34.6121176;-58.4056872;9
239;Ida;-34.6124050;-58.4056369;10
239;Ida;-34.6123400;-58.4043500;11
239;Ida;-34.6139054;-58.4041536;12
239;Ida;-34.6145969;-58.4040659;13
239;Ida;-34.6144644;-58.4021723;14
239;Ida;-34.6143404;-58.4002557;15
239;Ida;-34.6142481;-58.3982938;16
239;Ida;-34.6141333;-58.3964484;17
239;Ida;-34.6140141;-58.3945816;18
239;Ida;-34.6138775;-58.3926273;19
239;Ida;-34.6138219;-58.3917119;20
239;Ida;-34.6136476;-58.3890402;21
239;Ida;-34.6135682;-58.3875221;22
239;Ida;-34.6133916;-58.3861273;23
239;Ida;-34.6132989;-58.3841639;24
239;Ida;-34.6132150;-58.3827638;25
239;Ida;-34.6131311;-58.3818197;26
239;Ida;-34.6130500;-58.3809979;27
239;Ida;-34.6146225;-58.3809255;28
239;Ida;-34.6161953;-58.3808532;29
239;Ida;-34.6164419;-58.3808420;30
239;Ida;-34.6180153;-58.3807941;31
239;Ida;-34.6188069;-58.3807699;32
239;Ida;-34.6203806;-58.3807537;33
239;Ida;-34.6207420;-58.3807499;34
239;Ida;-34.6208329;-58.3807699;35
239;Ida;-34.6210158;-58.3807843;36
239;Ida;-34.6213513;-58.3808058;37
239;Ida;-34.6219850;-58.3808900;38
239;Ida;-34.6222100;-58.3809419;39
239;Ida;-34.6227331;-58.3810687;40
239;Ida;-34.6241569;-58.3814449;41
239;Ida;-34.6246250;-58.3814369;42
239;Ida;-34.6246401;-58.3823078;43
239;Ida;-34.6259909;-58.3822864;44
239;Ida;-34.6267280;-58.3822596;45
239;Ida;-34.6270049;-58.3822400;46
239;Ida;-34.6273449;-58.3822300;47
239;Ida;-34.6275005;-58.3820664;48
239;Ida;-34.6276153;-58.3817982;49
239;Ida;-34.6276065;-58.3809453;50
239;Ida;-34.6275800;-58.3798617;51
239;Ida;-34.6277100;-58.3796070;52
239;Ida;-34.6292186;-58.3790624;53
239;Ida;-34.6302450;-58.3786920;54
239;Ida;-34.6302870;-58.3786199;55
239;Ida;-34.6303100;-58.3785420;56
239;Ida;-34.6303249;-58.3784399;57
239;Ida;-34.6303249;-58.3782349;58
239;Ida;-34.6303070;-58.3781450;59
239;Ida;-34.6302900;-58.3781049;60
239;Ida;-34.6300770;-58.3778420;61
239;Ida;-34.6298120;-58.3773849;62
239;Ida;-34.6298049;-58.3773070;63
239;Ida;-34.6298120;-58.3772400;64
239;Ida;-34.6298400;-58.3771800;65
239;Ida;-34.6299106;-58.3771473;66
239;Ida;-34.6301181;-58.3770936;67
239;Ida;-34.6314599;-58.3765089;68
239;Ida;-34.6329563;-58.3759456;69
239;Ida;-34.6339891;-58.3755970;70
239;Ida;-34.6342319;-58.3755004;71
239;Ida;-34.6343157;-58.3754521;72
239;Ida;-34.6344790;-58.3753985;73
239;Ida;-34.6346720;-58.3753870;74
239;Ida;-34.6359047;-58.3751678;75
239;Ida;-34.6360548;-58.3751302;76
239;Ida;-34.6361342;-58.3751088;77
239;Ida;-34.6363100;-58.3750780;78
239;Ida;-34.6378520;-58.3747850;79
239;Ida;-34.6394080;-58.3744980;80
239;Ida;-34.6398319;-58.3744200;81
239;Ida;-34.6402649;-58.3743550;82
239;Ida;-34.6403492;-58.3743417;83
239;Ida;-34.6405213;-58.3743041;84
239;Ida;-34.6407250;-58.3742700;85
239;Ida;-34.6422814;-58.3739867;86
239;Ida;-34.6438379;-58.3737034;87
239;Ida;-34.6453944;-58.3734202;88
239;Ida;-34.6469507;-58.3731371;89
239;Ida;-34.6485072;-58.3728539;90
239;Ida;-34.6490069;-58.3727629;91
239;Ida;-34.6491830;-58.3727850;92
239;Ida;-34.6492650;-58.3729080;93
239;Ida;-34.6496550;-58.3740299;94
239;Ida;-34.6498270;-58.3741150;95
239;Ida;-34.6499480;-58.3741325;96
239;Ida;-34.6501245;-58.3740413;97
239;Ida;-34.6505570;-58.3734029;98
239;Ida;-34.6509420;-58.3730649;99
239;Ida;-34.6512650;-58.3729149;100
239;Ida;-34.6521869;-58.3723770;101
239;Ida;-34.6537097;-58.3718937;102
239;Ida;-34.6559142;-58.3711713;103
239;Ida;-34.6566952;-58.3707743;104
239;Ida;-34.6570173;-58.3704847;105
239;Ida;-34.6573836;-58.3703345;106
239;Ida;-34.6578519;-58.3702970;107
239;Ida;-34.6583449;-58.3703819;108
239;Ida;-34.6585380;-58.3703170;109
239;Ida;-34.6587749;-58.3701470;110
239;Ida;-34.6588599;-58.3700600;111
239;Ida;-34.6589669;-58.3700169;112
239;Ida;-34.6590750;-58.3700380;113
239;Ida;-34.6595413;-58.3703666;114
239;Ida;-34.6597179;-58.3701250;115
239;Ida;-34.6601899;-58.3693850;116
239;Ida;-34.6615931;-58.3682692;117
239;Ida;-34.6628947;-58.3673840;118
239;Ida;-34.6641125;-58.3665794;119
239;Ida;-34.6652200;-58.3659034;120
239;Ida;-34.6664995;-58.3650773;121
239;Ida;-34.6675520;-58.3643519;122
239;Ida;-34.6664642;-58.3628511;123
239;Ida;-34.6654450;-58.3613812;124
239;Ida;-34.6648185;-58.3604907;125
239;Ida;-34.6653215;-58.3594983;126
239;Ida;-34.6661686;-58.3578300;127
239;Ida;-34.6665569;-58.3571326;128
239;Ida;-34.6674260;-58.3564352;129
239;Ida;-34.6686879;-58.3553731;130
239;Ida;-34.6694291;-58.3547508;131
239;Ida;-34.6703468;-58.3539408;132
239;Ida;-34.6712644;-58.3531093;133
239;Ida;-34.6724865;-58.3520042;134
239;Ida;-34.6736821;-58.3508294;135
239;Ida;-34.6746527;-58.3499336;136
239;Ida;-34.6752791;-58.3494240;137
239;Ida;-34.6764614;-58.3484369;138
239;Ida;-34.6771541;-58.3478629;139
239;Ida;-34.6784025;-58.3468276;140
239;Ida;-34.6792848;-58.3461570;141
239;Ida;-34.6796750;-58.3459000;142
239;Ida;-34.6810802;-58.3450573;143
239;Ida;-34.6819700;-58.3445249;144
239;Ida;-34.6832506;-58.3434695;145
239;Ida;-34.6845078;-58.3423858;146
239;Ida;-34.6856723;-58.3413773;147
239;Ida;-34.6865420;-58.3405350;148
239;Ida;-34.6874850;-58.3394180;149
239;Ida;-34.6885659;-58.3380568;150
239;Ida;-34.6896378;-58.3366781;151
239;Ida;-34.6907405;-58.3352029;152
239;Ida;-34.6917462;-58.3337384;153
239;Ida;-34.6927616;-58.3323181;154
239;Ida;-34.6938170;-58.3308980;155
239;Ida;-34.6948645;-58.3293020;156
239;Ida;-34.6959363;-58.3278965;157
239;Ida;-34.6969860;-58.3265930;158
239;Ida;-34.6981062;-58.3251821;159
239;Ida;-34.6991824;-58.3237767;160
239;Ida;-34.7003026;-58.3223122;161
239;Ida;-34.7014360;-58.3209764;162
239;Ida;-34.7025033;-58.3196085;163
239;Ida;-34.7036058;-58.3181977;164
239;Ida;-34.7047128;-58.3168083;165
239;Ida;-34.7058594;-58.3155852;166
239;Ida;-34.7070677;-58.3143353;167
239;Ida;-34.7081041;-58.3132624;168
239;Ida;-34.7086465;-58.3126562;169
239;Ida;-34.7093720;-58.3119530;170
239;Ida;-34.7105251;-58.3108699;171
239;Ida;-34.7113585;-58.3100545;172
239;Ida;-34.7124653;-58.3089441;173
239;Ida;-34.7132855;-58.3081448;174
239;Ida;-34.7138764;-58.3076083;175
239;Ida;-34.7147230;-58.3067017;176
239;Ida;-34.7155608;-58.3058273;177
239;Ida;-34.7160988;-58.3064925;178
239;Ida;-34.7164383;-58.3061009;179
239;Ida;-34.7168819;-58.3054520;180
239;Ida;-34.7157555;-58.3041148;181
239;Ida;-34.7150370;-58.3032619;182
239;Ida;-34.7162179;-58.3019220;183
239;Ida;-34.7173952;-58.3005595;184
239;Ida;-34.7184711;-58.2993149;185
239;Ida;-34.7196043;-58.2980060;186
239;Ida;-34.7207250;-58.2966464;187
239;Ida;-34.7218626;-58.2953233;188
239;Ida;-34.7220099;-58.2951520;189
239;Ida;-34.7233573;-58.2941623;190
239;Ida;-34.7245220;-58.2933069;191
239;Ida;-34.7254243;-58.2926845;192
239;Ida;-34.7263325;-58.2921051;193
239;Ida;-34.7270997;-58.2914721;194
239;Ida;-34.7279021;-58.2908928;195
239;Ida;-34.7274171;-58.2898736;196
239;Ida;-34.7300271;-58.2879960;197
239;Ida;-34.7309265;-58.2899379;198
239;Ida;-34.7319493;-58.2920730;199
239;Ida;-34.7337270;-58.2909030;200
239;Ida;-34.7350744;-58.2899134;201
239;Ida;-34.7364219;-58.2889240;202
239;Ida;-34.7377693;-58.2879344;203
239;Ida;-34.7391168;-58.2869450;204
239;Ida;-34.7404644;-58.2859555;205
239;Ida;-34.7418119;-58.2849659;206
239;Ida;-34.7431594;-58.2839765;207
239;Ida;-34.7438738;-58.2834738;208
239;Ida;-34.7443719;-58.2846271;209
239;Ida;-34.7447994;-58.2855874;210
239;Ida;-34.7456217;-58.2872160;211
239;Ida;-34.7457849;-58.2875769;212
239;Ida;-34.7472781;-58.2869717;213
239;Ida;-34.7474800;-58.2868900;214
239;Ida;-34.7490045;-58.2864149;215
239;Ida;-34.7505069;-58.2859470;216
239;Ida;-34.7511775;-58.2855015;217
239;Ida;-34.7523763;-58.2844984;218
239;Ida;-34.7533548;-58.2837474;219
239;Ida;-34.7544214;-58.2829427;220
239;Ida;-34.7549459;-58.2825726;221
239;Ida;-34.7555894;-58.2820844;222
239;Ida;-34.7576211;-58.2805234;223
239;Ida;-34.7582866;-58.2800298;224
239;Ida;-34.7590976;-58.2793754;225
239;Ida;-34.7604726;-58.2782274;226
239;Ida;-34.7616581;-58.2772886;227
239;Ida;-34.7626585;-58.2765161;228
239;Ida;-34.7633812;-58.2760065;229
239;Ida;-34.7645226;-58.2750999;230
239;Ida;-34.7658931;-58.2740271;231
239;Ida;-34.7673474;-58.2729649;232
239;Ida;-34.7685636;-58.2719671;233
239;Ida;-34.7688721;-58.2717043;234
239;Ida;-34.7692555;-58.2713180;235
239;Ida;-34.7704496;-58.2701915;236
239;Ida;-34.7713177;-58.2694083;237
239;Ida;-34.7725295;-58.2683998;238
239;Ida;-34.7740145;-58.2673537;239
239;Ida;-34.7745653;-58.2669353;240
239;Ida;-34.7746358;-58.2667368;241
239;Ida;-34.7759973;-58.2658088;242
239;Ida;-34.7769887;-58.2649880;243
239;Ida;-34.7784560;-58.2638186;244
239;Ida;-34.7797602;-58.2626223;245
239;Ida;-34.7810071;-58.2614850;246
239;Ida;-34.7823280;-58.2603050;247
239;Ida;-34.7825849;-58.2602400;248
239;Ida;-34.7827350;-58.2602619;249
239;Ida;-34.7829070;-58.2604970;250
239;Ida;-34.7829070;-58.2607550;251
239;Ida;-34.7827519;-58.2609969;252
239;Ida;-34.7825492;-58.2610934;253
239;Ida;-34.7823377;-58.2610452;254
239;Ida;-34.7822232;-58.2609164;255
239;Ida;-34.7822000;-58.2606899;256
239;Ida;-34.7820919;-58.2598750;257
239;Ida;-34.7821330;-58.2594250;258
239;Ida;-34.7823920;-58.2589100;259
239;Ida;-34.7829470;-58.2584170;260
239;Ida;-34.7832300;-58.2581580;261
239;Ida;-34.7834000;-58.2579020;262
239;Ida;-34.7839811;-58.2568502;263
239;Ida;-34.7844393;-58.2559704;264
239;Ida;-34.7848711;-58.2552033;265
239;Ida;-34.7853866;-58.2560777;266
239;Ida;-34.7861091;-58.2554018;267
239;Ida;-34.7863206;-58.2552033;268
239;Ida;-34.7859637;-58.2545220;269
239;Ida;-34.7857258;-58.2541036;270
239;Ida;-34.7853777;-58.2536959;271
239;Ida;-34.7846860;-58.2523709;272
239;Ida;-34.7837520;-58.2507187;273
239;Ida;-34.7829105;-58.2490825;274
239;Ida;-34.7820645;-58.2474946;275
239;Ida;-34.7810556;-58.2456976;276
239;Ida;-34.7804519;-58.2445335;277
239;Ida;-34.7795928;-58.2429617;278
239;Ida;-34.7788085;-58.2415080;279
239;Ida;-34.7782974;-58.2404673;280
239;Ida;-34.7775571;-58.2391262;281
239;Ida;-34.7766627;-58.2374846;282
239;Ida;-34.7763410;-58.2368999;283
239;Ida;-34.7756096;-58.2355105;284
239;Ida;-34.7747019;-58.2337939;285
239;Ida;-34.7737752;-58.2320055;286
239;Ida;-34.7729197;-58.2303973;287
239;Ida;-34.7720642;-58.2287892;288
239;Ida;-34.7715733;-58.2278448;289
239;Ida;-34.7714323;-58.2275283;290
239;Ida;-34.7707273;-58.2261872;291
239;Ida;-34.7704320;-58.2256346;292
239;Ida;-34.7696256;-58.2241165;293
239;Ida;-34.7687046;-58.2224428;294
239;Ida;-34.7679065;-58.2208868;295
239;Ida;-34.7671535;-58.2195407;296
239;Ida;-34.7662721;-58.2179152;297
239;Ida;-34.7654710;-58.2162726;298
239;Ida;-34.7646176;-58.2146630;299
239;Ida;-34.7640180;-58.2135320;300
239;Ida;-34.7631561;-58.2119288;301
239;Ida;-34.7629080;-58.2114669;302
239;Ida;-34.7636060;-58.2100510;303
239;Ida;-34.7637866;-58.2096809;304
239;Ida;-34.7640995;-58.2095521;305
239;Ida;-34.7646328;-58.2084792;306
239;Ida;-34.7651087;-58.2074493;307
239;Ida;-34.7648972;-58.2071274;308
239;Ida;-34.7656816;-58.2054376;309
239;Ida;-34.7664925;-58.2037907;310
239;Ida;-34.7673782;-58.2020097;311
239;Ida;-34.7681626;-58.2003575;312
239;Ida;-34.7688104;-58.1990647;313
239;Ida;-34.7694141;-58.2001161;314
239;Ida;-34.7700178;-58.2011997;315
239;Ida;-34.7711106;-58.2003843;316
239;Ida;-34.7719435;-58.2019829;317
239;Ida;-34.7727719;-58.2035976;318
239;Ida;-34.7735210;-58.2050621;319
239;Ida;-34.7748825;-58.2039785;320
239;Ida;-34.7760150;-58.2031309;321
239;Ida;-34.7768345;-58.2024979;322
239;Ida;-34.7774602;-58.2006311;323
239;Ida;-34.7779889;-58.1990540;324
239;Ida;-34.7766627;-58.1983834;325
239;Ida;-34.7758960;-58.1980133;326
239;Ida;-34.7756184;-58.1978148;327
239;Ida;-34.7749707;-58.1965488;328
239;Ida;-34.7743890;-58.1954544;329
239;Ida;-34.7743009;-58.1953418;330
239;Ida;-34.7729129;-58.1964200;331
239;Ida;-34.7717099;-58.1973642;332
239;Ida;-34.7701412;-58.1985712;333
239;Ida;-34.7693612;-58.1970691;334
239;Ida;-34.7686077;-58.1956315;335
239;Ida;-34.7696785;-58.1942528;336
239;Vuelta;-34.7694317;-58.1945478;0
239;Vuelta;-34.7690748;-58.1950092;1
239;Vuelta;-34.7685989;-58.1956207;2
239;Vuelta;-34.7690131;-58.1964254;3
239;Vuelta;-34.7695595;-58.1974661;4
239;Vuelta;-34.7698812;-58.1980562;5
239;Vuelta;-34.7701412;-58.1985819;6
239;Vuelta;-34.7715028;-58.1975090;7
239;Vuelta;-34.7726044;-58.1966936;8
239;Vuelta;-34.7736796;-58.1958031;9
239;Vuelta;-34.7744022;-58.1952774;10
239;Vuelta;-34.7755126;-58.1958407;11
239;Vuelta;-34.7754245;-58.1960660;12
239;Vuelta;-34.7748825;-58.1964093;13
239;Vuelta;-34.7755743;-58.1977772;14
239;Vuelta;-34.7749046;-58.1987375;15
239;Vuelta;-34.7740718;-58.1994241;16
239;Vuelta;-34.7732081;-58.2000678;17
239;Vuelta;-34.7723753;-58.2006740;18
239;Vuelta;-34.7716218;-58.2013070;19
239;Vuelta;-34.7705202;-58.2021492;20
239;Vuelta;-34.7694009;-58.2030183;21
239;Vuelta;-34.7687090;-58.2016932;22
239;Vuelta;-34.7680833;-58.2005989;23
239;Vuelta;-34.7674355;-58.2019132;24
239;Vuelta;-34.7672196;-58.2023102;25
239;Vuelta;-34.7665019;-58.2037362;26
239;Vuelta;-34.7657477;-58.2053035;27
239;Vuelta;-34.7648840;-58.2071274;28
239;Vuelta;-34.7651175;-58.2074439;29
239;Vuelta;-34.7645314;-58.2086884;30
239;Vuelta;-34.7641084;-58.2095253;31
239;Vuelta;-34.7637955;-58.2096809;32
239;Vuelta;-34.7630331;-58.2112365;33
239;Vuelta;-34.7622222;-58.2130014;34
239;Vuelta;-34.7621957;-58.2132053;35
239;Vuelta;-34.7622839;-58.2131516;36
239;Vuelta;-34.7633680;-58.2122987;37
239;Vuelta;-34.7641907;-58.2138921;38
239;Vuelta;-34.7650434;-58.2155022;39
239;Vuelta;-34.7656596;-58.2166010;40
239;Vuelta;-34.7663735;-58.2181084;41
239;Vuelta;-34.7673253;-58.2199162;42
239;Vuelta;-34.7681626;-58.2214826;43
239;Vuelta;-34.7690572;-58.2231187;44
239;Vuelta;-34.7699229;-58.2246761;45
239;Vuelta;-34.7705862;-58.2259672;46
239;Vuelta;-34.7710401;-58.2268309;47
239;Vuelta;-34.7713530;-58.2274210;48
239;Vuelta;-34.7715292;-58.2277643;49
239;Vuelta;-34.7723760;-58.2293550;50
239;Vuelta;-34.7731993;-58.2309669;51
239;Vuelta;-34.7740453;-58.2325387;52
239;Vuelta;-34.7748120;-58.2340246;53
239;Vuelta;-34.7752483;-58.2347917;54
239;Vuelta;-34.7756713;-58.2356929;55
239;Vuelta;-34.7763190;-58.2368838;56
239;Vuelta;-34.7772046;-58.2384878;57
239;Vuelta;-34.7779933;-58.2399362;58
239;Vuelta;-34.7785485;-58.2409876;59
239;Vuelta;-34.7790288;-58.2419210;60
239;Vuelta;-34.7797338;-58.2432299;61
239;Vuelta;-34.7804255;-58.2445389;62
239;Vuelta;-34.7811084;-58.2458102;63
239;Vuelta;-34.7817473;-58.2469046;64
239;Vuelta;-34.7824258;-58.2481920;65
239;Vuelta;-34.7834436;-58.2501018;66
239;Vuelta;-34.7842939;-58.2516735;67
239;Vuelta;-34.7850561;-58.2530897;68
239;Vuelta;-34.7854747;-58.2539159;69
239;Vuelta;-34.7846529;-58.2554402;70
239;Vuelta;-34.7837650;-58.2570649;71
239;Vuelta;-34.7833334;-58.2578104;72
239;Vuelta;-34.7830206;-58.2579714;73
239;Vuelta;-34.7820699;-58.2587600;74
239;Vuelta;-34.7811469;-58.2593380;75
239;Vuelta;-34.7808265;-58.2600742;76
239;Vuelta;-34.7806590;-58.2604765;77
239;Vuelta;-34.7804519;-58.2607501;78
239;Vuelta;-34.7801656;-58.2608735;79
239;Vuelta;-34.7798659;-58.2610613;80
239;Vuelta;-34.7787336;-58.2619678;81
239;Vuelta;-34.7772399;-58.2632178;82
239;Vuelta;-34.7774470;-58.2644730;83
239;Vuelta;-34.7769887;-58.2649397;84
239;Vuelta;-34.7768610;-58.2651489;85
239;Vuelta;-34.7756536;-58.2660394;86
239;Vuelta;-34.7746358;-58.2667529;87
239;Vuelta;-34.7744375;-58.2667475;88
239;Vuelta;-34.7740630;-58.2670158;89
239;Vuelta;-34.7736370;-58.2673649;90
239;Vuelta;-34.7724899;-58.2682120;91
239;Vuelta;-34.7712032;-58.2692581;92
239;Vuelta;-34.7701280;-58.2703417;93
239;Vuelta;-34.7690175;-58.2713985;94
239;Vuelta;-34.7687134;-58.2716774;95
239;Vuelta;-34.7675985;-58.2725679;96
239;Vuelta;-34.7662259;-58.2737044;97
239;Vuelta;-34.7649545;-58.2746601;98
239;Vuelta;-34.7636500;-58.2756793;99
239;Vuelta;-34.7628259;-58.2763338;100
239;Vuelta;-34.7617528;-58.2771917;101
239;Vuelta;-34.7604258;-58.2782215;102
239;Vuelta;-34.7590987;-58.2792512;103
239;Vuelta;-34.7577716;-58.2802811;104
239;Vuelta;-34.7564446;-58.2813109;105
239;Vuelta;-34.7560849;-58.2815900;106
239;Vuelta;-34.7547769;-58.2826200;107
239;Vuelta;-34.7546919;-58.2826919;108
239;Vuelta;-34.7533639;-58.2837199;109
239;Vuelta;-34.7525630;-58.2843400;110
239;Vuelta;-34.7521251;-58.2846593;111
239;Vuelta;-34.7517637;-58.2849544;112
239;Vuelta;-34.7511500;-58.2854749;113
239;Vuelta;-34.7505069;-58.2859470;114
239;Vuelta;-34.7489818;-58.2864198;115
239;Vuelta;-34.7473949;-58.2869120;116
239;Vuelta;-34.7466870;-58.2871700;117
239;Vuelta;-34.7457912;-58.2876044;118
239;Vuelta;-34.7449846;-58.2859629;119
239;Vuelta;-34.7443454;-58.2846164;120
239;Vuelta;-34.7430366;-58.2854857;121
239;Vuelta;-34.7416832;-58.2864634;122
239;Vuelta;-34.7407793;-58.2871645;123
239;Vuelta;-34.7401049;-58.2876098;124
239;Vuelta;-34.7396200;-58.2865959;125
239;Vuelta;-34.7383045;-58.2875026;126
239;Vuelta;-34.7369612;-58.2885004;127
239;Vuelta;-34.7356180;-58.2894982;128
239;Vuelta;-34.7342745;-58.2904960;129
239;Vuelta;-34.7337039;-58.2909303;130
239;Vuelta;-34.7331705;-58.2898467;131
239;Vuelta;-34.7326970;-58.2887569;132
239;Vuelta;-34.7318435;-58.2894015;133
239;Vuelta;-34.7301329;-58.2906246;134
239;Vuelta;-34.7291718;-58.2885646;135
239;Vuelta;-34.7274039;-58.2898575;136
239;Vuelta;-34.7283694;-58.2918584;137
239;Vuelta;-34.7272802;-58.2926598;138
239;Vuelta;-34.7259260;-58.2936355;139
239;Vuelta;-34.7245718;-58.2946111;140
239;Vuelta;-34.7233873;-58.2954955;141
239;Vuelta;-34.7224819;-58.2961170;142
239;Vuelta;-34.7226750;-58.2965030;143
239;Vuelta;-34.7215796;-58.2978129;144
239;Vuelta;-34.7203992;-58.2991485;145
239;Vuelta;-34.7192614;-58.3004712;146
239;Vuelta;-34.7181234;-58.3017941;147
239;Vuelta;-34.7169857;-58.3031168;148
239;Vuelta;-34.7159380;-58.3043350;149
239;Vuelta;-34.7163669;-58.3048300;150
239;Vuelta;-34.7151509;-58.3060454;151
239;Vuelta;-34.7139470;-58.3073133;152
239;Vuelta;-34.7127475;-58.3085095;153
239;Vuelta;-34.7115437;-58.3097326;154
239;Vuelta;-34.7112380;-58.3099569;155
239;Vuelta;-34.7110879;-58.3099780;156
239;Vuelta;-34.7109820;-58.3099369;157
239;Vuelta;-34.7103398;-58.3091908;158
239;Vuelta;-34.7096299;-58.3108109;159
239;Vuelta;-34.7091801;-58.3118247;160
239;Vuelta;-34.7080070;-58.3130854;161
239;Vuelta;-34.7067899;-58.3143246;162
239;Vuelta;-34.7055727;-58.3156013;163
239;Vuelta;-34.7044658;-58.3168029;164
239;Vuelta;-34.7033456;-58.3181977;165
239;Vuelta;-34.7023137;-58.3195120;166
239;Vuelta;-34.7011670;-58.3209550;167
239;Vuelta;-34.7000556;-58.3223497;168
239;Vuelta;-34.6989530;-58.3237230;169
239;Vuelta;-34.6978717;-58.3251446;170
239;Vuelta;-34.6967743;-58.3264964;171
239;Vuelta;-34.6961347;-58.3272957;172
239;Vuelta;-34.6954649;-58.3282152;173
239;Vuelta;-34.6944330;-58.3296604;174
239;Vuelta;-34.6934011;-58.3311055;175
239;Vuelta;-34.6923692;-58.3325506;176
239;Vuelta;-34.6913373;-58.3339958;177
239;Vuelta;-34.6903052;-58.3354410;178
239;Vuelta;-34.6896113;-58.3364528;179
239;Vuelta;-34.6889982;-58.3371877;180
239;Vuelta;-34.6879175;-58.3384376;181
239;Vuelta;-34.6871191;-58.3393442;182
239;Vuelta;-34.6860428;-58.3405190;183
239;Vuelta;-34.6847416;-58.3416992;184
239;Vuelta;-34.6838020;-58.3425146;185
239;Vuelta;-34.6829570;-58.3432379;186
239;Vuelta;-34.6824420;-58.3436469;187
239;Vuelta;-34.6822581;-58.3438986;188
239;Vuelta;-34.6817640;-58.3443063;189
239;Vuelta;-34.6803921;-58.3451700;190
239;Vuelta;-34.6795880;-58.3456630;191
239;Vuelta;-34.6788260;-58.3463662;192
239;Vuelta;-34.6781378;-58.3468705;193
239;Vuelta;-34.6768199;-58.3479800;194
239;Vuelta;-34.6756453;-58.3489090;195
239;Vuelta;-34.6748865;-58.3495795;196
239;Vuelta;-34.6738056;-58.3505558;197
239;Vuelta;-34.6725724;-58.3517348;198
239;Vuelta;-34.6713527;-58.3528786;199
239;Vuelta;-34.6700865;-58.3540427;200
239;Vuelta;-34.6690541;-58.3549386;201
239;Vuelta;-34.6677427;-58.3560669;202
239;Vuelta;-34.6673800;-58.3563920;203
239;Vuelta;-34.6664818;-58.3571004;204
239;Vuelta;-34.6659259;-58.3582645;205
239;Vuelta;-34.6653215;-58.3594769;206
239;Vuelta;-34.6645184;-58.3610755;207
239;Vuelta;-34.6638610;-58.3624327;208
239;Vuelta;-34.6631198;-58.3639132;209
239;Vuelta;-34.6628330;-58.3644443;210
239;Vuelta;-34.6620167;-58.3655118;211
239;Vuelta;-34.6609886;-58.3669120;212
239;Vuelta;-34.6600179;-58.3681780;213
239;Vuelta;-34.6595854;-58.3687734;214
239;Vuelta;-34.6586250;-58.3701030;215
239;Vuelta;-34.6584750;-58.3702100;216
239;Vuelta;-34.6583449;-58.3702320;217
239;Vuelta;-34.6579169;-58.3701670;218
239;Vuelta;-34.6575520;-58.3701670;219
239;Vuelta;-34.6571649;-58.3702529;220
239;Vuelta;-34.6558350;-58.3710049;221
239;Vuelta;-34.6543123;-58.3714887;222
239;Vuelta;-34.6527895;-58.3719724;223
239;Vuelta;-34.6521148;-58.3721101;224
239;Vuelta;-34.6509321;-58.3723998;225
239;Vuelta;-34.6500407;-58.3726143;226
239;Vuelta;-34.6495994;-58.3729630;227
239;Vuelta;-34.6493770;-58.3732570;228
239;Vuelta;-34.6483470;-58.3738370;229
239;Vuelta;-34.6468986;-58.3743363;230
239;Vuelta;-34.6452922;-58.3748567;231
239;Vuelta;-34.6440962;-58.3752483;232
239;Vuelta;-34.6431100;-58.3754250;233
239;Vuelta;-34.6415427;-58.3755998;234
239;Vuelta;-34.6401065;-58.3757847;235
239;Vuelta;-34.6395018;-58.3758491;236
239;Vuelta;-34.6379394;-58.3763104;237
239;Vuelta;-34.6363152;-58.3767610;238
239;Vuelta;-34.6348719;-58.3770936;239
239;Vuelta;-34.6333500;-58.3774379;240
239;Vuelta;-34.6318587;-58.3780492;241
239;Vuelta;-34.6309249;-58.3784319;242
239;Vuelta;-34.6307720;-58.3784500;243
239;Vuelta;-34.6306950;-58.3784479;244
239;Vuelta;-34.6305130;-58.3784070;245
239;Vuelta;-34.6302682;-58.3781290;246
239;Vuelta;-34.6300695;-58.3778393;247
239;Vuelta;-34.6298753;-58.3775496;248
239;Vuelta;-34.6296988;-58.3773833;249
239;Vuelta;-34.6295130;-58.3773679;250
239;Vuelta;-34.6293069;-58.3775169;251
239;Vuelta;-34.6278610;-58.3782725;252
239;Vuelta;-34.6271915;-58.3785474;253
239;Vuelta;-34.6263705;-58.3789175;254
239;Vuelta;-34.6261851;-58.3790785;255
239;Vuelta;-34.6261719;-58.3793620;256
239;Vuelta;-34.6265206;-58.3809345;257
239;Vuelta;-34.6269070;-58.3821920;258
239;Vuelta;-34.6269300;-58.3823849;259
239;Vuelta;-34.6269500;-58.3828469;260
239;Vuelta;-34.6249226;-58.3828604;261
239;Vuelta;-34.6239205;-58.3829784;262
239;Vuelta;-34.6222431;-58.3829730;263
239;Vuelta;-34.6206229;-58.3829569;264
239;Vuelta;-34.6192014;-58.3829784;265
239;Vuelta;-34.6184421;-58.3829891;266
239;Vuelta;-34.6170912;-58.3830696;267
239;Vuelta;-34.6165670;-58.3830630;268
239;Vuelta;-34.6149932;-58.3830785;269
239;Vuelta;-34.6143569;-58.3830850;270
239;Vuelta;-34.6144688;-58.3848291;271
239;Vuelta;-34.6146101;-58.3868998;272
239;Vuelta;-34.6146800;-58.3889429;273
239;Vuelta;-34.6148662;-58.3909714;274
239;Vuelta;-34.6149942;-58.3928543;275
239;Vuelta;-34.6151266;-58.3946514;276
239;Vuelta;-34.6152635;-58.3962875;277
239;Vuelta;-34.6154004;-58.3978271;278
239;Vuelta;-34.6148397;-58.3978593;279
239;Vuelta;-34.6152105;-58.3996778;280
239;Vuelta;-34.6154950;-58.4012600;281
239;Vuelta;-34.6154519;-58.4028700;282
239;Vuelta;-34.6158512;-58.4047197;283
239;Vuelta;-34.6162505;-58.4065695;284
239;Vuelta;-34.6163320;-58.4069470;285
239;Vuelta;-34.6164819;-58.4082119;286
239;Vuelta;-34.6150650;-58.4083830;287
239;Vuelta;-34.6139500;-58.4086199;288
239;Vuelta;-34.6125970;-58.4087049;289
239;Vuelta;-34.6124900;-58.4069470;290
239;Vuelta;-34.6113254;-58.4073597;291
239;Vuelta;-34.6102039;-58.4076440;292
239;Vuelta;-34.6102437;-58.4085988;293
239;Vuelta;-34.6095593;-58.4086900;294
240;Ida;-34.6097404;-58.4086686;0
240;Ida;-34.6094357;-58.4086900;1
240;Ida;-34.6093253;-58.4086096;2
240;Ida;-34.6092768;-58.4083038;3
240;Ida;-34.6091399;-58.4066838;4
240;Ida;-34.6091576;-58.4063780;5
240;Ida;-34.6092591;-58.4061580;6
240;Ida;-34.6094269;-58.4060186;7
240;Ida;-34.6105836;-58.4060186;8
240;Ida;-34.6114004;-58.4058576;9
240;Ida;-34.6124050;-58.4056369;10
240;Ida;-34.6123400;-58.4043500;11
240;Ida;-34.6139054;-58.4041536;12
240;Ida;-34.6145720;-58.4040699;13
240;Ida;-34.6144561;-58.4021627;14
240;Ida;-34.6143404;-58.4002557;15
240;Ida;-34.6142247;-58.3983485;16
240;Ida;-34.6141089;-58.3964415;17
240;Ida;-34.6139932;-58.3945343;18
240;Ida;-34.6138775;-58.3926273;19
240;Ida;-34.6138219;-58.3917119;20
240;Ida;-34.6136959;-58.3898057;21
240;Ida;-34.6135700;-58.3878995;22
240;Ida;-34.6135430;-58.3874879;23
240;Ida;-34.6133997;-58.3855835;24
240;Ida;-34.6132563;-58.3836792;25
240;Ida;-34.6131099;-58.3817320;26
240;Ida;-34.6130500;-58.3809979;27
240;Ida;-34.6146225;-58.3809255;28
240;Ida;-34.6161953;-58.3808532;29
240;Ida;-34.6164419;-58.3808420;30
240;Ida;-34.6180153;-58.3807941;31
240;Ida;-34.6188069;-58.3807699;32
240;Ida;-34.6203806;-58.3807537;33
240;Ida;-34.6207420;-58.3807499;34
240;Ida;-34.6208329;-58.3807699;35
240;Ida;-34.6209870;-58.3808300;36
240;Ida;-34.6210820;-58.3808549;37
240;Ida;-34.6219850;-58.3808900;38
240;Ida;-34.6222100;-58.3809419;39
240;Ida;-34.6227230;-58.3811049;40
240;Ida;-34.6241569;-58.3814449;41
240;Ida;-34.6246250;-58.3814369;42
240;Ida;-34.6246470;-58.3822600;43
240;Ida;-34.6262205;-58.3822265;44
240;Ida;-34.6272319;-58.3822049;45
240;Ida;-34.6278119;-58.3821420;46
240;Ida;-34.6277320;-58.3802317;47
240;Ida;-34.6277049;-58.3795870;48
240;Ida;-34.6292144;-58.3790456;49
240;Ida;-34.6302150;-58.3786869;50
240;Ida;-34.6302570;-58.3786429;51
240;Ida;-34.6303430;-58.3784500;52
240;Ida;-34.6302999;-58.3781279;53
240;Ida;-34.6301720;-58.3780000;54
240;Ida;-34.6297220;-58.3772480;55
240;Ida;-34.6300650;-58.3770349;56
240;Ida;-34.6308149;-58.3767119;57
240;Ida;-34.6318199;-58.3763650;58
240;Ida;-34.6321879;-58.3761549;59
240;Ida;-34.6337315;-58.3757816;60
240;Ida;-34.6352750;-58.3754082;61
240;Ida;-34.6368185;-58.3750349;62
240;Ida;-34.6378520;-58.3747850;63
240;Ida;-34.6394080;-58.3744980;64
240;Ida;-34.6398319;-58.3744200;65
240;Ida;-34.6402649;-58.3743550;66
240;Ida;-34.6403070;-58.3742919;67
240;Ida;-34.6406180;-58.3742319;68
240;Ida;-34.6407250;-58.3742700;69
240;Ida;-34.6419550;-58.3740269;70
240;Ida;-34.6423580;-58.3738800;71
240;Ida;-34.6439168;-58.3736164;72
240;Ida;-34.6454755;-58.3733527;73
240;Ida;-34.6462020;-58.3732300;74
240;Ida;-34.6466300;-58.3731069;75
240;Ida;-34.6481874;-58.3728328;76
240;Ida;-34.6488179;-58.3727220;77
240;Ida;-34.6491830;-58.3727850;78
240;Ida;-34.6492270;-58.3728720;79
240;Ida;-34.6493770;-58.3732570;80
240;Ida;-34.6495269;-58.3738370;81
240;Ida;-34.6496550;-58.3740299;82
240;Ida;-34.6498270;-58.3741150;83
240;Ida;-34.6499549;-58.3740949;84
240;Ida;-34.6501269;-58.3739649;85
240;Ida;-34.6505349;-58.3733870;86
240;Ida;-34.6509420;-58.3730649;87
240;Ida;-34.6512650;-58.3729149;88
240;Ida;-34.6521869;-58.3723770;89
240;Ida;-34.6537097;-58.3718937;90
240;Ida;-34.6552324;-58.3714105;91
240;Ida;-34.6557699;-58.3712400;92
240;Ida;-34.6571000;-58.3704699;93
240;Ida;-34.6572949;-58.3703819;94
240;Ida;-34.6578519;-58.3702970;95
240;Ida;-34.6583449;-58.3703819;96
240;Ida;-34.6585380;-58.3703170;97
240;Ida;-34.6587749;-58.3701470;98
240;Ida;-34.6588599;-58.3700600;99
240;Ida;-34.6589669;-58.3700169;100
240;Ida;-34.6590750;-58.3700380;101
240;Ida;-34.6595050;-58.3703170;102
240;Ida;-34.6597179;-58.3701250;103
240;Ida;-34.6602120;-58.3694380;104
240;Ida;-34.6615688;-58.3684688;105
240;Ida;-34.6629258;-58.3674996;106
240;Ida;-34.6642829;-58.3665304;107
240;Ida;-34.6651700;-58.3658969;108
240;Ida;-34.6665585;-58.3649963;109
240;Ida;-34.6675520;-58.3643519;110
240;Ida;-34.6665325;-58.3628940;111
240;Ida;-34.6655132;-58.3614363;112
240;Ida;-34.6647620;-58.3603620;113
240;Ida;-34.6652970;-58.3594170;114
240;Ida;-34.6661149;-58.3577822;115
240;Ida;-34.6664779;-58.3570569;116
240;Ida;-34.6673800;-58.3563920;117
240;Ida;-34.6686471;-58.3552570;118
240;Ida;-34.6690100;-58.3549319;119
240;Ida;-34.6702948;-58.3538268;120
240;Ida;-34.6711549;-58.3530870;121
240;Ida;-34.6724102;-58.3519326;122
240;Ida;-34.6736654;-58.3507784;123
240;Ida;-34.6749208;-58.3496242;124
240;Ida;-34.6751679;-58.3493970;125
240;Ida;-34.6764622;-58.3483081;126
240;Ida;-34.6770569;-58.3478080;127
240;Ida;-34.6783768;-58.3467655;128
240;Ida;-34.6795019;-58.3458770;129
240;Ida;-34.6796750;-58.3459000;130
240;Ida;-34.6810867;-58.3450540;131
240;Ida;-34.6819700;-58.3445249;132
240;Ida;-34.6832497;-58.3434110;133
240;Ida;-34.6844600;-58.3423579;134
240;Ida;-34.6857371;-58.3412396;135
240;Ida;-34.6865420;-58.3405350;136
240;Ida;-34.6874850;-58.3394180;137
240;Ida;-34.6885403;-58.3379979;138
240;Ida;-34.6895955;-58.3365780;139
240;Ida;-34.6906510;-58.3351580;140
240;Ida;-34.6917063;-58.3337380;141
240;Ida;-34.6927616;-58.3323181;142
240;Ida;-34.6938170;-58.3308980;143
240;Ida;-34.6949320;-58.3293979;144
240;Ida;-34.6955099;-58.3285180;145
240;Ida;-34.6954029;-58.3284120;146
240;Ida;-34.6953170;-58.3282400;147
240;Ida;-34.6952082;-58.3263304;148
240;Ida;-34.6950993;-58.3244207;149
240;Ida;-34.6949906;-58.3225112;150
240;Ida;-34.6948879;-58.3207069;151
240;Ida;-34.6954342;-58.3189118;152
240;Ida;-34.6959804;-58.3171165;153
240;Ida;-34.6965399;-58.3152779;154
240;Ida;-34.6970329;-58.3137350;155
240;Ida;-34.6975947;-58.3119468;156
240;Ida;-34.6979770;-58.3107300;157
240;Ida;-34.6980629;-58.3104519;158
240;Ida;-34.6989099;-58.3088386;159
240;Ida;-34.6994150;-58.3078769;160
240;Ida;-34.7000953;-58.3065998;161
240;Ida;-34.7008274;-58.3044111;162
240;Ida;-34.7013794;-58.3026546;163
240;Ida;-34.7020342;-58.3009139;164
240;Ida;-34.7024419;-58.2998300;165
240;Ida;-34.7030200;-58.2981550;166
240;Ida;-34.7031270;-58.2980050;167
240;Ida;-34.7036371;-58.2961938;168
240;Ida;-34.7039430;-58.2951079;169
240;Ida;-34.7040069;-58.2946150;170
240;Ida;-34.7044700;-58.2927852;171
240;Ida;-34.7049465;-58.2912468;172
240;Ida;-34.7057756;-58.2895624;173
240;Ida;-34.7066400;-58.2877814;174
240;Ida;-34.7073808;-58.2860863;175
240;Ida;-34.7081129;-58.2843482;176
240;Ida;-34.7088890;-58.2826530;177
240;Ida;-34.7093829;-58.2813334;178
240;Ida;-34.7101414;-58.2792520;179
240;Ida;-34.7108822;-58.2776319;180
240;Ida;-34.7116672;-58.2760012;181
240;Ida;-34.7120023;-58.2751429;182
240;Ida;-34.7123727;-58.2743811;183
240;Ida;-34.7138279;-58.2732117;184
240;Ida;-34.7152919;-58.2720100;185
240;Ida;-34.7164694;-58.2709697;186
240;Ida;-34.7177768;-58.2699039;187
240;Ida;-34.7190842;-58.2688381;188
240;Ida;-34.7203918;-58.2677723;189
240;Ida;-34.7217100;-58.2666979;190
240;Ida;-34.7230522;-58.2657551;191
240;Ida;-34.7244631;-58.2647359;192
240;Ida;-34.7257417;-58.2637596;193
240;Ida;-34.7270909;-58.2626545;194
240;Ida;-34.7284841;-58.2616031;195
240;Ida;-34.7297891;-58.2606053;196
240;Ida;-34.7311029;-58.2595968;197
240;Ida;-34.7324078;-58.2585561;198
240;Ida;-34.7337039;-58.2574939;199
240;Ida;-34.7350353;-58.2563996;200
240;Ida;-34.7363490;-58.2553696;201
240;Ida;-34.7374864;-58.2544577;202
240;Ida;-34.7387824;-58.2533740;203
240;Ida;-34.7380201;-58.2516461;204
240;Ida;-34.7372702;-58.2499623;205
240;Ida;-34.7371169;-58.2496179;206
240;Ida;-34.7384021;-58.2485124;207
240;Ida;-34.7392619;-58.2477730;208
240;Ida;-34.7401180;-58.2469949;209
240;Ida;-34.7403694;-58.2467919;210
240;Ida;-34.7416213;-58.2457458;211
240;Ida;-34.7429922;-58.2445871;212
240;Ida;-34.7442749;-58.2434391;213
240;Ida;-34.7449449;-58.2427257;214
240;Ida;-34.7467204;-58.2410329;215
240;Ida;-34.7476100;-58.2401770;216
240;Ida;-34.7488450;-58.2389896;217
240;Ida;-34.7498816;-58.2380264;218
240;Ida;-34.7503999;-58.2374950;219
240;Ida;-34.7510649;-58.2364650;220
240;Ida;-34.7514529;-58.2355900;221
240;Ida;-34.7517945;-58.2349097;222
240;Ida;-34.7524519;-58.2334960;223
240;Ida;-34.7527550;-58.2327820;224
240;Ida;-34.7532226;-58.2318198;225
240;Ida;-34.7537779;-58.2306682;226
240;Ida;-34.7539620;-58.2302630;227
240;Ida;-34.7544919;-58.2313209;228
240;Ida;-34.7558714;-58.2303017;229
240;Ida;-34.7572377;-58.2292771;230
240;Ida;-34.7580795;-58.2286334;231
240;Ida;-34.7583043;-58.2284349;232
240;Ida;-34.7585775;-58.2282471;233
240;Ida;-34.7597322;-58.2273674;234
240;Ida;-34.7610455;-58.2263535;235
240;Ida;-34.7623500;-58.2253074;236
240;Ida;-34.7636633;-58.2243257;237
240;Ida;-34.7648928;-58.2233762;238
240;Ida;-34.7664043;-58.2222014;239
240;Ida;-34.7673738;-58.2214933;240
240;Ida;-34.7679246;-58.2210320;241
240;Ida;-34.7671358;-58.2195138;242
240;Ida;-34.7662325;-58.2178133;243
240;Ida;-34.7654710;-58.2162726;244
240;Ida;-34.7646176;-58.2146630;245
240;Ida;-34.7640180;-58.2135320;246
240;Ida;-34.7631561;-58.2119288;247
240;Ida;-34.7629080;-58.2114669;248
240;Ida;-34.7635134;-58.2102441;249
240;Ida;-34.7637955;-58.2096862;250
240;Ida;-34.7641789;-58.2094502;251
240;Ida;-34.7646592;-58.2084363;252
240;Ida;-34.7651087;-58.2074439;253
240;Ida;-34.7649148;-58.2071220;254
240;Ida;-34.7656948;-58.2054322;255
240;Ida;-34.7664969;-58.2038283;256
240;Ida;-34.7673650;-58.2020527;257
240;Ida;-34.7681229;-58.2004755;258
240;Ida;-34.7688104;-58.1990647;259
240;Ida;-34.7695463;-58.2003897;260
240;Ida;-34.7700046;-58.2012319;261
240;Ida;-34.7711238;-58.2003629;262
240;Ida;-34.7719346;-58.2019722;263
240;Ida;-34.7726793;-58.2034260;264
240;Ida;-34.7735342;-58.2050836;265
240;Ida;-34.7748649;-58.2039946;266
240;Ida;-34.7759973;-58.2031524;267
240;Ida;-34.7768433;-58.2025194;268
240;Ida;-34.7774338;-58.2007545;269
240;Ida;-34.7780022;-58.1990593;270
240;Ida;-34.7768301;-58.1984531;271
240;Ida;-34.7759665;-58.1980508;272
240;Ida;-34.7756096;-58.1978255;273
240;Ida;-34.7749134;-58.1964737;274
240;Ida;-34.7742921;-58.1953310;275
240;Ida;-34.7734240;-58.1960231;276
240;Ida;-34.7726221;-58.1966882;277
240;Ida;-34.7717540;-58.1973642;278
240;Ida;-34.7701412;-58.1985872;279
240;Ida;-34.7693833;-58.1971120;280
240;Ida;-34.7686033;-58.1956422;281
240;Ida;-34.7694670;-58.1944942;282
240;Vuelta;-34.7694934;-58.1944674;0
240;Vuelta;-34.7685989;-58.1956315;1
240;Vuelta;-34.7695595;-58.1974178;2
240;Vuelta;-34.7701280;-58.1985765;3
240;Vuelta;-34.7713574;-58.1976163;4
240;Vuelta;-34.7726221;-58.1966775;5
240;Vuelta;-34.7743317;-58.1953042;6
240;Vuelta;-34.7745036;-58.1953310;7
240;Vuelta;-34.7755038;-58.1958675;8
240;Vuelta;-34.7754421;-58.1960552;9
240;Vuelta;-34.7748958;-58.1964361;10
240;Vuelta;-34.7755655;-58.1977772;11
240;Vuelta;-34.7748958;-58.1987643;12
240;Vuelta;-34.7740630;-58.1994348;13
240;Vuelta;-34.7732037;-58.2000732;14
240;Vuelta;-34.7723665;-58.2006847;15
240;Vuelta;-34.7716350;-58.2013016;16
240;Vuelta;-34.7705069;-58.2021600;17
240;Vuelta;-34.7693921;-58.2030290;18
240;Vuelta;-34.7686870;-58.2016611;19
240;Vuelta;-34.7680701;-58.2005721;20
240;Vuelta;-34.7674002;-58.2019561;21
240;Vuelta;-34.7672857;-58.2021868;22
240;Vuelta;-34.7665019;-58.2037362;23
240;Vuelta;-34.7656992;-58.2054054;24
240;Vuelta;-34.7648840;-58.2071220;25
240;Vuelta;-34.7651175;-58.2074654;26
240;Vuelta;-34.7644962;-58.2087314;27
240;Vuelta;-34.7640995;-58.2095468;28
240;Vuelta;-34.7637690;-58.2096916;29
240;Vuelta;-34.7630066;-58.2112419;30
240;Vuelta;-34.7622927;-58.2128137;31
240;Vuelta;-34.7621781;-58.2131195;32
240;Vuelta;-34.7622266;-58.2132107;33
240;Vuelta;-34.7633548;-58.2123041;34
240;Vuelta;-34.7641907;-58.2138921;35
240;Vuelta;-34.7650602;-58.2154959;36
240;Vuelta;-34.7658931;-58.2171374;37
240;Vuelta;-34.7665674;-58.2184463;38
240;Vuelta;-34.7673430;-58.2199484;39
240;Vuelta;-34.7660650;-58.2209354;40
240;Vuelta;-34.7646812;-58.2219976;41
240;Vuelta;-34.7633415;-58.2230436;42
240;Vuelta;-34.7621737;-58.2238537;43
240;Vuelta;-34.7605475;-58.2251679;44
240;Vuelta;-34.7593972;-58.2260370;45
240;Vuelta;-34.7583924;-58.2268363;46
240;Vuelta;-34.7576211;-58.2273888;47
240;Vuelta;-34.7567485;-58.2280915;48
240;Vuelta;-34.7558318;-58.2288104;49
240;Vuelta;-34.7552764;-58.2291805;50
240;Vuelta;-34.7546242;-58.2296204;51
240;Vuelta;-34.7540115;-58.2300710;52
240;Vuelta;-34.7538837;-58.2303231;53
240;Vuelta;-34.7531961;-58.2317340;54
240;Vuelta;-34.7528083;-58.2325547;55
240;Vuelta;-34.7521824;-58.2339924;56
240;Vuelta;-34.7516403;-58.2351350;57
240;Vuelta;-34.7510012;-58.2365298;58
240;Vuelta;-34.7503444;-58.2375383;59
240;Vuelta;-34.7496084;-58.2382571;60
240;Vuelta;-34.7483797;-58.2394560;61
240;Vuelta;-34.7476100;-58.2401770;62
240;Vuelta;-34.7463710;-58.2413582;63
240;Vuelta;-34.7461929;-58.2415280;64
240;Vuelta;-34.7449622;-58.2427217;65
240;Vuelta;-34.7447549;-58.2429229;66
240;Vuelta;-34.7436446;-58.2439917;67
240;Vuelta;-34.7432038;-58.2443940;68
240;Vuelta;-34.7428952;-58.2446783;69
240;Vuelta;-34.7417359;-58.2456386;70
240;Vuelta;-34.7410791;-58.2461965;71
240;Vuelta;-34.7404200;-58.2467419;72
240;Vuelta;-34.7402547;-58.2468563;73
240;Vuelta;-34.7390249;-58.2479184;74
240;Vuelta;-34.7377553;-58.2490181;75
240;Vuelta;-34.7371425;-58.2495599;76
240;Vuelta;-34.7363220;-58.2502399;77
240;Vuelta;-34.7369879;-58.2517849;78
240;Vuelta;-34.7375525;-58.2529824;79
240;Vuelta;-34.7379580;-58.2540017;80
240;Vuelta;-34.7367105;-58.2550585;81
240;Vuelta;-34.7353483;-58.2561314;82
240;Vuelta;-34.7342065;-58.2570701;83
240;Vuelta;-34.7328266;-58.2581806;84
240;Vuelta;-34.7313762;-58.2593393;85
240;Vuelta;-34.7301462;-58.2602995;86
240;Vuelta;-34.7291983;-58.2610398;87
240;Vuelta;-34.7284444;-58.2615602;88
240;Vuelta;-34.7276773;-58.2622361;89
240;Vuelta;-34.7268881;-58.2627779;90
240;Vuelta;-34.7261474;-58.2633948;91
240;Vuelta;-34.7248864;-58.2644087;92
240;Vuelta;-34.7234579;-58.2654279;93
240;Vuelta;-34.7224746;-58.2661521;94
240;Vuelta;-34.7217100;-58.2666979;95
240;Vuelta;-34.7204024;-58.2677637;96
240;Vuelta;-34.7190950;-58.2688295;97
240;Vuelta;-34.7177876;-58.2698952;98
240;Vuelta;-34.7165309;-58.2709264;99
240;Vuelta;-34.7151596;-58.2720851;100
240;Vuelta;-34.7138985;-58.2731419;101
240;Vuelta;-34.7133076;-58.2736408;102
240;Vuelta;-34.7123374;-58.2743650;103
240;Vuelta;-34.7120861;-58.2748693;104
240;Vuelta;-34.7117377;-58.2756096;105
240;Vuelta;-34.7109175;-58.2773691;106
240;Vuelta;-34.7102649;-58.2787853;107
240;Vuelta;-34.7096255;-58.2805126;108
240;Vuelta;-34.7090654;-58.2819771;109
240;Vuelta;-34.7087082;-58.2828730;110
240;Vuelta;-34.7081570;-58.2841658;111
240;Vuelta;-34.7077160;-58.2852011;112
240;Vuelta;-34.7069839;-58.2869124;113
240;Vuelta;-34.7061637;-58.2885861;114
240;Vuelta;-34.7054360;-58.2901418;115
240;Vuelta;-34.7049201;-58.2912361;116
240;Vuelta;-34.7043115;-58.2932424;117
240;Vuelta;-34.7039587;-58.2945084;118
240;Vuelta;-34.7037161;-58.2955545;119
240;Vuelta;-34.7034209;-58.2966227;120
240;Vuelta;-34.7030630;-58.2979199;121
240;Vuelta;-34.7029330;-58.2982200;122
240;Vuelta;-34.7024195;-58.2997763;123
240;Vuelta;-34.7018819;-58.3013649;124
240;Vuelta;-34.7012067;-58.3031666;125
240;Vuelta;-34.7006069;-58.3047813;126
240;Vuelta;-34.6999983;-58.3065730;127
240;Vuelta;-34.6990897;-58.3083218;128
240;Vuelta;-34.6983001;-58.3098873;129
240;Vuelta;-34.6980629;-58.3104519;130
240;Vuelta;-34.6975125;-58.3122452;131
240;Vuelta;-34.6969619;-58.3140385;132
240;Vuelta;-34.6963900;-58.3159020;133
240;Vuelta;-34.6961620;-58.3165729;134
240;Vuelta;-34.6960289;-58.3170068;135
240;Vuelta;-34.6955371;-58.3186918;136
240;Vuelta;-34.6949625;-58.3204739;137
240;Vuelta;-34.6947895;-58.3209174;138
240;Vuelta;-34.6946572;-58.3213788;139
240;Vuelta;-34.6947450;-58.3235627;140
240;Vuelta;-34.6948382;-58.3254736;141
240;Vuelta;-34.6949313;-58.3273844;142
240;Vuelta;-34.6949949;-58.3286900;143
240;Vuelta;-34.6940044;-58.3301603;144
240;Vuelta;-34.6929679;-58.3316355;145
240;Vuelta;-34.6919417;-58.3330698;146
240;Vuelta;-34.6909240;-58.3345299;147
240;Vuelta;-34.6899062;-58.3359899;148
240;Vuelta;-34.6896100;-58.3364150;149
240;Vuelta;-34.6890158;-58.3371502;150
240;Vuelta;-34.6879219;-58.3384215;151
240;Vuelta;-34.6871412;-58.3393067;152
240;Vuelta;-34.6861311;-58.3404332;153
240;Vuelta;-34.6847813;-58.3416187;154
240;Vuelta;-34.6840358;-58.3423268;155
240;Vuelta;-34.6829570;-58.3432379;156
240;Vuelta;-34.6824874;-58.3436572;157
240;Vuelta;-34.6822228;-58.3439254;158
240;Vuelta;-34.6817331;-58.3442902;159
240;Vuelta;-34.6805685;-58.3450359;160
240;Vuelta;-34.6793377;-58.3458566;161
240;Vuelta;-34.6788304;-58.3463019;162
240;Vuelta;-34.6780893;-58.3469510;163
240;Vuelta;-34.6768144;-58.3480024;164
240;Vuelta;-34.6757159;-58.3488821;165
240;Vuelta;-34.6748997;-58.3495795;166
240;Vuelta;-34.6738233;-58.3505558;167
240;Vuelta;-34.6725724;-58.3517348;168
240;Vuelta;-34.6713130;-58.3529216;169
240;Vuelta;-34.6701350;-58.3539837;170
240;Vuelta;-34.6690320;-58.3549493;171
240;Vuelta;-34.6677427;-58.3560669;172
240;Vuelta;-34.6673800;-58.3563920;173
240;Vuelta;-34.6665304;-58.3570468;174
240;Vuelta;-34.6660053;-58.3580982;175
240;Vuelta;-34.6653170;-58.3594447;176
240;Vuelta;-34.6645405;-58.3610111;177
240;Vuelta;-34.6638654;-58.3623790;178
240;Vuelta;-34.6633360;-58.3635056;179
240;Vuelta;-34.6628374;-58.3644336;180
240;Vuelta;-34.6620873;-58.3654314;181
240;Vuelta;-34.6609665;-58.3669495;182
240;Vuelta;-34.6599428;-58.3682692;183
240;Vuelta;-34.6594266;-58.3689719;184
240;Vuelta;-34.6586250;-58.3701030;185
240;Vuelta;-34.6584750;-58.3702100;186
240;Vuelta;-34.6583449;-58.3702320;187
240;Vuelta;-34.6579169;-58.3701670;188
240;Vuelta;-34.6575520;-58.3701670;189
240;Vuelta;-34.6571649;-58.3702529;190
240;Vuelta;-34.6558350;-58.3710049;191
240;Vuelta;-34.6543123;-58.3714887;192
240;Vuelta;-34.6527895;-58.3719724;193
240;Vuelta;-34.6525299;-58.3720550;194
240;Vuelta;-34.6509787;-58.3723788;195
240;Vuelta;-34.6500630;-58.3725700;196
240;Vuelta;-34.6495994;-58.3729469;197
240;Vuelta;-34.6493770;-58.3732570;198
240;Vuelta;-34.6483470;-58.3738370;199
240;Vuelta;-34.6469030;-58.3743309;200
240;Vuelta;-34.6452657;-58.3748888;201
240;Vuelta;-34.6439594;-58.3752697;202
240;Vuelta;-34.6431100;-58.3754250;203
240;Vuelta;-34.6415427;-58.3755998;204
240;Vuelta;-34.6399754;-58.3757747;205
240;Vuelta;-34.6394753;-58.3758544;206
240;Vuelta;-34.6379526;-58.3762890;207
240;Vuelta;-34.6363549;-58.3767342;208
240;Vuelta;-34.6348807;-58.3770829;209
240;Vuelta;-34.6333500;-58.3774379;210
240;Vuelta;-34.6318587;-58.3780492;211
240;Vuelta;-34.6309249;-58.3784319;212
240;Vuelta;-34.6305130;-58.3784070;213
240;Vuelta;-34.6300770;-58.3778420;214
240;Vuelta;-34.6297959;-58.3774530;215
240;Vuelta;-34.6296502;-58.3773350;216
240;Vuelta;-34.6295130;-58.3773679;217
240;Vuelta;-34.6292662;-58.3774799;218
240;Vuelta;-34.6279728;-58.3782470;219
240;Vuelta;-34.6269885;-58.3786600;220
240;Vuelta;-34.6264030;-58.3789250;221
240;Vuelta;-34.6262027;-58.3791375;222
240;Vuelta;-34.6261719;-58.3793620;223
240;Vuelta;-34.6266456;-58.3811857;224
240;Vuelta;-34.6269070;-58.3821920;225
240;Vuelta;-34.6269300;-58.3823849;226
240;Vuelta;-34.6269500;-58.3828469;227
240;Vuelta;-34.6253761;-58.3828675;228
240;Vuelta;-34.6239161;-58.3829462;229
240;Vuelta;-34.6223004;-58.3829623;230
240;Vuelta;-34.6206273;-58.3829623;231
240;Vuelta;-34.6192456;-58.3829784;232
240;Vuelta;-34.6184907;-58.3829891;233
240;Vuelta;-34.6173870;-58.3830374;234
240;Vuelta;-34.6165670;-58.3830630;235
240;Vuelta;-34.6149932;-58.3830785;236
240;Vuelta;-34.6143569;-58.3830850;237
240;Vuelta;-34.6144865;-58.3849793;238
240;Vuelta;-34.6146542;-58.3874845;239
240;Vuelta;-34.6146800;-58.3889429;240
240;Vuelta;-34.6148088;-58.3904027;241
240;Vuelta;-34.6149743;-58.3927508;242
240;Vuelta;-34.6151215;-58.3946547;243
240;Vuelta;-34.6152686;-58.3965587;244
240;Vuelta;-34.6153959;-58.3978217;245
240;Vuelta;-34.6148441;-58.3978861;246
240;Vuelta;-34.6152326;-58.3996832;247
240;Vuelta;-34.6154950;-58.4012600;248
240;Vuelta;-34.6154519;-58.4028700;249
240;Vuelta;-34.6158512;-58.4047197;250
240;Vuelta;-34.6162505;-58.4065695;251
240;Vuelta;-34.6163320;-58.4069470;252
240;Vuelta;-34.6164819;-58.4082119;253
240;Vuelta;-34.6150650;-58.4083830;254
240;Vuelta;-34.6139500;-58.4086199;255
240;Vuelta;-34.6125970;-58.4087049;256
240;Vuelta;-34.6124900;-58.4069470;257
240;Vuelta;-34.6113563;-58.4073704;258
240;Vuelta;-34.6101907;-58.4076225;259
240;Vuelta;-34.6102481;-58.4086364;260
240;Vuelta;-34.6095196;-58.4086847;261
241;Ida;-34.6099545;-58.4087250;0
241;Ida;-34.6093585;-58.4087867;1
241;Ida;-34.6092614;-58.4086874;2
241;Ida;-34.6092062;-58.4084406;3
241;Ida;-34.6090251;-58.4063941;4
241;Ida;-34.6088220;-58.4060454;5
241;Ida;-34.6087017;-58.4041389;6
241;Ida;-34.6085813;-58.4022323;7
241;Ida;-34.6084610;-58.4003258;8
241;Ida;-34.6083406;-58.3984192;9
241;Ida;-34.6082203;-58.3965127;10
241;Ida;-34.6080999;-58.3946061;11
241;Ida;-34.6079796;-58.3926996;12
241;Ida;-34.6078592;-58.3907930;13
241;Ida;-34.6077389;-58.3888865;14
241;Ida;-34.6076185;-58.3869799;15
241;Ida;-34.6074981;-58.3850734;16
241;Ida;-34.6073778;-58.3831668;17
241;Ida;-34.6073165;-58.3821952;18
241;Ida;-34.6072900;-58.3813691;19
241;Ida;-34.6074136;-58.3812779;20
241;Ida;-34.6084159;-58.3812779;21
241;Ida;-34.6099881;-58.3811916;22
241;Ida;-34.6108574;-58.3811438;23
241;Ida;-34.6122437;-58.3810151;24
241;Ida;-34.6128000;-58.3810526;25
241;Ida;-34.6143724;-58.3809713;26
241;Ida;-34.6159448;-58.3808901;27
241;Ida;-34.6174709;-58.3808112;28
241;Ida;-34.6190445;-58.3807795;29
241;Ida;-34.6206181;-58.3807477;30
241;Ida;-34.6209276;-58.3807415;31
241;Ida;-34.6223755;-58.3809507;32
241;Ida;-34.6235763;-58.3813262;33
241;Ida;-34.6241369;-58.3814228;34
241;Ida;-34.6244503;-58.3814067;35
241;Ida;-34.6246004;-58.3815247;36
241;Ida;-34.6246313;-58.3822435;37
241;Ida;-34.6248145;-58.3823562;38
241;Ida;-34.6263873;-58.3822894;39
241;Ida;-34.6269620;-58.3822650;40
241;Ida;-34.6272622;-58.3822221;41
241;Ida;-34.6274741;-58.3821040;42
241;Ida;-34.6276242;-58.3817983;43
241;Ida;-34.6275933;-58.3811867;44
241;Ida;-34.6276109;-58.3797652;45
241;Ida;-34.6277169;-58.3795613;46
241;Ida;-34.6279309;-58.3795023;47
241;Ida;-34.6294980;-58.3789524;48
241;Ida;-34.6300541;-58.3787513;49
241;Ida;-34.6302307;-58.3786628;50
241;Ida;-34.6303057;-58.3785528;51
241;Ida;-34.6303278;-58.3782551;52
241;Ida;-34.6302528;-58.3780673;53
241;Ida;-34.6300828;-58.3778474;54
241;Ida;-34.6297959;-58.3774129;55
241;Ida;-34.6297981;-58.3772439;56
241;Ida;-34.6299570;-58.3771393;57
241;Ida;-34.6308773;-58.3767074;58
241;Ida;-34.6323848;-58.3761578;59
241;Ida;-34.6338922;-58.3756082;60
241;Ida;-34.6343643;-58.3754361;61
241;Ida;-34.6359207;-58.3751517;62
241;Ida;-34.6374770;-58.3748674;63
241;Ida;-34.6390333;-58.3745830;64
241;Ida;-34.6398550;-58.3744329;65
241;Ida;-34.6407068;-58.3742720;66
241;Ida;-34.6422629;-58.3739862;67
241;Ida;-34.6438191;-58.3737004;68
241;Ida;-34.6453752;-58.3734147;69
241;Ida;-34.6469314;-58.3731289;70
241;Ida;-34.6484875;-58.3728431;71
241;Ida;-34.6486815;-58.3728075;72
241;Ida;-34.6489904;-58.3727217;73
241;Ida;-34.6492023;-58.3728182;74
241;Ida;-34.6495641;-58.3739662;75
241;Ida;-34.6497318;-58.3741593;76
241;Ida;-34.6499790;-58.3741164;77
241;Ida;-34.6503144;-58.3736658;78
241;Ida;-34.6506541;-58.3732742;79
241;Ida;-34.6510734;-58.3729899;80
241;Ida;-34.6516073;-58.3727109;81
241;Ida;-34.6523664;-58.3723515;82
241;Ida;-34.6538878;-58.3718619;83
241;Ida;-34.6549831;-58.3715093;84
241;Ida;-34.6560863;-58.3711016;85
241;Ida;-34.6566158;-58.3708012;86
241;Ida;-34.6569247;-58.3705330;87
241;Ida;-34.6572579;-58.3703828;88
241;Ida;-34.6576043;-58.3703157;89
241;Ida;-34.6579837;-58.3703452;90
241;Ida;-34.6582397;-58.3703882;91
241;Ida;-34.6585088;-58.3703667;92
241;Ida;-34.6587074;-58.3701789;93
241;Ida;-34.6588839;-58.3700341;94
241;Ida;-34.6590472;-58.3700341;95
241;Ida;-34.6591398;-58.3700931;96
241;Ida;-34.6594619;-58.3702701;97
241;Ida;-34.6595767;-58.3702916;98
241;Ida;-34.6596605;-58.3701789;99
241;Ida;-34.6601415;-58.3694816;100
241;Ida;-34.6608827;-58.3688378;101
241;Ida;-34.6622444;-58.3678783;102
241;Ida;-34.6633492;-58.3670998;103
241;Ida;-34.6647367;-58.3661967;104
241;Ida;-34.6661242;-58.3652935;105
241;Ida;-34.6672805;-58.3645409;106
241;Ida;-34.6674437;-58.3643854;107
241;Ida;-34.6674481;-58.3642137;108
241;Ida;-34.6664263;-58.3627584;109
241;Ida;-34.6654044;-58.3613032;110
241;Ida;-34.6648979;-58.3605820;111
241;Ida;-34.6648803;-58.3604318;112
241;Ida;-34.6653171;-58.3596271;113
241;Ida;-34.6661409;-58.3579968;114
241;Ida;-34.6665613;-58.3571649;115
241;Ida;-34.6667202;-58.3569449;116
241;Ida;-34.6677173;-58.3562100;117
241;Ida;-34.6690075;-58.3551142;118
241;Ida;-34.6702977;-58.3540184;119
241;Ida;-34.6712292;-58.3532274;120
241;Ida;-34.6719880;-58.3524871;121
241;Ida;-34.6732434;-58.3513329;122
241;Ida;-34.6744988;-58.3501788;123
241;Ida;-34.6757541;-58.3490246;124
241;Ida;-34.6759674;-58.3488286;125
241;Ida;-34.6770879;-58.3479541;126
241;Ida;-34.6793554;-58.3460766;127
241;Ida;-34.6815434;-58.3448374;128
241;Ida;-34.6823507;-58.3442097;129
241;Ida;-34.6826021;-58.3438932;130
241;Ida;-34.6833873;-58.3432710;131
241;Ida;-34.6825316;-58.3419835;132
241;Ida;-34.6816096;-58.3409160;133
241;Ida;-34.6825713;-58.3398646;134
241;Ida;-34.6818478;-58.3390009;135
241;Ida;-34.6809258;-58.3379495;136
241;Ida;-34.6820507;-58.3365011;137
241;Ida;-34.6814023;-58.3357930;138
241;Ida;-34.6820463;-58.3349776;139
241;Ida;-34.6830344;-58.3337330;140
241;Ida;-34.6838461;-58.3326816;141
241;Ida;-34.6848871;-58.3313298;142
241;Ida;-34.6856988;-58.3302891;143
241;Ida;-34.6865148;-58.3293020;144
241;Ida;-34.6876132;-58.3278107;145
241;Ida;-34.6886100;-58.3290016;146
241;Ida;-34.6893202;-58.3280467;147
241;Ida;-34.6901053;-58.3269309;148
241;Ida;-34.6907008;-58.3261317;149
241;Ida;-34.6912389;-58.3253377;150
241;Ida;-34.6903171;-58.3242058;151
241;Ida;-34.6893819;-58.3232027;152
241;Ida;-34.6884777;-58.3221566;153
241;Ida;-34.6875911;-58.3211427;154
241;Ida;-34.6883994;-58.3200998;155
241;Ida;-34.6894687;-58.3186954;156
241;Ida;-34.6905380;-58.3172909;157
241;Ida;-34.6916073;-58.3158865;158
241;Ida;-34.6926766;-58.3144820;159
241;Ida;-34.6937459;-58.3130775;160
241;Ida;-34.6947609;-58.3117443;161
241;Ida;-34.6958726;-58.3103894;162
241;Ida;-34.6968449;-58.3092043;163
241;Ida;-34.6968713;-58.3090889;164
241;Ida;-34.6957412;-58.3077568;165
241;Ida;-34.6946110;-58.3064247;166
241;Ida;-34.6938722;-58.3055538;167
241;Ida;-34.6938964;-58.3054948;168
241;Ida;-34.6949767;-58.3041028;169
241;Ida;-34.6954909;-58.3034402;170
241;Ida;-34.6954798;-58.3033463;171
241;Ida;-34.6948601;-58.3026141;172
241;Ida;-34.6942118;-58.3019114;173
241;Ida;-34.6936252;-58.3012033;174
241;Ida;-34.6935370;-58.3011657;175
241;Ida;-34.6924522;-58.3025525;176
241;Ida;-34.6918984;-58.3032605;177
241;Ida;-34.6918212;-58.3032605;178
241;Ida;-34.6906766;-58.3019467;179
241;Ida;-34.6899775;-58.3011442;180
241;Ida;-34.6899069;-58.3011255;181
241;Ida;-34.6896753;-58.3013374;182
241;Vuelta;-34.6895408;-58.3013535;0
241;Vuelta;-34.6897305;-58.3013749;1
241;Vuelta;-34.6908779;-58.3026850;2
241;Vuelta;-34.6920253;-58.3039950;3
241;Vuelta;-34.6923240;-58.3043361;4
241;Vuelta;-34.6934140;-58.3029553;5
241;Vuelta;-34.6945039;-58.3015745;6
241;Vuelta;-34.6950807;-58.3008438;7
241;Vuelta;-34.6957202;-58.3015949;8
241;Vuelta;-34.6946307;-58.3029762;9
241;Vuelta;-34.6935412;-58.3043575;10
241;Vuelta;-34.6929636;-58.3050898;11
241;Vuelta;-34.6941202;-58.3063878;12
241;Vuelta;-34.6942471;-58.3065301;13
241;Vuelta;-34.6944125;-58.3065838;14
241;Vuelta;-34.6947433;-58.3065730;15
241;Vuelta;-34.6958639;-58.3079170;16
241;Vuelta;-34.6960025;-58.3080831;17
241;Vuelta;-34.6948809;-58.3094259;18
241;Vuelta;-34.6937593;-58.3107687;19
241;Vuelta;-34.6933208;-58.3112937;20
241;Vuelta;-34.6928357;-58.3119482;21
241;Vuelta;-34.6923505;-58.3126616;22
241;Vuelta;-34.6918829;-58.3132893;23
241;Vuelta;-34.6928136;-58.3143568;24
241;Vuelta;-34.6917421;-58.3157588;25
241;Vuelta;-34.6906707;-58.3171607;26
241;Vuelta;-34.6895143;-58.3186590;27
241;Vuelta;-34.6904317;-58.3196192;28
241;Vuelta;-34.6913624;-58.3206975;29
241;Vuelta;-34.6908463;-58.3213680;30
241;Vuelta;-34.6901009;-58.3222317;31
241;Vuelta;-34.6910404;-58.3232939;32
241;Vuelta;-34.6919579;-58.3244097;33
241;Vuelta;-34.6912389;-58.3253431;34
241;Vuelta;-34.6904803;-58.3264374;35
241;Vuelta;-34.6893246;-58.3280307;36
241;Vuelta;-34.6883145;-58.3268880;37
241;Vuelta;-34.6872559;-58.3282560;38
241;Vuelta;-34.6864972;-58.3293128;39
241;Vuelta;-34.6856723;-58.3303266;40
241;Vuelta;-34.6849004;-58.3313030;41
241;Vuelta;-34.6841196;-58.3323276;42
241;Vuelta;-34.6826065;-58.3342534;43
241;Vuelta;-34.6820110;-58.3349990;44
241;Vuelta;-34.6814243;-58.3358037;45
241;Vuelta;-34.6808641;-58.3365011;46
241;Vuelta;-34.6802950;-58.3371824;47
241;Vuelta;-34.6809523;-58.3379817;48
241;Vuelta;-34.6814420;-58.3385664;49
241;Vuelta;-34.6818963;-58.3390760;50
241;Vuelta;-34.6825492;-58.3398646;51
241;Vuelta;-34.6832815;-58.3407711;52
241;Vuelta;-34.6842519;-58.3419942;53
241;Vuelta;-34.6842475;-58.3421766;54
241;Vuelta;-34.6832065;-58.3430081;55
241;Vuelta;-34.6824389;-58.3436840;56
241;Vuelta;-34.6816581;-58.3443546;57
241;Vuelta;-34.6808464;-58.3448910;58
241;Vuelta;-34.6796289;-58.3456420;59
241;Vuelta;-34.6788701;-58.3462858;60
241;Vuelta;-34.6782349;-58.3468437;61
241;Vuelta;-34.6774143;-58.3474767;62
241;Vuelta;-34.6767438;-58.3480346;63
241;Vuelta;-34.6758173;-58.3487534;64
241;Vuelta;-34.6750674;-58.3493542;65
241;Vuelta;-34.6742644;-58.3500838;66
241;Vuelta;-34.6730027;-58.3512961;67
241;Vuelta;-34.6717850;-58.3524656;68
241;Vuelta;-34.6709027;-58.3532595;69
241;Vuelta;-34.6696673;-58.3543968;70
241;Vuelta;-34.6684320;-58.3555018;71
241;Vuelta;-34.6673687;-58.3563763;72
241;Vuelta;-34.6667113;-58.3568215;73
241;Vuelta;-34.6664643;-58.3570415;74
241;Vuelta;-34.6661333;-58.3577710;75
241;Vuelta;-34.6652509;-58.3595306;76
241;Vuelta;-34.6647523;-58.3604586;77
241;Vuelta;-34.6639500;-58.3621047;78
241;Vuelta;-34.6631477;-58.3637508;79
241;Vuelta;-34.6628462;-58.3643693;80
241;Vuelta;-34.6617930;-58.3657911;81
241;Vuelta;-34.6607398;-58.3672128;82
241;Vuelta;-34.6596866;-58.3686346;83
241;Vuelta;-34.6587692;-58.3698732;84
241;Vuelta;-34.6585530;-58.3701146;85
241;Vuelta;-34.6582750;-58.3702111;86
241;Vuelta;-34.6579176;-58.3701682;87
241;Vuelta;-34.6575381;-58.3701521;88
241;Vuelta;-34.6572115;-58.3702219;89
241;Vuelta;-34.6568276;-58.3704150;90
241;Vuelta;-34.6564040;-58.3706886;91
241;Vuelta;-34.6560157;-58.3709031;92
241;Vuelta;-34.6549787;-58.3712572;93
241;Vuelta;-34.6534465;-58.3716941;94
241;Vuelta;-34.6519143;-58.3721309;95
241;Vuelta;-34.6503820;-58.3725678;96
241;Vuelta;-34.6497671;-58.3727431;97
241;Vuelta;-34.6494671;-58.3730328;98
241;Vuelta;-34.6491846;-58.3733869;99
241;Vuelta;-34.6478607;-58.3739769;100
241;Vuelta;-34.6463470;-58.3745004;101
241;Vuelta;-34.6447273;-58.3750606;102
241;Vuelta;-34.6436505;-58.3753288;103
241;Vuelta;-34.6429399;-58.3754683;104
241;Vuelta;-34.6413723;-58.3756374;105
241;Vuelta;-34.6398047;-58.3758066;106
241;Vuelta;-34.6393606;-58.3758545;107
241;Vuelta;-34.6378331;-58.3763149;108
241;Vuelta;-34.6366021;-58.3766860;109
241;Vuelta;-34.6350552;-58.3770380;110
241;Vuelta;-34.6335083;-58.3773901;111
241;Vuelta;-34.6332785;-58.3774424;112
241;Vuelta;-34.6317828;-58.3780374;113
241;Vuelta;-34.6308244;-58.3784187;114
241;Vuelta;-34.6303653;-58.3784401;115
241;Vuelta;-34.6301005;-58.3778930;116
241;Vuelta;-34.6296061;-58.3773136;117
241;Vuelta;-34.6281660;-58.3780850;118
241;Vuelta;-34.6273328;-58.3785313;119
241;Vuelta;-34.6261984;-58.3790195;120
241;Vuelta;-34.6260880;-58.3792502;121
241;Vuelta;-34.6261101;-58.3796203;122
241;Vuelta;-34.6266112;-58.3814334;123
241;Vuelta;-34.6268826;-58.3824152;124
241;Vuelta;-34.6268958;-58.3828068;125
241;Vuelta;-34.6267457;-58.3828980;126
241;Vuelta;-34.6251610;-58.3828872;127
241;Vuelta;-34.6235878;-58.3829411;128
241;Vuelta;-34.6221813;-58.3829892;129
241;Vuelta;-34.6206076;-58.3829690;130
241;Vuelta;-34.6196650;-58.3829570;131
241;Vuelta;-34.6180914;-58.3829891;132
241;Vuelta;-34.6165178;-58.3830211;133
241;Vuelta;-34.6149442;-58.3830532;134
241;Vuelta;-34.6144026;-58.3830643;135
241;Vuelta;-34.6128313;-58.3831714;136
241;Vuelta;-34.6112600;-58.3832786;137
241;Vuelta;-34.6096886;-58.3833857;138
241;Vuelta;-34.6092106;-58.3834183;139
241;Vuelta;-34.6091223;-58.3835363;140
241;Vuelta;-34.6092652;-58.3854406;141
241;Vuelta;-34.6094093;-58.3873612;142
241;Vuelta;-34.6093386;-58.3878279;143
241;Vuelta;-34.6089987;-58.3884126;144
241;Vuelta;-34.6090384;-58.3892012;145
241;Vuelta;-34.6091640;-58.3911072;146
241;Vuelta;-34.6092106;-58.3918136;147
241;Vuelta;-34.6091223;-58.3920497;148
241;Vuelta;-34.6092480;-58.3939557;149
241;Vuelta;-34.6093738;-58.3958618;150
241;Vuelta;-34.6094995;-58.3977679;151
241;Vuelta;-34.6096253;-58.3996740;152
241;Vuelta;-34.6097510;-58.4015801;153
241;Vuelta;-34.6098767;-58.4034862;154
241;Vuelta;-34.6100025;-58.4053922;155
241;Vuelta;-34.6100406;-58.4059703;156
241;Vuelta;-34.6101916;-58.4078737;157
241;Vuelta;-34.6102526;-58.4086418;158
241;Vuelta;-34.6100495;-58.4087437;159
241;Vuelta;-34.6097183;-58.4087706;160
241;Vuelta;-34.6094181;-58.4087813;161
241;Vuelta;-34.6092856;-58.4086365;162
241;Vuelta;-34.6092018;-58.4082019;163
286;Ida;-34.7178758;-58.2121324;0
286;Ida;-34.7180213;-58.2117730;1
286;Ida;-34.7178758;-58.2116657;2
286;Ida;-34.7177656;-58.2117944;3
286;Ida;-34.7176818;-58.2122075;4
286;Ida;-34.7173908;-58.2127600;5
286;Ida;-34.7168484;-58.2136076;6
286;Ida;-34.7162311;-58.2145947;7
286;Ida;-34.7156534;-58.2154583;8
286;Ida;-34.7150361;-58.2164293;9
286;Ida;-34.7145599;-58.2171911;10
286;Ida;-34.7139646;-58.2181406;11
286;Ida;-34.7133384;-58.2190847;12
286;Ida;-34.7127520;-58.2199323;13
286;Ida;-34.7121919;-58.2208389;14
286;Ida;-34.7115569;-58.2217186;15
286;Ida;-34.7108999;-58.2227325;16
286;Ida;-34.7105295;-58.2232528;17
286;Ida;-34.7104457;-58.2232958;18
286;Ida;-34.7102561;-58.2235479;19
286;Ida;-34.7093609;-58.2249212;20
286;Ida;-34.7088493;-58.2256722;21
286;Ida;-34.7083246;-58.2264822;22
286;Ida;-34.7080423;-58.2270401;23
286;Ida;-34.7078571;-58.2275658;24
286;Ida;-34.7075396;-58.2286494;25
286;Ida;-34.7071118;-58.2300603;26
286;Ida;-34.7069795;-58.2307738;27
286;Ida;-34.7071956;-58.2309079;28
286;Ida;-34.7071471;-58.2311654;29
286;Ida;-34.7079922;-58.2326192;30
286;Ida;-34.7089034;-58.2341802;31
286;Ida;-34.7098146;-58.2357412;32
286;Ida;-34.7107940;-58.2373774;33
286;Ida;-34.7117906;-58.2390296;34
286;Ida;-34.7125932;-58.2403922;35
286;Ida;-34.7135280;-58.2419908;36
286;Ida;-34.7144541;-58.2435142;37
286;Ida;-34.7153624;-58.2450914;38
286;Ida;-34.7161297;-58.2464486;39
286;Ida;-34.7169851;-58.2478058;40
286;Ida;-34.7175583;-58.2468831;41
286;Ida;-34.7185504;-58.2484388;42
286;Ida;-34.7194984;-58.2501071;43
286;Ida;-34.7199482;-58.2511585;44
286;Ida;-34.7203935;-58.2521188;45
286;Ida;-34.7211166;-58.2534277;46
286;Ida;-34.7219536;-58.2550450;47
286;Ida;-34.7227789;-58.2566785;48
286;Ida;-34.7235505;-58.2581484;49
286;Ida;-34.7243000;-58.2595700;50
286;Ida;-34.7228450;-58.2606589;51
286;Ida;-34.7215796;-58.2616192;52
286;Ida;-34.7203494;-58.2625579;53
286;Ida;-34.7189517;-58.2635772;54
286;Ida;-34.7181977;-58.2642048;55
286;Ida;-34.7187444;-58.2652831;56
286;Ida;-34.7191986;-58.2661575;57
286;Ida;-34.7205028;-58.2651726;58
286;Ida;-34.7208477;-58.2649076;59
286;Ida;-34.7216549;-58.2665515;60
286;Ida;-34.7224702;-58.2681852;61
286;Ida;-34.7232947;-58.2698482;62
286;Ida;-34.7240399;-58.2713663;63
286;Ida;-34.7247938;-58.2730561;64
286;Ida;-34.7255345;-58.2746064;65
286;Ida;-34.7265221;-58.2764089;66
286;Ida;-34.7273290;-58.2779538;67
286;Ida;-34.7281887;-58.2796597;68
286;Ida;-34.7290396;-58.2812744;69
286;Ida;-34.7298464;-58.2827979;70
286;Ida;-34.7307458;-58.2846969;71
286;Ida;-34.7314776;-58.2863008;72
286;Ida;-34.7322535;-58.2879102;73
286;Ida;-34.7329942;-58.2895034;74
286;Ida;-34.7337921;-58.2911556;75
286;Ida;-34.7346121;-58.2928079;76
286;Ida;-34.7353042;-58.2941651;77
286;Ida;-34.7356569;-58.2948571;78
286;Ida;-34.7342187;-58.2958730;79
286;Ida;-34.7328555;-58.2968299;80
286;Ida;-34.7314732;-58.2978290;81
286;Ida;-34.7301065;-58.2987731;82
286;Ida;-34.7287662;-58.2997226;83
286;Ida;-34.7274083;-58.3006829;84
286;Ida;-34.7262135;-58.3015036;85
286;Ida;-34.7254772;-58.3020776;86
286;Ida;-34.7238436;-58.3025423;87
286;Ida;-34.7223157;-58.3030017;88
286;Ida;-34.7207879;-58.3034610;89
286;Ida;-34.7192736;-58.3039283;90
286;Ida;-34.7176906;-58.3044219;91
286;Ida;-34.7162972;-58.3048295;92
286;Ida;-34.7150626;-58.3061063;93
286;Ida;-34.7138852;-58.3073347;94
286;Ida;-34.7126461;-58.3085578;95
286;Ida;-34.7115790;-58.3096414;96
286;Ida;-34.7112263;-58.3099473;97
286;Ida;-34.7108911;-58.3098989;98
286;Ida;-34.7105031;-58.3094645;99
286;Ida;-34.7101590;-58.3096200;100
286;Ida;-34.7095417;-58.3109933;101
286;Ida;-34.7090830;-58.3120554;102
286;Ida;-34.7078527;-58.3133000;103
286;Ida;-34.7066797;-58.3145016;104
286;Ida;-34.7054581;-58.3157569;105
286;Ida;-34.7048186;-58.3164221;106
286;Ida;-34.7038925;-58.3152848;107
286;Ida;-34.7027783;-58.3166202;108
286;Ida;-34.7019830;-58.3176237;109
286;Ida;-34.7030766;-58.3188199;110
286;Ida;-34.7040777;-58.3175754;111
286;Ida;-34.7052420;-58.3189004;112
286;Ida;-34.7063665;-58.3202147;113
286;Ida;-34.7074999;-58.3215558;114
286;Ida;-34.7086244;-58.3228915;115
286;Ida;-34.7097666;-58.3242166;116
286;Ida;-34.7109175;-58.3255523;117
286;Ida;-34.7114599;-58.3261853;118
286;Ida;-34.7103398;-58.3275908;119
286;Ida;-34.7092330;-58.3289641;120
286;Ida;-34.7081129;-58.3303266;121
286;Ida;-34.7070192;-58.3316677;122
286;Ida;-34.7059432;-58.3329874;123
286;Ida;-34.7047878;-58.3344089;124
286;Ida;-34.7038881;-58.3354872;125
286;Ida;-34.7035353;-58.3359593;126
286;Ida;-34.7045761;-58.3371502;127
286;Ida;-34.7057359;-58.3384913;128
286;Ida;-34.7069222;-58.3398377;129
286;Ida;-34.7086024;-58.3418279;130
286;Ida;-34.7092109;-58.3425414;131
286;Ida;-34.7102825;-58.3437430;132
286;Ida;-34.7114555;-58.3451002;133
286;Ida;-34.7125888;-58.3463877;134
286;Ida;-34.7136162;-58.3476161;135
286;Ida;-34.7141718;-58.3482491;136
286;Ida;-34.7130298;-58.3495849;137
286;Ida;-34.7118215;-58.3509689;138
286;Ida;-34.7106737;-58.3522528;139
286;Ida;-34.7095505;-58.3535653;140
286;Ida;-34.7083887;-58.3548860;141
286;Ida;-34.7072794;-58.3562153;142
286;Ida;-34.7061284;-58.3575618;143
286;Ida;-34.7050435;-58.3588171;144
286;Ida;-34.7043115;-58.3596754;145
286;Ida;-34.7044614;-58.3600294;146
286;Ida;-34.7044746;-58.3601796;147
286;Ida;-34.7037337;-58.3618479;148
286;Ida;-34.7033589;-58.3626151;149
286;Ida;-34.7023754;-58.3638381;150
286;Ida;-34.7012540;-58.3652054;151
286;Ida;-34.6999718;-58.3667081;152
286;Ida;-34.6991912;-58.3677864;153
286;Ida;-34.6987987;-58.3683818;154
286;Ida;-34.6982253;-58.3693045;155
286;Ida;-34.6970110;-58.3707597;156
286;Ida;-34.6958040;-58.3721584;157
286;Ida;-34.6947234;-58.3734512;158
286;Ida;-34.6935590;-58.3747923;159
286;Ida;-34.6924298;-58.3761173;160
286;Ida;-34.6912566;-58.3774691;161
286;Ida;-34.6901891;-58.3787834;162
286;Ida;-34.6891658;-58.3801352;163
286;Ida;-34.6880543;-58.3815515;164
286;Ida;-34.6869868;-58.3829247;165
286;Ida;-34.6859458;-58.3843302;166
286;Ida;-34.6846225;-58.3861595;167
286;Ida;-34.6843578;-58.3861863;168
286;Ida;-34.6829242;-58.3855962;169
286;Ida;-34.6820595;-58.3852636;170
286;Ida;-34.6808729;-58.3866852;171
286;Ida;-34.6797348;-58.3879673;172
286;Ida;-34.6789628;-58.3889114;173
286;Ida;-34.6774452;-58.3906066;174
286;Ida;-34.6763335;-58.3919048;175
286;Ida;-34.6751865;-58.3931708;176
286;Ida;-34.6744850;-58.3940720;177
286;Ida;-34.6739336;-58.3942973;178
286;Ida;-34.6739468;-58.3946299;179
286;Ida;-34.6731086;-58.3956599;180
286;Ida;-34.6742380;-58.3969151;181
286;Ida;-34.6753188;-58.3981329;182
286;Ida;-34.6763291;-58.3996134;183
286;Ida;-34.6772511;-58.4010350;184
286;Ida;-34.6761967;-58.4024995;185
286;Ida;-34.6751733;-58.4038943;186
286;Ida;-34.6740924;-58.4054017;187
286;Ida;-34.6730556;-58.4067857;188
286;Ida;-34.6719792;-58.4082180;189
286;Ida;-34.6708938;-58.4097093;190
286;Ida;-34.6698835;-58.4110236;191
286;Ida;-34.6688379;-58.4124451;192
286;Ida;-34.6677790;-58.4138667;193
286;Ida;-34.6667113;-58.4153312;194
286;Ida;-34.6658024;-58.4165543;195
286;Ida;-34.6651185;-58.4174823;196
286;Ida;-34.6649199;-58.4176486;197
286;Ida;-34.6631506;-58.4173750;198
286;Ida;-34.6617559;-58.4170289;199
286;Ida;-34.6602047;-58.4167056;200
286;Ida;-34.6599164;-58.4166455;201
286;Ida;-34.6582573;-58.4164846;202
286;Ida;-34.6566838;-58.4164452;203
286;Ida;-34.6551104;-58.4164058;204
286;Ida;-34.6535369;-58.4163664;205
286;Ida;-34.6519634;-58.4163270;206
286;Ida;-34.6503899;-58.4162877;207
286;Ida;-34.6488164;-58.4162483;208
286;Ida;-34.6484476;-58.4160768;209
286;Ida;-34.6480901;-58.4159052;210
286;Ida;-34.6478894;-58.4159428;211
286;Ida;-34.6478210;-58.4160715;212
286;Ida;-34.6478828;-58.4162566;213
286;Ida;-34.6480725;-58.4162753;214
286;Ida;-34.6482667;-58.4164577;215
286;Ida;-34.6477062;-58.4178900;216
286;Ida;-34.6471457;-58.4192204;217
286;Ida;-34.6458218;-58.4203308;218
286;Ida;-34.6445287;-58.4214305;219
286;Ida;-34.6433415;-58.4224390;220
286;Ida;-34.6428760;-58.4227931;221
286;Ida;-34.6413301;-58.4231522;222
286;Ida;-34.6397710;-58.4235870;223
286;Ida;-34.6381115;-58.4239894;224
286;Ida;-34.6364034;-58.4244883;225
286;Ida;-34.6349602;-58.4248423;226
286;Ida;-34.6334550;-58.4252232;227
286;Ida;-34.6316144;-58.4256845;228
286;Ida;-34.6303300;-58.4259474;229
286;Ida;-34.6285334;-58.4263283;230
286;Ida;-34.6271386;-58.4266769;231
286;Ida;-34.6257481;-58.4269881;232
286;Ida;-34.6239823;-58.4273850;233
286;Ida;-34.6224108;-58.4277015;234
286;Ida;-34.6211571;-58.4279590;235
286;Ida;-34.6196385;-58.4282541;236
286;Ida;-34.6181427;-58.4285377;237
286;Ida;-34.6165968;-58.4288968;238
286;Ida;-34.6151775;-58.4292264;239
286;Ida;-34.6151168;-58.4294021;240
286;Ida;-34.6158374;-58.4311079;241
286;Ida;-34.6165923;-58.4327012;242
286;Ida;-34.6175106;-58.4346216;243
286;Ida;-34.6182126;-58.4363812;244
286;Ida;-34.6188792;-58.4378457;245
286;Ida;-34.6195634;-58.4393906;246
286;Ida;-34.6204154;-58.4413111;247
286;Ida;-34.6211615;-58.4430277;248
286;Ida;-34.6218634;-58.4446370;249
286;Ida;-34.6225565;-58.4463804;250
286;Ida;-34.6232451;-58.4480488;251
286;Ida;-34.6239117;-58.4497869;252
286;Ida;-34.6246048;-58.4515035;253
286;Ida;-34.6252757;-58.4532362;254
286;Ida;-34.6259600;-58.4550011;255
286;Ida;-34.6265824;-58.4565889;256
286;Ida;-34.6273372;-58.4584236;257
286;Ida;-34.6279905;-58.4600436;258
286;Ida;-34.6285511;-58.4617441;259
286;Ida;-34.6288468;-58.4628385;260
286;Ida;-34.6293765;-58.4645819;261
286;Ida;-34.6298268;-58.4663361;262
286;Ida;-34.6303079;-58.4681922;263
286;Ida;-34.6307537;-58.4700483;264
286;Ida;-34.6312746;-58.4718292;265
286;Ida;-34.6317689;-58.4736746;266
286;Ida;-34.6322500;-58.4754931;267
286;Ida;-34.6327091;-58.4773117;268
286;Ida;-34.6331549;-58.4791249;269
286;Ida;-34.6335875;-58.4809488;270
286;Ida;-34.6339361;-58.4823703;271
286;Ida;-34.6332388;-58.4832608;272
286;Ida;-34.6327753;-58.4835935;273
286;Ida;-34.6312991;-58.4842563;274
286;Ida;-34.6298228;-58.4849192;275
286;Ida;-34.6283216;-58.4856158;276
286;Ida;-34.6268516;-58.4862649;277
286;Ida;-34.6262204;-58.4865760;278
286;Ida;-34.6262380;-58.4868121;279
286;Ida;-34.6267413;-58.4880566;280
286;Ida;-34.6270900;-58.4888774;281
286;Ida;-34.6270768;-58.4890383;282
286;Ida;-34.6259379;-58.4904545;283
286;Ida;-34.6248299;-58.4918332;284
286;Ida;-34.6237469;-58.4932441;285
286;Ida;-34.6226713;-58.4945690;286
286;Ida;-34.6215544;-58.4959638;287
286;Ida;-34.6204655;-58.4973694;288
286;Ida;-34.6193717;-58.4987444;289
286;Ida;-34.6182780;-58.5001195;290
286;Ida;-34.6180846;-58.5003626;291
286;Ida;-34.6173429;-58.5011995;292
286;Ida;-34.6152105;-58.5028356;293
286;Ida;-34.6146410;-58.5032486;294
286;Ida;-34.6133872;-58.5043805;295
286;Ida;-34.6121510;-58.5054749;296
286;Ida;-34.6108883;-58.5066175;297
286;Ida;-34.6095838;-58.5077385;298
286;Ida;-34.6082906;-58.5088283;299
286;Ida;-34.6070338;-58.5099327;300
286;Ida;-34.6057755;-58.5110110;301
286;Ida;-34.6055415;-58.5111826;302
286;Ida;-34.6055547;-58.5114347;303
286;Ida;-34.6065128;-58.5129207;304
286;Ida;-34.6074224;-58.5143959;305
286;Ida;-34.6083805;-58.5159248;306
286;Ida;-34.6093518;-58.5174858;307
286;Ida;-34.6102348;-58.5189986;308
286;Ida;-34.6111797;-58.5205113;309
286;Ida;-34.6120980;-58.5220670;310
286;Ida;-34.6130472;-58.5236656;311
286;Ida;-34.6140053;-58.5251355;312
286;Ida;-34.6150913;-58.5265731;313
286;Ida;-34.6161774;-58.5279464;314
286;Ida;-34.6172104;-58.5293626;315
286;Ida;-34.6179080;-58.5302424;316
286;Ida;-34.6179852;-58.5304436;317
286;Ida;-34.6180360;-58.5310686;318
286;Ida;-34.6181993;-58.5312724;319
286;Ida;-34.6197781;-58.5312180;320
286;Ida;-34.6213502;-58.5311288;321
286;Ida;-34.6226007;-58.5310578;322
286;Ida;-34.6238631;-58.5325652;323
286;Ida;-34.6248829;-58.5336971;324
286;Ida;-34.6260408;-58.5349877;325
286;Ida;-34.6272401;-58.5363579;326
286;Ida;-34.6273990;-58.5363579;327
286;Ida;-34.6280699;-58.5354459;328
286;Ida;-34.6287144;-58.5346198;329
286;Vuelta;-34.6285026;-58.5344160;0
286;Vuelta;-34.6282244;-58.5341745;1
286;Vuelta;-34.6272092;-58.5355103;2
286;Vuelta;-34.6268560;-58.5359770;3
286;Vuelta;-34.6262601;-58.5367494;4
286;Vuelta;-34.6251477;-58.5354834;5
286;Vuelta;-34.6240144;-58.5342065;6
286;Vuelta;-34.6231127;-58.5331553;7
286;Vuelta;-34.6224903;-58.5324633;8
286;Vuelta;-34.6214396;-58.5338419;9
286;Vuelta;-34.6202542;-58.5325379;10
286;Vuelta;-34.6191838;-58.5313529;11
286;Vuelta;-34.6191308;-58.5304409;12
286;Vuelta;-34.6189763;-58.5303068;13
286;Vuelta;-34.6180757;-58.5303551;14
286;Vuelta;-34.6169720;-58.5289818;15
286;Vuelta;-34.6158948;-58.5275870;16
286;Vuelta;-34.6148132;-58.5261923;17
286;Vuelta;-34.6139655;-58.5250926;18
286;Vuelta;-34.6135462;-58.5244435;19
286;Vuelta;-34.6126142;-58.5229026;20
286;Vuelta;-34.6116822;-58.5213618;21
286;Vuelta;-34.6107503;-58.5198209;22
286;Vuelta;-34.6098183;-58.5182800;23
286;Vuelta;-34.6088863;-58.5167392;24
286;Vuelta;-34.6079544;-58.5151983;25
286;Vuelta;-34.6072723;-58.5141330;26
286;Vuelta;-34.6066674;-58.5131138;27
286;Vuelta;-34.6064908;-58.5130709;28
286;Vuelta;-34.6058020;-58.5137200;29
286;Vuelta;-34.6051397;-58.5143101;30
286;Vuelta;-34.6049984;-58.5142725;31
286;Vuelta;-34.6041462;-58.5128724;32
286;Vuelta;-34.6035589;-58.5119497;33
286;Vuelta;-34.6035722;-58.5118103;34
286;Vuelta;-34.6048968;-58.5105657;35
286;Vuelta;-34.6050602;-58.5105872;36
286;Vuelta;-34.6056033;-58.5114616;37
286;Vuelta;-34.6063980;-58.5127276;38
286;Vuelta;-34.6065526;-58.5127115;39
286;Vuelta;-34.6077847;-58.5115940;40
286;Vuelta;-34.6091399;-58.5103458;41
286;Vuelta;-34.6105070;-58.5093984;42
286;Vuelta;-34.6108972;-58.5091281;43
286;Vuelta;-34.6121775;-58.5080122;44
286;Vuelta;-34.6134004;-58.5068321;45
286;Vuelta;-34.6146366;-58.5056465;46
286;Vuelta;-34.6158683;-58.5044878;47
286;Vuelta;-34.6171124;-58.5032637;48
286;Vuelta;-34.6180095;-58.5024172;49
286;Vuelta;-34.6191032;-58.5010420;50
286;Vuelta;-34.6201969;-58.4996667;51
286;Vuelta;-34.6212906;-58.4982915;52
286;Vuelta;-34.6223843;-58.4969163;53
286;Vuelta;-34.6234781;-58.4955410;54
286;Vuelta;-34.6245718;-58.4941658;55
286;Vuelta;-34.6256655;-58.4927905;56
286;Vuelta;-34.6267592;-58.4914152;57
286;Vuelta;-34.6278530;-58.4900400;58
286;Vuelta;-34.6284320;-58.4893119;59
286;Vuelta;-34.6295312;-58.4879431;60
286;Vuelta;-34.6306434;-58.4865331;61
286;Vuelta;-34.6317248;-58.4851545;62
286;Vuelta;-34.6328289;-58.4838366;63
286;Vuelta;-34.6332697;-58.4832877;64
286;Vuelta;-34.6340333;-58.4829605;65
286;Vuelta;-34.6341083;-58.4828532;66
286;Vuelta;-34.6336448;-58.4810131;67
286;Vuelta;-34.6332211;-58.4791839;68
286;Vuelta;-34.6327532;-58.4772849;69
286;Vuelta;-34.6323516;-58.4755307;70
286;Vuelta;-34.6318042;-58.4735190;71
286;Vuelta;-34.6312922;-58.4717702;72
286;Vuelta;-34.6307846;-58.4698551;73
286;Vuelta;-34.6303300;-58.4681117;74
286;Vuelta;-34.6298621;-58.4661966;75
286;Vuelta;-34.6293677;-58.4644371;76
286;Vuelta;-34.6288821;-58.4627580;77
286;Vuelta;-34.6283745;-58.4610199;78
286;Vuelta;-34.6276462;-58.4590566;79
286;Vuelta;-34.6271253;-58.4577584;80
286;Vuelta;-34.6264279;-58.4561008;81
286;Vuelta;-34.6257701;-58.4543788;82
286;Vuelta;-34.6251168;-58.4526461;83
286;Vuelta;-34.6244370;-58.4508866;84
286;Vuelta;-34.6237528;-58.4491592;85
286;Vuelta;-34.6230597;-58.4474211;86
286;Vuelta;-34.6223976;-58.4457206;87
286;Vuelta;-34.6217486;-58.4440791;88
286;Vuelta;-34.6212189;-58.4427917;89
286;Vuelta;-34.6207403;-58.4409698;90
286;Vuelta;-34.6202874;-58.4391492;91
286;Vuelta;-34.6197832;-58.4373261;92
286;Vuelta;-34.6193471;-58.4358233;93
286;Vuelta;-34.6190558;-58.4345573;94
286;Vuelta;-34.6188087;-58.4326686;95
286;Vuelta;-34.6185615;-58.4307800;96
286;Vuelta;-34.6183144;-58.4288913;97
286;Vuelta;-34.6182921;-58.4287208;98
286;Vuelta;-34.6183627;-58.4285653;99
286;Vuelta;-34.6199343;-58.4282433;100
286;Vuelta;-34.6214352;-58.4279859;101
286;Vuelta;-34.6230465;-58.4276640;102
286;Vuelta;-34.6246224;-58.4273421;103
286;Vuelta;-34.6260306;-58.4270256;104
286;Vuelta;-34.6275844;-58.4266662;105
286;Vuelta;-34.6294118;-58.4262800;106
286;Vuelta;-34.6310274;-58.4259152;107
286;Vuelta;-34.6323825;-58.4255719;108
286;Vuelta;-34.6338435;-58.4251642;109
286;Vuelta;-34.6353971;-58.4247565;110
286;Vuelta;-34.6369066;-58.4243863;111
286;Vuelta;-34.6385750;-58.4239250;112
286;Vuelta;-34.6399917;-58.4236031;113
286;Vuelta;-34.6415493;-58.4231733;114
286;Vuelta;-34.6427060;-58.4228628;115
286;Vuelta;-34.6430061;-58.4227717;116
286;Vuelta;-34.6442942;-58.4216724;117
286;Vuelta;-34.6455822;-58.4205731;118
286;Vuelta;-34.6468702;-58.4194739;119
286;Vuelta;-34.6471546;-58.4192312;120
286;Vuelta;-34.6474988;-58.4185070;121
286;Vuelta;-34.6481889;-58.4167876;122
286;Vuelta;-34.6482976;-58.4165168;123
286;Vuelta;-34.6484256;-58.4164497;124
286;Vuelta;-34.6486793;-58.4164014;125
286;Vuelta;-34.6502529;-58.4164341;126
286;Vuelta;-34.6518265;-58.4164667;127
286;Vuelta;-34.6534001;-58.4164993;128
286;Vuelta;-34.6549737;-58.4165320;129
286;Vuelta;-34.6565472;-58.4165646;130
286;Vuelta;-34.6581208;-58.4165972;131
286;Vuelta;-34.6588971;-58.4166133;132
286;Vuelta;-34.6604544;-58.4168901;133
286;Vuelta;-34.6613725;-58.4170532;134
286;Vuelta;-34.6626697;-58.4174395;135
286;Vuelta;-34.6633404;-58.4175038;136
286;Vuelta;-34.6648053;-58.4177774;137
286;Vuelta;-34.6649619;-58.4177506;138
286;Vuelta;-34.6650590;-58.4176379;139
286;Vuelta;-34.6652355;-58.4173349;140
286;Vuelta;-34.6662879;-58.4159120;141
286;Vuelta;-34.6673403;-58.4144892;142
286;Vuelta;-34.6683927;-58.4130663;143
286;Vuelta;-34.6694451;-58.4116435;144
286;Vuelta;-34.6704976;-58.4102206;145
286;Vuelta;-34.6715500;-58.4087978;146
286;Vuelta;-34.6726024;-58.4073749;147
286;Vuelta;-34.6736548;-58.4059520;148
286;Vuelta;-34.6747073;-58.4045292;149
286;Vuelta;-34.6757597;-58.4031063;150
286;Vuelta;-34.6768122;-58.4016834;151
286;Vuelta;-34.6772600;-58.4010780;152
286;Vuelta;-34.6773438;-58.4008687;153
286;Vuelta;-34.6763287;-58.3993339;154
286;Vuelta;-34.6754071;-58.3980202;155
286;Vuelta;-34.6741674;-58.3966684;156
286;Vuelta;-34.6730159;-58.3953648;157
286;Vuelta;-34.6723850;-58.3946675;158
286;Vuelta;-34.6724512;-58.3944475;159
286;Vuelta;-34.6729806;-58.3937609;160
286;Vuelta;-34.6731351;-58.3937287;161
286;Vuelta;-34.6733204;-58.3939970;162
286;Vuelta;-34.6736160;-58.3942115;163
286;Vuelta;-34.6739513;-58.3942866;164
286;Vuelta;-34.6743152;-58.3941659;165
286;Vuelta;-34.6746682;-58.3938709;166
286;Vuelta;-34.6754887;-58.3928731;167
286;Vuelta;-34.6763733;-58.3918995;168
286;Vuelta;-34.6767791;-58.3913684;169
286;Vuelta;-34.6772556;-58.3908910;170
286;Vuelta;-34.6783923;-58.3895674;171
286;Vuelta;-34.6795291;-58.3882439;172
286;Vuelta;-34.6806659;-58.3869203;173
286;Vuelta;-34.6818027;-58.3855968;174
286;Vuelta;-34.6819736;-58.3853978;175
286;Vuelta;-34.6820794;-58.3853576;176
286;Vuelta;-34.6831668;-58.3858699;177
286;Vuelta;-34.6831756;-58.3860040;178
286;Vuelta;-34.6833786;-58.3862481;179
286;Vuelta;-34.6835870;-58.3864559;180
286;Vuelta;-34.6839785;-58.3869079;181
286;Vuelta;-34.6840843;-58.3869240;182
286;Vuelta;-34.6846269;-58.3861756;183
286;Vuelta;-34.6855929;-58.3848237;184
286;Vuelta;-34.6866427;-58.3833968;185
286;Vuelta;-34.6878822;-58.3817982;186
286;Vuelta;-34.6889717;-58.3803981;187
286;Vuelta;-34.6898363;-58.3792448;188
286;Vuelta;-34.6912433;-58.3775335;189
286;Vuelta;-34.6922754;-58.3763211;190
286;Vuelta;-34.6933384;-58.3751142;191
286;Vuelta;-34.6944984;-58.3737409;192
286;Vuelta;-34.6956143;-58.3724319;193
286;Vuelta;-34.6964744;-58.3713966;194
286;Vuelta;-34.6972153;-58.3705490;195
286;Vuelta;-34.6979607;-58.3696854;196
286;Vuelta;-34.6983223;-58.3691811;197
286;Vuelta;-34.6990501;-58.3680009;198
286;Vuelta;-34.6996852;-58.3671105;199
286;Vuelta;-34.7007961;-58.3657545;200
286;Vuelta;-34.7019071;-58.3643986;201
286;Vuelta;-34.7029135;-58.3632105;202
286;Vuelta;-34.7035088;-58.3623790;203
286;Vuelta;-34.7042432;-58.3607176;204
286;Vuelta;-34.7045452;-58.3600884;205
286;Vuelta;-34.7043600;-58.3596807;206
286;Vuelta;-34.7049995;-58.3589190;207
286;Vuelta;-34.7061410;-58.3576011;208
286;Vuelta;-34.7072882;-58.3562207;209
286;Vuelta;-34.7084127;-58.3549010;210
286;Vuelta;-34.7095681;-58.3535814;211
286;Vuelta;-34.7103928;-58.3526372;212
286;Vuelta;-34.7115261;-58.3513230;213
286;Vuelta;-34.7126726;-58.3500033;214
286;Vuelta;-34.7137928;-58.3487604;215
286;Vuelta;-34.7147451;-58.3476591;216
286;Vuelta;-34.7147672;-58.3474231;217
286;Vuelta;-34.7136162;-58.3461195;218
286;Vuelta;-34.7124741;-58.3447891;219
286;Vuelta;-34.7113232;-58.3434373;220
286;Vuelta;-34.7102031;-58.3421283;221
286;Vuelta;-34.7090919;-58.3408302;222
286;Vuelta;-34.7079629;-58.3394408;223
286;Vuelta;-34.7068075;-58.3380246;224
286;Vuelta;-34.7057437;-58.3367420;225
286;Vuelta;-34.7051141;-58.3359969;226
286;Vuelta;-34.7062431;-58.3346557;227
286;Vuelta;-34.7073941;-58.3332985;228
286;Vuelta;-34.7084877;-58.3319360;229
286;Vuelta;-34.7095769;-58.3306217;230
286;Vuelta;-34.7107103;-58.3291947;231
286;Vuelta;-34.7117730;-58.3278590;232
286;Vuelta;-34.7122714;-58.3271992;233
286;Vuelta;-34.7122493;-58.3270704;234
286;Vuelta;-34.7111204;-58.3257508;235
286;Vuelta;-34.7099772;-58.3244050;236
286;Vuelta;-34.7088368;-58.3230858;237
286;Vuelta;-34.7076963;-58.3217665;238
286;Vuelta;-34.7065429;-58.3203542;239
286;Vuelta;-34.7054757;-58.3191365;240
286;Vuelta;-34.7042750;-58.3178086;241
286;Vuelta;-34.7041616;-58.3176774;242
286;Vuelta;-34.7041571;-58.3175003;243
286;Vuelta;-34.7047437;-58.3167868;244
286;Vuelta;-34.7059558;-58.3155004;245
286;Vuelta;-34.7071636;-58.3142729;246
286;Vuelta;-34.7083598;-58.3129996;247
286;Vuelta;-34.7094403;-58.3119589;248
286;Vuelta;-34.7095638;-58.3117765;249
286;Vuelta;-34.7108011;-58.3105934;250
286;Vuelta;-34.7115834;-58.3098453;251
286;Vuelta;-34.7128269;-58.3086222;252
286;Vuelta;-34.7138720;-58.3076083;253
286;Vuelta;-34.7147583;-58.3066320;254
286;Vuelta;-34.7156138;-58.3057308;255
286;Vuelta;-34.7163325;-58.3050066;256
286;Vuelta;-34.7165794;-58.3048886;257
286;Vuelta;-34.7172364;-58.3046579;258
286;Vuelta;-34.7186783;-58.3042234;259
286;Vuelta;-34.7202855;-58.3037148;260
286;Vuelta;-34.7218134;-58.3032553;261
286;Vuelta;-34.7233412;-58.3027958;262
286;Vuelta;-34.7248690;-58.3023363;263
286;Vuelta;-34.7254199;-58.3021849;264
286;Vuelta;-34.7262400;-58.3015090;265
286;Vuelta;-34.7270468;-58.3009618;266
286;Vuelta;-34.7283518;-58.3000445;267
286;Vuelta;-34.7296965;-58.2990950;268
286;Vuelta;-34.7310676;-58.2981294;269
286;Vuelta;-34.7324343;-58.2971745;270
286;Vuelta;-34.7337701;-58.2962411;271
286;Vuelta;-34.7346606;-58.2956296;272
286;Vuelta;-34.7347929;-58.2956672;273
286;Vuelta;-34.7351808;-58.2964933;274
286;Vuelta;-34.7352999;-58.2965147;275
286;Vuelta;-34.7361375;-58.2959300;276
286;Vuelta;-34.7360933;-58.2956939;277
286;Vuelta;-34.7353348;-58.2941553;278
286;Vuelta;-34.7345014;-58.2925309;279
286;Vuelta;-34.7336246;-58.2907855;280
286;Vuelta;-34.7328399;-58.2891225;281
286;Vuelta;-34.7320639;-58.2874274;282
286;Vuelta;-34.7312880;-58.2857644;283
286;Vuelta;-34.7305033;-58.2841229;284
286;Vuelta;-34.7297273;-58.2824653;285
286;Vuelta;-34.7288412;-58.2808345;286
286;Vuelta;-34.7279065;-58.2790213;287
286;Vuelta;-34.7270909;-58.2774066;288
286;Vuelta;-34.7260856;-58.2756042;289
286;Vuelta;-34.7254993;-58.2744723;290
286;Vuelta;-34.7247233;-58.2728254;291
286;Vuelta;-34.7239561;-58.2711732;292
286;Vuelta;-34.7236740;-58.2704920;293
286;Vuelta;-34.7231713;-58.2695854;294
286;Vuelta;-34.7223688;-58.2679277;295
286;Vuelta;-34.7216545;-58.2665437;296
286;Vuelta;-34.7212798;-58.2658088;297
286;Vuelta;-34.7205303;-58.2663453;298
286;Vuelta;-34.7204332;-58.2663131;299
286;Vuelta;-34.7196098;-58.2646814;300
286;Vuelta;-34.7190796;-58.2636309;301
286;Vuelta;-34.7191149;-58.2635128;302
286;Vuelta;-34.7204558;-58.2625104;303
286;Vuelta;-34.7218000;-58.2614582;304
286;Vuelta;-34.7228450;-58.2606965;305
286;Vuelta;-34.7242604;-58.2596183;306
286;Vuelta;-34.7243530;-58.2596290;307
286;Vuelta;-34.7247057;-58.2603264;308
286;Vuelta;-34.7248115;-58.2603693;309
286;Vuelta;-34.7253803;-58.2599321;310
286;Vuelta;-34.7253846;-58.2598006;311
286;Vuelta;-34.7247056;-58.2582771;312
286;Vuelta;-34.7237709;-58.2564747;313
286;Vuelta;-34.7229288;-58.2548567;314
286;Vuelta;-34.7221043;-58.2532257;315
286;Vuelta;-34.7212798;-58.2515948;316
286;Vuelta;-34.7204554;-58.2499638;317
286;Vuelta;-34.7198027;-58.2487231;318
286;Vuelta;-34.7193265;-58.2477307;319
286;Vuelta;-34.7185196;-58.2464486;320
286;Vuelta;-34.7182462;-58.2459176;321
286;Vuelta;-34.7181227;-58.2459229;322
286;Vuelta;-34.7174305;-58.2470870;323
286;Vuelta;-34.7170822;-58.2476234;324
286;Vuelta;-34.7169719;-58.2476074;325
286;Vuelta;-34.7159930;-58.2460302;326
286;Vuelta;-34.7150626;-58.2444530;327
286;Vuelta;-34.7142007;-58.2429571;328
286;Vuelta;-34.7132282;-58.2413631;329
286;Vuelta;-34.7122889;-58.2397860;330
286;Vuelta;-34.7114467;-58.2383215;331
286;Vuelta;-34.7105058;-58.2367569;332
286;Vuelta;-34.7095821;-58.2352069;333
286;Vuelta;-34.7086773;-58.2336384;334
286;Vuelta;-34.7077601;-58.2321095;335
286;Vuelta;-34.7071427;-58.2310152;336
286;Vuelta;-34.7071118;-58.2308596;337
286;Vuelta;-34.7075749;-58.2291537;338
286;Vuelta;-34.7081482;-58.2272064;339
286;Vuelta;-34.7090654;-58.2256186;340
286;Vuelta;-34.7102825;-58.2238322;341
286;Vuelta;-34.7105251;-58.2233279;342
286;Vuelta;-34.7110057;-58.2226252;343
286;Vuelta;-34.7120067;-58.2211178;344
286;Vuelta;-34.7128137;-58.2198840;345
286;Vuelta;-34.7139866;-58.2181137;346
286;Vuelta;-34.7149612;-58.2165956;347
286;Vuelta;-34.7158827;-58.2151848;348
286;Vuelta;-34.7168969;-58.2136076;349
286;Vuelta;-34.7174614;-58.2127011;350
286;Vuelta;-34.7180081;-58.2119071;351
286;Vuelta;-34.7179905;-58.2117623;352
286;Vuelta;-34.7178692;-58.2116899;353
287;Ida;-34.7179067;-58.2120841;0
287;Ida;-34.7180081;-58.2119178;1
287;Ida;-34.7180081;-58.2117891;2
287;Ida;-34.7179419;-58.2117033;3
287;Ida;-34.7178317;-58.2116764;4
287;Ida;-34.7177435;-58.2118749;5
287;Ida;-34.7176818;-58.2122665;6
287;Ida;-34.7173952;-58.2127332;7
287;Ida;-34.7168660;-58.2135754;8
287;Ida;-34.7162399;-58.2145893;9
287;Ida;-34.7156402;-58.2154798;10
287;Ida;-34.7144673;-58.2173091;11
287;Ida;-34.7139514;-58.2181459;12
287;Ida;-34.7133473;-58.2190793;13
287;Ida;-34.7127740;-58.2199108;14
287;Ida;-34.7121611;-58.2208496;15
287;Ida;-34.7113100;-58.2221156;16
287;Ida;-34.7105471;-58.2232689;17
287;Ida;-34.7103663;-58.2233870;18
287;Ida;-34.7098768;-58.2241594;19
287;Ida;-34.7092153;-58.2251572;20
287;Ida;-34.7085891;-58.2260853;21
287;Ida;-34.7081482;-58.2267934;22
287;Ida;-34.7079012;-58.2274371;23
287;Ida;-34.7073323;-58.2293683;24
287;Ida;-34.7071074;-58.2301568;25
287;Ida;-34.7069928;-58.2308059;26
287;Ida;-34.7072177;-58.2308596;27
287;Ida;-34.7071824;-58.2312083;28
287;Ida;-34.7079922;-58.2326192;29
287;Ida;-34.7089034;-58.2341802;30
287;Ida;-34.7098146;-58.2357412;31
287;Ida;-34.7107455;-58.2372969;32
287;Ida;-34.7116716;-58.2388150;33
287;Ida;-34.7125800;-58.2403975;34
287;Ida;-34.7135016;-58.2419371;35
287;Ida;-34.7143967;-58.2434767;36
287;Ida;-34.7152919;-58.2450217;37
287;Ida;-34.7161958;-58.2465666;38
287;Ida;-34.7169675;-58.2477629;39
287;Ida;-34.7175627;-58.2468992;40
287;Ida;-34.7185284;-58.2483744;41
287;Ida;-34.7194808;-58.2500642;42
287;Ida;-34.7198953;-58.2510781;43
287;Ida;-34.7204156;-58.2521510;44
287;Ida;-34.7211431;-58.2534599;45
287;Ida;-34.7219536;-58.2550450;46
287;Ida;-34.7227921;-58.2567000;47
287;Ida;-34.7235593;-58.2582020;48
287;Ida;-34.7242780;-58.2595700;49
287;Ida;-34.7228715;-58.2606428;50
287;Ida;-34.7215708;-58.2616138;51
287;Ida;-34.7203715;-58.2625579;52
287;Ida;-34.7190840;-58.2634967;53
287;Ida;-34.7182021;-58.2641941;54
287;Ida;-34.7187621;-58.2652777;55
287;Ida;-34.7192118;-58.2661360;56
287;Ida;-34.7201731;-58.2654333;57
287;Ida;-34.7208653;-58.2649290;58
287;Ida;-34.7216549;-58.2665515;59
287;Ida;-34.7224835;-58.2681852;60
287;Ida;-34.7236254;-58.2705026;61
287;Ida;-34.7219500;-58.2717955;62
287;Ida;-34.7193044;-58.2736945;63
287;Ida;-34.7178758;-58.2746332;64
287;Ida;-34.7167249;-58.2754004;65
287;Ida;-34.7174790;-58.2769775;66
287;Ida;-34.7182682;-58.2784366;67
287;Ida;-34.7190487;-58.2800620;68
287;Ida;-34.7208036;-58.2833075;69
287;Ida;-34.7218750;-58.2854855;70
287;Ida;-34.7229288;-58.2876098;71
287;Ida;-34.7213635;-58.2886987;72
287;Ida;-34.7204156;-58.2893800;73
287;Ida;-34.7195381;-58.2899862;74
287;Ida;-34.7189385;-58.2911181;75
287;Ida;-34.7183917;-58.2922232;76
287;Ida;-34.7178008;-58.2934463;77
287;Ida;-34.7168616;-58.2952862;78
287;Ida;-34.7159136;-58.2971692;79
287;Ida;-34.7148686;-58.2992988;80
287;Ida;-34.7142556;-58.3004844;81
287;Ida;-34.7136427;-58.3017075;82
287;Ida;-34.7130827;-58.3029359;83
287;Ida;-34.7124741;-58.3042234;84
287;Ida;-34.7119626;-58.3054518;85
287;Ida;-34.7113894;-58.3067500;86
287;Ida;-34.7108734;-58.3079463;87
287;Ida;-34.7103487;-58.3091318;88
287;Ida;-34.7099606;-58.3100169;89
287;Ida;-34.7094843;-58.3111327;90
287;Ida;-34.7090830;-58.3120018;91
287;Ida;-34.7078439;-58.3133000;92
287;Ida;-34.7066576;-58.3144962;93
287;Ida;-34.7054493;-58.3157515;94
287;Ida;-34.7048142;-58.3163899;95
287;Ida;-34.7038837;-58.3152848;96
287;Ida;-34.7027783;-58.3166202;97
287;Ida;-34.7019830;-58.3176237;98
287;Ida;-34.7030634;-58.3187878;99
287;Ida;-34.7040910;-58.3176023;100
287;Ida;-34.7052508;-58.3188951;101
287;Ida;-34.7063886;-58.3202308;102
287;Ida;-34.7075043;-58.3215504;103
287;Ida;-34.7086288;-58.3228862;104
287;Ida;-34.7097754;-58.3242058;105
287;Ida;-34.7108249;-58.3254557;106
287;Ida;-34.7114555;-58.3261907;107
287;Ida;-34.7103443;-58.3275908;108
287;Ida;-34.7092639;-58.3289480;109
287;Ida;-34.7081305;-58.3303266;110
287;Ida;-34.7067723;-58.3319950;111
287;Ida;-34.7057668;-58.3332395;112
287;Ida;-34.7045805;-58.3346879;113
287;Ida;-34.7035397;-58.3359646;114
287;Ida;-34.7021152;-58.3377242;115
287;Ida;-34.7007392;-58.3395427;116
287;Ida;-34.6988295;-58.3419191;117
287;Ida;-34.6967654;-58.3443921;118
287;Ida;-34.6947145;-58.3468329;119
287;Ida;-34.6933869;-58.3484154;120
287;Ida;-34.6921564;-58.3499068;121
287;Ida;-34.6906920;-58.3516502;122
287;Ida;-34.6898010;-58.3527499;123
287;Ida;-34.6906920;-58.3537745;124
287;Ida;-34.6921916;-58.3556091;125
287;Ida;-34.6930076;-58.3565479;126
287;Ida;-34.6937221;-58.3573043;127
287;Ida;-34.6944852;-58.3580017;128
287;Ida;-34.6952526;-58.3587419;129
287;Ida;-34.6961656;-58.3595788;130
287;Ida;-34.6970477;-58.3603513;131
287;Ida;-34.6979342;-58.3612525;132
287;Ida;-34.6988295;-58.3621323;133
287;Ida;-34.6997204;-58.3631032;134
287;Ida;-34.7005584;-58.3640044;135
287;Ida;-34.7014316;-58.3649486;136
287;Ida;-34.6999895;-58.3667242;137
287;Ida;-34.6990697;-58.3679621;138
287;Ida;-34.6986663;-58.3685857;139
287;Ida;-34.6981988;-58.3693581;140
287;Ida;-34.6970110;-58.3707597;141
287;Ida;-34.6958084;-58.3721691;142
287;Ida;-34.6947234;-58.3734512;143
287;Ida;-34.6935590;-58.3747923;144
287;Ida;-34.6924166;-58.3761334;145
287;Ida;-34.6912477;-58.3774745;146
287;Ida;-34.6901891;-58.3787834;147
287;Ida;-34.6891658;-58.3801352;148
287;Ida;-34.6880543;-58.3815300;149
287;Ida;-34.6870221;-58.3828711;150
287;Ida;-34.6859458;-58.3843302;151
287;Ida;-34.6849136;-58.3857357;152
287;Ida;-34.6844945;-58.3863794;153
287;Ida;-34.6852533;-58.3866798;154
287;Ida;-34.6862678;-58.3871358;155
287;Ida;-34.6871809;-58.3875542;156
287;Ida;-34.6881116;-58.3879405;157
287;Ida;-34.6874235;-58.3888310;158
287;Ida;-34.6860208;-58.3907139;159
287;Ida;-34.6847151;-58.3925217;160
287;Ida;-34.6839740;-58.3935570;161
287;Ida;-34.6834447;-58.3942759;162
287;Ida;-34.6828712;-58.3948016;163
287;Ida;-34.6823816;-58.3952522;164
287;Ida;-34.6812743;-58.3961695;165
287;Ida;-34.6806567;-58.3966630;166
287;Ida;-34.6791216;-58.3980846;167
287;Ida;-34.6777231;-58.3992969;168
287;Ida;-34.6766820;-58.4002035;169
287;Ida;-34.6772467;-58.4010297;170
287;Ida;-34.6761835;-58.4025371;171
287;Ida;-34.6751468;-58.4039318;172
287;Ida;-34.6740924;-58.4053641;173
287;Ida;-34.6730556;-58.4067803;174
287;Ida;-34.6719792;-58.4082180;175
287;Ida;-34.6709512;-58.4096235;176
287;Ida;-34.6698791;-58.4110289;177
287;Ida;-34.6688070;-58.4124988;178
287;Ida;-34.6677658;-58.4139204;179
287;Ida;-34.6667598;-58.4152668;180
287;Ida;-34.6657009;-58.4166830;181
287;Ida;-34.6651008;-58.4175199;182
287;Ida;-34.6649288;-58.4176647;183
287;Ida;-34.6633070;-58.4173522;184
287;Ida;-34.6617559;-58.4170289;185
287;Ida;-34.6602047;-58.4167056;186
287;Ida;-34.6599164;-58.4166455;187
287;Ida;-34.6582573;-58.4164846;188
287;Ida;-34.6566838;-58.4164452;189
287;Ida;-34.6551104;-58.4164058;190
287;Ida;-34.6535369;-58.4163664;191
287;Ida;-34.6519634;-58.4163270;192
287;Ida;-34.6503899;-58.4162877;193
287;Ida;-34.6488164;-58.4162483;194
287;Ida;-34.6484741;-58.4161359;195
287;Ida;-34.6480637;-58.4159696;196
287;Ida;-34.6478894;-58.4159428;197
287;Ida;-34.6478210;-58.4160715;198
287;Ida;-34.6478828;-58.4162566;199
287;Ida;-34.6480284;-58.4162646;200
287;Ida;-34.6483108;-58.4163933;201
287;Ida;-34.6476444;-58.4180188;202
287;Ida;-34.6471369;-58.4192043;203
287;Ida;-34.6458394;-58.4203147;204
287;Ida;-34.6445199;-58.4214413;205
287;Ida;-34.6433415;-58.4224337;206
287;Ida;-34.6428760;-58.4227931;207
287;Ida;-34.6412805;-58.4231954;208
287;Ida;-34.6397534;-58.4235924;209
287;Ida;-34.6381513;-58.4240162;210
287;Ida;-34.6364299;-58.4244775;211
287;Ida;-34.6349999;-58.4248208;212
287;Ida;-34.6334109;-58.4252285;213
287;Ida;-34.6316277;-58.4256631;214
287;Ida;-34.6303300;-58.4259474;215
287;Ida;-34.6285643;-58.4263497;216
287;Ida;-34.6270591;-58.4266769;217
287;Ida;-34.6256642;-58.4270042;218
287;Ida;-34.6239823;-58.4273850;219
287;Ida;-34.6223446;-58.4277015;220
287;Ida;-34.6211880;-58.4279108;221
287;Ida;-34.6196959;-58.4282165;222
287;Ida;-34.6181427;-58.4285377;223
287;Ida;-34.6165968;-58.4288968;224
287;Ida;-34.6151775;-58.4292264;225
287;Ida;-34.6151168;-58.4294021;226
287;Ida;-34.6158242;-58.4310221;227
287;Ida;-34.6165835;-58.4326797;228
287;Ida;-34.6174841;-58.4346055;229
287;Ida;-34.6182567;-58.4364348;230
287;Ida;-34.6189101;-58.4378993;231
287;Ida;-34.6195811;-58.4393745;232
287;Ida;-34.6204199;-58.4413164;233
287;Ida;-34.6211703;-58.4430223;234
287;Ida;-34.6218767;-58.4446316;235
287;Ida;-34.6225786;-58.4463697;236
287;Ida;-34.6232937;-58.4480488;237
287;Ida;-34.6239647;-58.4498673;238
287;Ida;-34.6246489;-58.4515357;239
287;Ida;-34.6253155;-58.4533005;240
287;Ida;-34.6259909;-58.4550601;241
287;Ida;-34.6266000;-58.4566694;242
287;Ida;-34.6273151;-58.4583538;243
287;Ida;-34.6280081;-58.4600597;244
287;Ida;-34.6284805;-58.4615457;245
287;Ida;-34.6288424;-58.4628224;246
287;Ida;-34.6293854;-58.4646087;247
287;Ida;-34.6298577;-58.4663629;248
287;Ida;-34.6303079;-58.4682190;249
287;Ida;-34.6307802;-58.4700644;250
287;Ida;-34.6312790;-58.4718936;251
287;Ida;-34.6317513;-58.4736317;252
287;Ida;-34.6322545;-58.4754878;253
287;Ida;-34.6327223;-58.4773117;254
287;Ida;-34.6331417;-58.4791088;255
287;Ida;-34.6335963;-58.4809005;256
287;Ida;-34.6339053;-58.4824026;257
287;Ida;-34.6332167;-58.4832609;258
287;Ida;-34.6327753;-58.4835935;259
287;Ida;-34.6312991;-58.4842563;260
287;Ida;-34.6298228;-58.4849192;261
287;Ida;-34.6282995;-58.4856426;262
287;Ida;-34.6268472;-58.4863132;263
287;Ida;-34.6262292;-58.4865653;264
287;Ida;-34.6262336;-58.4867960;265
287;Ida;-34.6267457;-58.4880673;266
287;Ida;-34.6270900;-58.4888774;267
287;Ida;-34.6270503;-58.4890490;268
287;Ida;-34.6259158;-58.4904706;269
287;Ida;-34.6248343;-58.4918332;270
287;Ida;-34.6237469;-58.4932441;271
287;Ida;-34.6226580;-58.4945636;272
287;Ida;-34.6214705;-58.4960389;273
287;Ida;-34.6204817;-58.4973210;274
287;Ida;-34.6193692;-58.4987050;275
287;Ida;-34.6182780;-58.5001195;276
287;Ida;-34.6180846;-58.5003626;277
287;Ida;-34.6173429;-58.5011995;278
287;Ida;-34.6160317;-58.5022026;279
287;Ida;-34.6146410;-58.5032486;280
287;Ida;-34.6133872;-58.5043805;281
287;Ida;-34.6121245;-58.5055232;282
287;Ida;-34.6108770;-58.5066486;283
287;Ida;-34.6095838;-58.5077385;284
287;Ida;-34.6082966;-58.5088384;285
287;Ida;-34.6070029;-58.5099488;286
287;Ida;-34.6059653;-58.5108554;287
287;Ida;-34.6055547;-58.5111933;288
287;Ida;-34.6055459;-58.5113811;289
287;Ida;-34.6064973;-58.5128860;290
287;Ida;-34.6074224;-58.5144013;291
287;Ida;-34.6083716;-58.5159462;292
287;Ida;-34.6093518;-58.5174858;293
287;Ida;-34.6102348;-58.5189986;294
287;Ida;-34.6111797;-58.5205113;295
287;Ida;-34.6120980;-58.5220670;296
287;Ida;-34.6130693;-58.5236656;297
287;Ida;-34.6140053;-58.5251355;298
287;Ida;-34.6150913;-58.5265731;299
287;Ida;-34.6161774;-58.5279464;300
287;Ida;-34.6172457;-58.5293626;301
287;Ida;-34.6179080;-58.5302424;302
287;Ida;-34.6179852;-58.5304436;303
287;Ida;-34.6180360;-58.5310686;304
287;Ida;-34.6181375;-58.5312777;305
287;Ida;-34.6197444;-58.5311973;306
287;Ida;-34.6213469;-58.5311061;307
287;Ida;-34.6226007;-58.5310578;308
287;Ida;-34.6237351;-58.5323935;309
287;Ida;-34.6248873;-58.5337239;310
287;Ida;-34.6260408;-58.5349877;311
287;Ida;-34.6272754;-58.5363739;312
287;Ida;-34.6273990;-58.5363579;313
287;Ida;-34.6280744;-58.5354298;314
287;Ida;-34.6287144;-58.5346198;315
287;Vuelta;-34.6285026;-58.5344160;0
287;Vuelta;-34.6282289;-58.5341424;1
287;Vuelta;-34.6273372;-58.5353600;2
287;Vuelta;-34.6268693;-58.5359609;3
287;Vuelta;-34.6262601;-58.5367333;4
287;Vuelta;-34.6251698;-58.5354888;5
287;Vuelta;-34.6240144;-58.5342065;6
287;Vuelta;-34.6231171;-58.5331445;7
287;Vuelta;-34.6224770;-58.5324579;8
287;Vuelta;-34.6214308;-58.5338312;9
287;Vuelta;-34.6202742;-58.5325223;10
287;Vuelta;-34.6191838;-58.5313529;11
287;Vuelta;-34.6191308;-58.5304409;12
287;Vuelta;-34.6189763;-58.5303068;13
287;Vuelta;-34.6180757;-58.5303551;14
287;Vuelta;-34.6169985;-58.5289925;15
287;Vuelta;-34.6159169;-58.5276085;16
287;Vuelta;-34.6148264;-58.5262030;17
287;Vuelta;-34.6139170;-58.5250174;18
287;Vuelta;-34.6132945;-58.5240250;19
287;Vuelta;-34.6126142;-58.5229026;20
287;Vuelta;-34.6116822;-58.5213618;21
287;Vuelta;-34.6107503;-58.5198209;22
287;Vuelta;-34.6098183;-58.5182800;23
287;Vuelta;-34.6088863;-58.5167392;24
287;Vuelta;-34.6079544;-58.5151983;25
287;Vuelta;-34.6072060;-58.5140150;26
287;Vuelta;-34.6066807;-58.5130924;27
287;Vuelta;-34.6065040;-58.5130923;28
287;Vuelta;-34.6057401;-58.5137844;29
287;Vuelta;-34.6051132;-58.5143423;30
287;Vuelta;-34.6049940;-58.5142994;31
287;Vuelta;-34.6042831;-58.5130655;32
287;Vuelta;-34.6035192;-58.5118907;33
287;Vuelta;-34.6035810;-58.5117781;34
287;Vuelta;-34.6048791;-58.5105764;35
287;Vuelta;-34.6050734;-58.5105925;36
287;Vuelta;-34.6056165;-58.5114991;37
287;Vuelta;-34.6063804;-58.5126847;38
287;Vuelta;-34.6065305;-58.5127491;39
287;Vuelta;-34.6077847;-58.5115940;40
287;Vuelta;-34.6091399;-58.5103458;41
287;Vuelta;-34.6101686;-58.5096591;42
287;Vuelta;-34.6109015;-58.5091549;43
287;Vuelta;-34.6121510;-58.5080283;44
287;Vuelta;-34.6133607;-58.5068750;45
287;Vuelta;-34.6146322;-58.5056519;46
287;Vuelta;-34.6158904;-58.5044717;47
287;Vuelta;-34.6171124;-58.5032637;48
287;Vuelta;-34.6180095;-58.5024172;49
287;Vuelta;-34.6191032;-58.5010420;50
287;Vuelta;-34.6202080;-58.4996920;51
287;Vuelta;-34.6212906;-58.4982915;52
287;Vuelta;-34.6223843;-58.4969163;53
287;Vuelta;-34.6234781;-58.4955410;54
287;Vuelta;-34.6245718;-58.4941658;55
287;Vuelta;-34.6256655;-58.4927905;56
287;Vuelta;-34.6267592;-58.4914152;57
287;Vuelta;-34.6278530;-58.4900400;58
287;Vuelta;-34.6284320;-58.4893119;59
287;Vuelta;-34.6295531;-58.4879064;60
287;Vuelta;-34.6306434;-58.4865278;61
287;Vuelta;-34.6315747;-58.4853261;62
287;Vuelta;-34.6328415;-58.4837812;63
287;Vuelta;-34.6332873;-58.4833037;64
287;Vuelta;-34.6340333;-58.4829605;65
287;Vuelta;-34.6341083;-58.4828532;66
287;Vuelta;-34.6336228;-58.4809863;67
287;Vuelta;-34.6332034;-58.4791356;68
287;Vuelta;-34.6327400;-58.4772527;69
287;Vuelta;-34.6322986;-58.4753859;70
287;Vuelta;-34.6317689;-58.4734332;71
287;Vuelta;-34.6312569;-58.4715449;72
287;Vuelta;-34.6307625;-58.4698390;73
287;Vuelta;-34.6303300;-58.4680366;74
287;Vuelta;-34.6296237;-58.4654402;75
287;Vuelta;-34.6292662;-58.4640616;76
287;Vuelta;-34.6288248;-58.4625434;77
287;Vuelta;-34.6282289;-58.4606230;78
287;Vuelta;-34.6276462;-58.4591424;79
287;Vuelta;-34.6270635;-58.4577262;80
287;Vuelta;-34.6263705;-58.4558647;81
287;Vuelta;-34.6256642;-58.4540945;82
287;Vuelta;-34.6249049;-58.4521311;83
287;Vuelta;-34.6244017;-58.4508866;84
287;Vuelta;-34.6237881;-58.4492290;85
287;Vuelta;-34.6231171;-58.4474694;86
287;Vuelta;-34.6224020;-58.4457206;87
287;Vuelta;-34.6217133;-58.4439396;88
287;Vuelta;-34.6212366;-58.4426254;89
287;Vuelta;-34.6207403;-58.4409698;90
287;Vuelta;-34.6202874;-58.4391009;91
287;Vuelta;-34.6197488;-58.4373360;92
287;Vuelta;-34.6193339;-58.4358072;93
287;Vuelta;-34.6190558;-58.4345573;94
287;Vuelta;-34.6188174;-58.4326368;95
287;Vuelta;-34.6185615;-58.4307800;96
287;Vuelta;-34.6183144;-58.4288913;97
287;Vuelta;-34.6182921;-58.4287208;98
287;Vuelta;-34.6183627;-58.4285653;99
287;Vuelta;-34.6198725;-58.4282541;100
287;Vuelta;-34.6214131;-58.4279751;101
287;Vuelta;-34.6230553;-58.4276318;102
287;Vuelta;-34.6245915;-58.4273314;103
287;Vuelta;-34.6262160;-58.4269666;104
287;Vuelta;-34.6276241;-58.4266394;105
287;Vuelta;-34.6293765;-58.4262585;106
287;Vuelta;-34.6308773;-58.4259366;107
287;Vuelta;-34.6323869;-58.4255504;108
287;Vuelta;-34.6336272;-58.4252393;109
287;Vuelta;-34.6353971;-58.4247565;110
287;Vuelta;-34.6368536;-58.4243917;111
287;Vuelta;-34.6384470;-58.4239679;112
287;Vuelta;-34.6399741;-58.4235978;113
287;Vuelta;-34.6415493;-58.4231733;114
287;Vuelta;-34.6427192;-58.4228789;115
287;Vuelta;-34.6430061;-58.4227717;116
287;Vuelta;-34.6442942;-58.4216724;117
287;Vuelta;-34.6455822;-58.4205731;118
287;Vuelta;-34.6468702;-58.4194739;119
287;Vuelta;-34.6471546;-58.4192312;120
287;Vuelta;-34.6474988;-58.4185070;121
287;Vuelta;-34.6481889;-58.4167876;122
287;Vuelta;-34.6482976;-58.4165168;123
287;Vuelta;-34.6484256;-58.4164497;124
287;Vuelta;-34.6486793;-58.4164014;125
287;Vuelta;-34.6502529;-58.4164341;126
287;Vuelta;-34.6518265;-58.4164667;127
287;Vuelta;-34.6534001;-58.4164993;128
287;Vuelta;-34.6549737;-58.4165320;129
287;Vuelta;-34.6565472;-58.4165646;130
287;Vuelta;-34.6581208;-58.4165972;131
287;Vuelta;-34.6588971;-58.4166133;132
287;Vuelta;-34.6604370;-58.4168386;133
287;Vuelta;-34.6613769;-58.4170264;134
287;Vuelta;-34.6626653;-58.4173429;135
287;Vuelta;-34.6633360;-58.4174501;136
287;Vuelta;-34.6646111;-58.4176915;137
287;Vuelta;-34.6649619;-58.4177506;138
287;Vuelta;-34.6650876;-58.4175199;139
287;Vuelta;-34.6652355;-58.4173349;140
287;Vuelta;-34.6662879;-58.4159120;141
287;Vuelta;-34.6673403;-58.4144892;142
287;Vuelta;-34.6683923;-58.4130889;143
287;Vuelta;-34.6694451;-58.4116435;144
287;Vuelta;-34.6704976;-58.4102206;145
287;Vuelta;-34.6715500;-58.4087978;146
287;Vuelta;-34.6726024;-58.4073749;147
287;Vuelta;-34.6736556;-58.4059703;148
287;Vuelta;-34.6747144;-58.4045380;149
287;Vuelta;-34.6757644;-58.4031647;150
287;Vuelta;-34.6768122;-58.4016834;151
287;Vuelta;-34.6772600;-58.4010780;152
287;Vuelta;-34.6774364;-58.4008795;153
287;Vuelta;-34.6782966;-58.4001284;154
287;Vuelta;-34.6790775;-58.3995008;155
287;Vuelta;-34.6802244;-58.3984762;156
287;Vuelta;-34.6813758;-58.3974623;157
287;Vuelta;-34.6825139;-58.3965343;158
287;Vuelta;-34.6830388;-58.3959978;159
287;Vuelta;-34.6835417;-58.3956062;160
287;Vuelta;-34.6841064;-58.3951127;161
287;Vuelta;-34.6853415;-58.3934283;162
287;Vuelta;-34.6866824;-58.3915668;163
287;Vuelta;-34.6881292;-58.3895874;164
287;Vuelta;-34.6887821;-58.3903384;165
287;Vuelta;-34.6894172;-58.3894908;166
287;Vuelta;-34.6900480;-58.3886003;167
287;Vuelta;-34.6885086;-58.3879780;168
287;Vuelta;-34.6876043;-58.3876079;169
287;Vuelta;-34.6864045;-58.3870232;170
287;Vuelta;-34.6852047;-58.3865296;171
287;Vuelta;-34.6845386;-58.3862560;172
287;Vuelta;-34.6848298;-58.3858591;173
287;Vuelta;-34.6856635;-58.3847165;174
287;Vuelta;-34.6867971;-58.3831876;175
287;Vuelta;-34.6878072;-58.3818733;176
287;Vuelta;-34.6890776;-58.3802533;177
287;Vuelta;-34.6895275;-58.3796578;178
287;Vuelta;-34.6899862;-58.3790731;179
287;Vuelta;-34.6910448;-58.3777534;180
287;Vuelta;-34.6922578;-58.3763533;181
287;Vuelta;-34.6933340;-58.3750820;182
287;Vuelta;-34.6944896;-58.3737570;183
287;Vuelta;-34.6956011;-58.3724534;184
287;Vuelta;-34.6964699;-58.3713966;185
287;Vuelta;-34.6969728;-58.3708227;186
287;Vuelta;-34.6975946;-58.3700823;187
287;Vuelta;-34.6983135;-58.3692187;188
287;Vuelta;-34.6988251;-58.3683657;189
287;Vuelta;-34.6996543;-58.3671212;190
287;Vuelta;-34.6987237;-58.3661395;191
287;Vuelta;-34.6996146;-58.3651095;192
287;Vuelta;-34.7005540;-58.3640098;193
287;Vuelta;-34.6994293;-58.3627921;194
287;Vuelta;-34.6984017;-58.3616602;195
287;Vuelta;-34.6977446;-58.3610272;196
287;Vuelta;-34.6959892;-58.3593696;197
287;Vuelta;-34.6944896;-58.3580124;198
287;Vuelta;-34.6937221;-58.3572614;199
287;Vuelta;-34.6930076;-58.3565479;200
287;Vuelta;-34.6922754;-58.3556574;201
287;Vuelta;-34.6907008;-58.3537423;202
287;Vuelta;-34.6920725;-58.3521169;203
287;Vuelta;-34.6936119;-58.3502984;204
287;Vuelta;-34.6949880;-58.3486729;205
287;Vuelta;-34.6963641;-58.3470314;206
287;Vuelta;-34.6976961;-58.3454382;207
287;Vuelta;-34.6986399;-58.3443170;208
287;Vuelta;-34.6997469;-58.3429759;209
287;Vuelta;-34.7009333;-58.3415436;210
287;Vuelta;-34.7016962;-58.3406853;211
287;Vuelta;-34.7024195;-58.3397573;212
287;Vuelta;-34.7036455;-58.3380031;213
287;Vuelta;-34.7044349;-58.3368873;214
287;Vuelta;-34.7051802;-58.3359700;215
287;Vuelta;-34.7062475;-58.3346772;216
287;Vuelta;-34.7072750;-58.3334273;217
287;Vuelta;-34.7085098;-58.3319199;218
287;Vuelta;-34.7097533;-58.3304178;219
287;Vuelta;-34.7107720;-58.3291196;220
287;Vuelta;-34.7117774;-58.3278536;221
287;Vuelta;-34.7122714;-58.3271992;222
287;Vuelta;-34.7122581;-58.3270865;223
287;Vuelta;-34.7111071;-58.3257454;224
287;Vuelta;-34.7099518;-58.3243882;225
287;Vuelta;-34.7088368;-58.3230858;226
287;Vuelta;-34.7076963;-58.3217665;227
287;Vuelta;-34.7065429;-58.3203542;228
287;Vuelta;-34.7054140;-58.3190828;229
287;Vuelta;-34.7042750;-58.3178086;230
287;Vuelta;-34.7041616;-58.3176774;231
287;Vuelta;-34.7041439;-58.3175432;232
287;Vuelta;-34.7047525;-58.3168083;233
287;Vuelta;-34.7059558;-58.3155004;234
287;Vuelta;-34.7071636;-58.3142729;235
287;Vuelta;-34.7083598;-58.3130210;236
287;Vuelta;-34.7093520;-58.3120232;237
287;Vuelta;-34.7095638;-58.3117765;238
287;Vuelta;-34.7109572;-58.3104193;239
287;Vuelta;-34.7109528;-58.3099043;240
287;Vuelta;-34.7105295;-58.3094108;241
287;Vuelta;-34.7115966;-58.3069592;242
287;Vuelta;-34.7126285;-58.3045399;243
287;Vuelta;-34.7137662;-58.3019113;244
287;Vuelta;-34.7149656;-58.2994759;245
287;Vuelta;-34.7166456;-58.2960695;246
287;Vuelta;-34.7179904;-58.2934570;247
287;Vuelta;-34.7195602;-58.2901525;248
287;Vuelta;-34.7210373;-58.2890421;249
287;Vuelta;-34.7220293;-58.2883179;250
287;Vuelta;-34.7230082;-58.2876527;251
287;Vuelta;-34.7221704;-58.2860863;252
287;Vuelta;-34.7213856;-58.2844877;253
287;Vuelta;-34.7204552;-58.2826370;254
287;Vuelta;-34.7193441;-58.2805931;255
287;Vuelta;-34.7182550;-58.2783991;256
287;Vuelta;-34.7172453;-58.2764840;257
287;Vuelta;-34.7167911;-58.2754486;258
287;Vuelta;-34.7176024;-58.2748854;259
287;Vuelta;-34.7184667;-58.2742846;260
287;Vuelta;-34.7202127;-58.2731205;261
287;Vuelta;-34.7211254;-58.2724714;262
287;Vuelta;-34.7222366;-58.2716345;263
287;Vuelta;-34.7237004;-58.2705670;264
287;Vuelta;-34.7231669;-58.2695746;265
287;Vuelta;-34.7222674;-58.2677292;266
287;Vuelta;-34.7215002;-58.2662111;267
287;Vuelta;-34.7213150;-58.2657927;268
287;Vuelta;-34.7205303;-58.2663453;269
287;Vuelta;-34.7204332;-58.2663131;270
287;Vuelta;-34.7196098;-58.2646814;271
287;Vuelta;-34.7190796;-58.2636309;272
287;Vuelta;-34.7191149;-58.2635128;273
287;Vuelta;-34.7204558;-58.2625104;274
287;Vuelta;-34.7217868;-58.2614743;275
287;Vuelta;-34.7228318;-58.2606911;276
287;Vuelta;-34.7242604;-58.2596183;277
287;Vuelta;-34.7243530;-58.2596290;278
287;Vuelta;-34.7247100;-58.2603156;279
287;Vuelta;-34.7248203;-58.2603746;280
287;Vuelta;-34.7253803;-58.2599321;281
287;Vuelta;-34.7253890;-58.2598006;282
287;Vuelta;-34.7246307;-58.2581269;283
287;Vuelta;-34.7237577;-58.2564640;284
287;Vuelta;-34.7229288;-58.2548567;285
287;Vuelta;-34.7221043;-58.2532257;286
287;Vuelta;-34.7212798;-58.2515948;287
287;Vuelta;-34.7204554;-58.2499638;288
287;Vuelta;-34.7198115;-58.2487392;289
287;Vuelta;-34.7193265;-58.2477307;290
287;Vuelta;-34.7185196;-58.2464486;291
287;Vuelta;-34.7182462;-58.2459176;292
287;Vuelta;-34.7181315;-58.2458961;293
287;Vuelta;-34.7174084;-58.2471299;294
287;Vuelta;-34.7170822;-58.2476234;295
287;Vuelta;-34.7169719;-58.2476074;296
287;Vuelta;-34.7160106;-58.2460892;297
287;Vuelta;-34.7150758;-58.2445335;298
287;Vuelta;-34.7141630;-58.2428973;299
287;Vuelta;-34.7132547;-58.2414221;300
287;Vuelta;-34.7123242;-58.2398504;301
287;Vuelta;-34.7114296;-58.2383069;302
287;Vuelta;-34.7105058;-58.2367569;303
287;Vuelta;-34.7095064;-58.2351082;304
287;Vuelta;-34.7086332;-58.2336008;305
287;Vuelta;-34.7077557;-58.2320934;306
287;Vuelta;-34.7071427;-58.2310152;307
287;Vuelta;-34.7071030;-58.2308113;308
287;Vuelta;-34.7075969;-58.2289659;309
287;Vuelta;-34.7081437;-58.2271903;310
287;Vuelta;-34.7084348;-58.2266110;311
287;Vuelta;-34.7104060;-58.2236284;312
287;Vuelta;-34.7105118;-58.2233119;313
287;Vuelta;-34.7110278;-58.2225555;314
287;Vuelta;-34.7119935;-58.2210910;315
287;Vuelta;-34.7129857;-58.2195889;316
287;Vuelta;-34.7139558;-58.2181406;317
287;Vuelta;-34.7149391;-58.2165902;318
287;Vuelta;-34.7159092;-58.2150936;319
287;Vuelta;-34.7168881;-58.2135701;320
287;Vuelta;-34.7174305;-58.2127225;321
287;Vuelta;-34.7179596;-58.2119339;322
287;Vuelta;-34.7179905;-58.2117623;323
287;Vuelta;-34.7178692;-58.2116899;324
288;Ida;-34.6529179;-58.4163504;0
288;Ida;-34.6503275;-58.4163075;1
288;Ida;-34.6488315;-58.4162592;2
288;Ida;-34.6483946;-58.4161680;3
288;Ida;-34.6480725;-58.4160339;4
288;Ida;-34.6479401;-58.4159266;5
288;Ida;-34.6478210;-58.4160715;6
288;Ida;-34.6478828;-58.4162566;7
288;Ida;-34.6480416;-58.4162700;8
288;Ida;-34.6483196;-58.4163880;9
288;Ida;-34.6476532;-58.4180349;10
288;Ida;-34.6471457;-58.4191989;11
288;Ida;-34.6458174;-58.4203147;12
288;Ida;-34.6445772;-58.4214037;13
288;Ida;-34.6433856;-58.4223961;14
288;Ida;-34.6428760;-58.4227931;15
288;Ida;-34.6412937;-58.4231901;16
288;Ida;-34.6393341;-58.4236836;17
288;Ida;-34.6379703;-58.4240323;18
288;Ida;-34.6364564;-58.4244668;19
288;Ida;-34.6350617;-58.4248048;20
288;Ida;-34.6334109;-58.4252285;21
288;Ida;-34.6316939;-58.4256738;22
288;Ida;-34.6302991;-58.4259742;23
288;Ida;-34.6285378;-58.4263336;24
288;Ida;-34.6270723;-58.4266984;25
288;Ida;-34.6256686;-58.4270095;26
288;Ida;-34.6239823;-58.4273850;27
288;Ida;-34.6224064;-58.4276908;28
288;Ida;-34.6211659;-58.4279376;29
288;Ida;-34.6196606;-58.4282273;30
288;Ida;-34.6181427;-58.4285377;31
288;Ida;-34.6164202;-58.4288978;32
288;Ida;-34.6151575;-58.4292089;33
288;Ida;-34.6151168;-58.4294021;34
288;Ida;-34.6158595;-58.4310811;35
288;Ida;-34.6166012;-58.4327387;36
288;Ida;-34.6174841;-58.4345734;37
288;Ida;-34.6182435;-58.4363865;38
288;Ida;-34.6188880;-58.4378832;39
288;Ida;-34.6195590;-58.4393799;40
288;Ida;-34.6204199;-58.4412896;41
288;Ida;-34.6211615;-58.4429848;42
288;Ida;-34.6218546;-58.4446156;43
288;Ida;-34.6225565;-58.4463590;44
288;Ida;-34.6232540;-58.4480649;45
288;Ida;-34.6239338;-58.4497815;46
288;Ida;-34.6246268;-58.4515303;47
288;Ida;-34.6253022;-58.4532469;48
288;Ida;-34.6259732;-58.4550440;49
288;Ida;-34.6265779;-58.4565836;50
288;Ida;-34.6273637;-58.4584504;51
288;Ida;-34.6280214;-58.4601026;52
288;Ida;-34.6285069;-58.4616369;53
288;Ida;-34.6288468;-58.4628385;54
288;Ida;-34.6293677;-58.4645980;55
288;Ida;-34.6298488;-58.4663951;56
288;Ida;-34.6301843;-58.4677952;57
288;Ida;-34.6307669;-58.4699732;58
288;Ida;-34.6312613;-58.4718507;59
288;Ida;-34.6317513;-58.4736371;60
288;Ida;-34.6322809;-58.4754931;61
288;Ida;-34.6327003;-58.4772956;62
288;Ida;-34.6330843;-58.4789156;63
288;Ida;-34.6335830;-58.4809219;64
288;Ida;-34.6339406;-58.4823596;65
288;Ida;-34.6332167;-58.4832609;66
288;Ida;-34.6327753;-58.4835935;67
288;Ida;-34.6312991;-58.4842563;68
288;Ida;-34.6298228;-58.4849192;69
288;Ida;-34.6283524;-58.4856212;70
288;Ida;-34.6268560;-58.4863239;71
288;Ida;-34.6262248;-58.4865921;72
288;Ida;-34.6262469;-58.4867906;73
288;Ida;-34.6267722;-58.4880942;74
288;Ida;-34.6270856;-58.4888774;75
288;Ida;-34.6270723;-58.4890490;76
288;Ida;-34.6259467;-58.4904330;77
288;Ida;-34.6248211;-58.4918546;78
288;Ida;-34.6237086;-58.4932655;79
288;Ida;-34.6226404;-58.4945905;80
288;Ida;-34.6215500;-58.4959477;81
288;Ida;-34.6204655;-58.4973694;82
288;Ida;-34.6196738;-58.4983402;83
288;Ida;-34.6187909;-58.4994399;84
288;Ida;-34.6180978;-58.5003519;85
288;Ida;-34.6173958;-58.5011726;86
288;Ida;-34.6161376;-58.5021328;87
288;Ida;-34.6145218;-58.5033398;88
288;Ida;-34.6133916;-58.5043698;89
288;Ida;-34.6121201;-58.5054963;90
288;Ida;-34.6108770;-58.5066486;91
288;Ida;-34.6095838;-58.5077385;92
288;Ida;-34.6082524;-58.5088759;93
288;Ida;-34.6070250;-58.5099327;94
288;Ida;-34.6057269;-58.5110324;95
288;Ida;-34.6055326;-58.5111987;96
288;Ida;-34.6055415;-58.5113543;97
288;Ida;-34.6064973;-58.5128860;98
288;Ida;-34.6074224;-58.5143744;99
288;Ida;-34.6083540;-58.5159462;100
288;Ida;-34.6093518;-58.5174858;101
288;Ida;-34.6102348;-58.5189986;102
288;Ida;-34.6111797;-58.5205113;103
288;Ida;-34.6120980;-58.5220670;104
288;Ida;-34.6130825;-58.5236656;105
288;Ida;-34.6139434;-58.5250979;106
288;Ida;-34.6150913;-58.5265731;107
288;Ida;-34.6161774;-58.5279464;108
288;Ida;-34.6172148;-58.5293304;109
288;Ida;-34.6178903;-58.5301780;110
288;Ida;-34.6179852;-58.5304436;111
288;Ida;-34.6180360;-58.5310686;112
288;Ida;-34.6181861;-58.5312885;113
288;Ida;-34.6197488;-58.5311973;114
288;Ida;-34.6213337;-58.5311007;115
288;Ida;-34.6225830;-58.5310471;116
288;Ida;-34.6237704;-58.5324150;117
288;Ida;-34.6248211;-58.5336112;118
288;Ida;-34.6260615;-58.5350167;119
288;Ida;-34.6272533;-58.5363364;120
288;Ida;-34.6273990;-58.5363579;121
288;Ida;-34.6280832;-58.5354351;122
288;Ida;-34.6287144;-58.5346198;123
288;Vuelta;-34.6285026;-58.5344160;0
288;Vuelta;-34.6282200;-58.5341852;1
288;Vuelta;-34.6273548;-58.5353332;2
288;Vuelta;-34.6268649;-58.5359555;3
288;Vuelta;-34.6262689;-58.5367548;4
288;Vuelta;-34.6251566;-58.5354781;5
288;Vuelta;-34.6240144;-58.5342065;6
288;Vuelta;-34.6233113;-58.5333645;7
288;Vuelta;-34.6224814;-58.5324740;8
288;Vuelta;-34.6214529;-58.5338312;9
288;Vuelta;-34.6202565;-58.5325115;10
288;Vuelta;-34.6191838;-58.5313529;11
288;Vuelta;-34.6191573;-58.5304248;12
288;Vuelta;-34.6190558;-58.5303336;13
288;Vuelta;-34.6180757;-58.5303551;14
288;Vuelta;-34.6169853;-58.5289818;15
288;Vuelta;-34.6159081;-58.5275870;16
288;Vuelta;-34.6148308;-58.5262191;17
288;Vuelta;-34.6139920;-58.5251194;18
288;Vuelta;-34.6130914;-58.5236924;19
288;Vuelta;-34.6125263;-58.5227322;20
288;Vuelta;-34.6116822;-58.5213618;21
288;Vuelta;-34.6107503;-58.5198209;22
288;Vuelta;-34.6098183;-58.5182800;23
288;Vuelta;-34.6088863;-58.5167392;24
288;Vuelta;-34.6079257;-58.5151684;25
288;Vuelta;-34.6069897;-58.5136234;26
288;Vuelta;-34.6066718;-58.5131084;27
288;Vuelta;-34.6065040;-58.5130548;28
288;Vuelta;-34.6057755;-58.5137575;29
288;Vuelta;-34.6051220;-58.5143369;30
288;Vuelta;-34.6050072;-58.5142993;31
288;Vuelta;-34.6042831;-58.5130763;32
288;Vuelta;-34.6035457;-58.5119122;33
288;Vuelta;-34.6035722;-58.5117888;34
288;Vuelta;-34.6048791;-58.5105818;35
288;Vuelta;-34.6050823;-58.5105497;36
288;Vuelta;-34.6055768;-58.5114026;37
288;Vuelta;-34.6064113;-58.5127490;38
288;Vuelta;-34.6065481;-58.5127115;39
288;Vuelta;-34.6077847;-58.5115940;40
288;Vuelta;-34.6091399;-58.5103458;41
288;Vuelta;-34.6101554;-58.5096538;42
288;Vuelta;-34.6109192;-58.5091334;43
288;Vuelta;-34.6121863;-58.5079801;44
288;Vuelta;-34.6133960;-58.5068535;45
288;Vuelta;-34.6146498;-58.5056573;46
288;Vuelta;-34.6158551;-58.5044878;47
288;Vuelta;-34.6171124;-58.5032637;48
288;Vuelta;-34.6180095;-58.5024172;49
288;Vuelta;-34.6191032;-58.5010420;50
288;Vuelta;-34.6202080;-58.4996759;51
288;Vuelta;-34.6212906;-58.4982915;52
288;Vuelta;-34.6223887;-58.4968918;53
288;Vuelta;-34.6234781;-58.4955410;54
288;Vuelta;-34.6245718;-58.4941658;55
288;Vuelta;-34.6256655;-58.4927905;56
288;Vuelta;-34.6267592;-58.4914152;57
288;Vuelta;-34.6278530;-58.4900400;58
288;Vuelta;-34.6284320;-58.4893119;59
288;Vuelta;-34.6294604;-58.4880137;60
288;Vuelta;-34.6306301;-58.4865492;61
288;Vuelta;-34.6315482;-58.4853905;62
288;Vuelta;-34.6327488;-58.4838885;63
288;Vuelta;-34.6332608;-58.4833145;64
288;Vuelta;-34.6340333;-58.4829605;65
288;Vuelta;-34.6341083;-58.4828532;66
288;Vuelta;-34.6336581;-58.4810131;67
288;Vuelta;-34.6331946;-58.4791731;68
288;Vuelta;-34.6327576;-58.4773278;69
288;Vuelta;-34.6323251;-58.4754985;70
288;Vuelta;-34.6317954;-58.4735351;71
288;Vuelta;-34.6313010;-58.4718024;72
288;Vuelta;-34.6307758;-58.4698766;73
288;Vuelta;-34.6303476;-58.4680902;74
288;Vuelta;-34.6298532;-58.4661644;75
288;Vuelta;-34.6293765;-58.4644371;76
288;Vuelta;-34.6288821;-58.4627205;77
288;Vuelta;-34.6283171;-58.4608966;78
288;Vuelta;-34.6276329;-58.4590566;79
288;Vuelta;-34.6271253;-58.4578013;80
288;Vuelta;-34.6264323;-58.4560686;81
288;Vuelta;-34.6257834;-58.4543627;82
288;Vuelta;-34.6250859;-58.4526407;83
288;Vuelta;-34.6244238;-58.4509187;84
288;Vuelta;-34.6237616;-58.4491807;85
288;Vuelta;-34.6231083;-58.4474480;86
288;Vuelta;-34.6224417;-58.4457421;87
288;Vuelta;-34.6217486;-58.4440255;88
288;Vuelta;-34.6212189;-58.4426844;89
288;Vuelta;-34.6207863;-58.4411287;90
288;Vuelta;-34.6202344;-58.4388810;91
288;Vuelta;-34.6197665;-58.4373682;92
288;Vuelta;-34.6193427;-58.4358447;93
288;Vuelta;-34.6190558;-58.4345573;94
288;Vuelta;-34.6188087;-58.4326686;95
288;Vuelta;-34.6185615;-58.4307800;96
288;Vuelta;-34.6183144;-58.4288913;97
288;Vuelta;-34.6182921;-58.4287208;98
288;Vuelta;-34.6183627;-58.4285653;99
288;Vuelta;-34.6198725;-58.4282541;100
288;Vuelta;-34.6214131;-58.4279751;101
288;Vuelta;-34.6230553;-58.4276318;102
288;Vuelta;-34.6245915;-58.4273314;103
288;Vuelta;-34.6262160;-58.4269666;104
288;Vuelta;-34.6276197;-58.4266501;105
288;Vuelta;-34.6294030;-58.4262478;106
288;Vuelta;-34.6308773;-58.4259366;107
288;Vuelta;-34.6323736;-58.4255665;108
288;Vuelta;-34.6338435;-58.4251642;109
288;Vuelta;-34.6353971;-58.4247565;110
288;Vuelta;-34.6368978;-58.4244132;111
288;Vuelta;-34.6384514;-58.4239733;112
288;Vuelta;-34.6399785;-58.4236192;113
288;Vuelta;-34.6415493;-58.4231733;114
288;Vuelta;-34.6427458;-58.4228951;115
288;Vuelta;-34.6430061;-58.4227717;116
288;Vuelta;-34.6442942;-58.4216724;117
288;Vuelta;-34.6455822;-58.4205731;118
288;Vuelta;-34.6468702;-58.4194739;119
288;Vuelta;-34.6471546;-58.4192312;120
288;Vuelta;-34.6474988;-58.4185070;121
288;Vuelta;-34.6481889;-58.4167876;122
288;Vuelta;-34.6482976;-58.4165168;123
288;Vuelta;-34.6484256;-58.4164497;124
288;Vuelta;-34.6486793;-58.4164014;125
288;Vuelta;-34.6501863;-58.4164631;126
288;Vuelta;-34.6522427;-58.4165114;127
9060;Ida;-34.8836603;-57.9474843;0
9060;Ida;-34.8838891;-57.9472375;1
9060;Ida;-34.8847923;-57.9488087;2
9060;Ida;-34.8856956;-57.9503799;3
9060;Ida;-34.8865988;-57.9519511;4
9060;Ida;-34.8875020;-57.9535223;5
9060;Ida;-34.8884052;-57.9550935;6
9060;Ida;-34.8885271;-57.9553056;7
9060;Ida;-34.8885799;-57.9554987;8
9060;Ida;-34.8885447;-57.9557562;9
9060;Ida;-34.8884303;-57.9559922;10
9060;Ida;-34.8882895;-57.9561210;11
9060;Ida;-34.8881135;-57.9563677;12
9060;Ida;-34.8879903;-57.9567218;13
9060;Ida;-34.8880343;-57.9570866;14
9060;Ida;-34.8881399;-57.9573011;15
9060;Ida;-34.8882983;-57.9574835;16
9060;Ida;-34.8885271;-57.9575908;17
9060;Ida;-34.8886943;-57.9576230;18
9060;Ida;-34.8888637;-57.9575962;19
9060;Ida;-34.8890068;-57.9575559;20
9060;Ida;-34.8890728;-57.9575264;21
9060;Ida;-34.8891828;-57.9575506;22
9060;Ida;-34.8893544;-57.9576257;23
9060;Ida;-34.8894666;-57.9577249;24
9060;Ida;-34.8896228;-57.9578751;25
9060;Ida;-34.8902630;-57.9585484;26
9060;Ida;-34.8914322;-57.9598328;27
9060;Ida;-34.8926013;-57.9611173;28
9060;Ida;-34.8932001;-57.9617751;29
9060;Ida;-34.8937281;-57.9622257;30
9060;Ida;-34.8948873;-57.9635234;31
9060;Ida;-34.8960466;-57.9648212;32
9060;Ida;-34.8961480;-57.9649347;33
9060;Ida;-34.8962184;-57.9650903;34
9060;Ida;-34.8968080;-57.9656965;35
9060;Ida;-34.8973668;-57.9663348;36
9060;Ida;-34.8977451;-57.9658788;37
9060;Ida;-34.8965830;-57.9645849;38
9060;Ida;-34.8958180;-57.9637331;39
9060;Ida;-34.8969282;-57.9623730;40
9060;Ida;-34.8976307;-57.9615122;41
9060;Ida;-34.8986766;-57.9600783;42
9060;Ida;-34.8995754;-57.9588461;43
9060;Ida;-34.9006392;-57.9574319;44
9060;Ida;-34.9017202;-57.9559949;45
9060;Ida;-34.9017730;-57.9558796;46
9060;Ida;-34.9018962;-57.9558071;47
9060;Ida;-34.9020282;-57.9556569;48
9060;Ida;-34.9026683;-57.9547155;49
9060;Ida;-34.9037244;-57.9532926;50
9060;Ida;-34.9043445;-57.9524571;51
9060;Ida;-34.9034030;-57.9514217;52
9060;Ida;-34.9040761;-57.9504776;53
9060;Ida;-34.9041817;-57.9504400;54
9060;Ida;-34.9042917;-57.9504132;55
9060;Ida;-34.9043753;-57.9504615;56
9060;Ida;-34.9055409;-57.9517509;57
9060;Ida;-34.9060823;-57.9523498;58
9060;Ida;-34.9069621;-57.9512340;59
9060;Ida;-34.9081285;-57.9525224;60
9060;Ida;-34.9092949;-57.9538109;61
9060;Ida;-34.9100943;-57.9546940;62
9060;Ida;-34.9099844;-57.9549435;63
9060;Ida;-34.9099184;-57.9552627;64
9060;Ida;-34.9099228;-57.9554477;65
9060;Ida;-34.9100130;-57.9557079;66
9060;Ida;-34.9101185;-57.9559037;67
9060;Ida;-34.9102505;-57.9560271;68
9060;Ida;-34.9104067;-57.9561290;69
9060;Ida;-34.9105914;-57.9561800;70
9060;Ida;-34.9107762;-57.9561853;71
9060;Ida;-34.9109610;-57.9561692;72
9060;Ida;-34.9111149;-57.9561049;73
9060;Ida;-34.9112689;-57.9559869;74
9060;Ida;-34.9113877;-57.9557669;75
9060;Ida;-34.9114360;-57.9554826;76
9060;Ida;-34.9114580;-57.9552519;77
9060;Ida;-34.9113877;-57.9548818;78
9060;Ida;-34.9112689;-57.9546618;79
9060;Ida;-34.9123730;-57.9531008;80
9060;Ida;-34.9134348;-57.9516841;81
9060;Ida;-34.9144965;-57.9502673;82
9060;Ida;-34.9154083;-57.9490507;83
9060;Ida;-34.9165765;-57.9503368;84
9060;Ida;-34.9177447;-57.9516230;85
9060;Ida;-34.9189129;-57.9529091;86
9060;Ida;-34.9191406;-57.9531598;87
9060;Ida;-34.9199983;-57.9542059;88
9060;Ida;-34.9197740;-57.9544553;89
9060;Ida;-34.9197344;-57.9547665;90
9060;Ida;-34.9198004;-57.9551527;91
9060;Ida;-34.9205437;-57.9559842;92
9060;Ida;-34.9212189;-57.9566574;93
9060;Ida;-34.9213223;-57.9566829;94
9060;Ida;-34.9214487;-57.9566909;95
9060;Ida;-34.9215147;-57.9566789;96
9060;Ida;-34.9216170;-57.9566158;97
9060;Ida;-34.9217962;-57.9563744;98
9060;Ida;-34.9218358;-57.9563476;99
9060;Ida;-34.9219578;-57.9563919;100
9060;Ida;-34.9231266;-57.9576774;101
9060;Ida;-34.9242953;-57.9589629;102
9060;Ida;-34.9254641;-57.9602484;103
9060;Ida;-34.9265057;-57.9613942;104
9060;Ida;-34.9260351;-57.9619950;105
9060;Ida;-34.9270203;-57.9630947;106
9060;Ida;-34.9275393;-57.9624832;107
9060;Ida;-34.9284233;-57.9634809;108
9060;Ida;-34.9295976;-57.9647591;109
9060;Ida;-34.9303849;-57.9656160;110
9060;Ida;-34.9303849;-57.9661417;111
9060;Ida;-34.9305212;-57.9668659;112
9060;Ida;-34.9316976;-57.9681411;113
9060;Ida;-34.9329313;-57.9694784;114
9060;Ida;-34.9333886;-57.9695749;115
9060;Ida;-34.9340659;-57.9695535;116
9060;Ida;-34.9352348;-57.9708389;117
9060;Ida;-34.9364038;-57.9721244;118
9060;Ida;-34.9375727;-57.9734099;119
9060;Ida;-34.9378172;-57.9736787;120
9060;Ida;-34.9366826;-57.9752022;121
9060;Ida;-34.9366782;-57.9754704;122
9060;Ida;-34.9367485;-57.9756582;123
9060;Ida;-34.9369904;-57.9758620;124
9060;Ida;-34.9380462;-57.9744383;125
9060;Ida;-34.9390749;-57.9730511;126
9060;Ida;-34.9394838;-57.9724771;127
9060;Ida;-34.9396334;-57.9720533;128
9060;Ida;-34.9397873;-57.9714417;129
9060;Ida;-34.9400511;-57.9708624;130
9060;Ida;-34.9411101;-57.9694422;131
9060;Ida;-34.9421692;-57.9680220;132
9060;Ida;-34.9425972;-57.9674479;133
9060;Ida;-34.9427401;-57.9673004;134
9060;Ida;-34.9429094;-57.9672146;135
9060;Ida;-34.9431491;-57.9671931;136
9060;Ida;-34.9433008;-57.9672387;137
9060;Ida;-34.9434503;-57.9671904;138
9060;Ida;-34.9435646;-57.9670590;139
9060;Ida;-34.9437801;-57.9667881;140
9060;Ida;-34.9438680;-57.9668632;141
9060;Ida;-34.9450386;-57.9681466;142
9060;Ida;-34.9462091;-57.9694301;143
9060;Ida;-34.9473797;-57.9707135;144
9060;Ida;-34.9485503;-57.9719969;145
9060;Ida;-34.9494040;-57.9729331;146
9060;Ida;-34.9504572;-57.9715062;147
9060;Ida;-34.9511540;-57.9705620;148
9060;Ida;-34.9522137;-57.9691423;149
9060;Ida;-34.9532734;-57.9677227;150
9060;Ida;-34.9543331;-57.9663030;151
9060;Ida;-34.9545176;-57.9660559;152
9060;Ida;-34.9556725;-57.9673603;153
9060;Ida;-34.9563510;-57.9681265;154
9060;Ida;-34.9575242;-57.9694065;155
9060;Ida;-34.9586974;-57.9706865;156
9060;Ida;-34.9598707;-57.9719665;157
9060;Ida;-34.9610439;-57.9732465;158
9060;Ida;-34.9622172;-57.9745265;159
9060;Ida;-34.9633904;-57.9758066;160
9060;Ida;-34.9645636;-57.9770866;161
9060;Ida;-34.9647393;-57.9772782;162
9060;Ida;-34.9659002;-57.9785749;163
9060;Ida;-34.9670612;-57.9798716;164
9060;Ida;-34.9682221;-57.9811682;165
9060;Ida;-34.9684760;-57.9814517;166
9060;Ida;-34.9696427;-57.9827407;167
9060;Ida;-34.9708095;-57.9840296;168
9060;Ida;-34.9719763;-57.9853185;169
9060;Ida;-34.9731431;-57.9866075;170
9060;Ida;-34.9743099;-57.9878964;171
9060;Ida;-34.9754767;-57.9891854;172
9060;Ida;-34.9766435;-57.9904743;173
9060;Ida;-34.9769158;-57.9907751;174
9060;Ida;-34.9779004;-57.9917943;175
9060;Ida;-34.9790654;-57.9930857;176
9060;Ida;-34.9802305;-57.9943771;177
9060;Ida;-34.9813955;-57.9956685;178
9060;Ida;-34.9825606;-57.9969599;179
9060;Ida;-34.9832627;-57.9977381;180
9060;Ida;-34.9839923;-57.9984623;181
9060;Ida;-34.9851606;-57.9997494;182
9060;Ida;-34.9863290;-58.0010366;183
9060;Ida;-34.9874974;-58.0023237;184
9060;Ida;-34.9886657;-58.0036108;185
9060;Ida;-34.9898341;-58.0048980;186
9060;Ida;-34.9910025;-58.0061851;187
9060;Ida;-34.9921709;-58.0074723;188
9060;Ida;-34.9933393;-58.0087594;189
9060;Ida;-34.9945077;-58.0100466;190
9060;Ida;-34.9956761;-58.0113337;191
9060;Ida;-34.9968445;-58.0126209;192
9060;Ida;-34.9980129;-58.0139081;193
9060;Ida;-34.9991813;-58.0151952;194
9060;Ida;-35.0003497;-58.0164824;195
9060;Ida;-35.0015181;-58.0177696;196
9060;Ida;-35.0026866;-58.0190568;197
9060;Ida;-35.0038550;-58.0203440;198
9060;Ida;-35.0045853;-58.0211484;199
9060;Ida;-35.0047522;-58.0219960;200
9060;Ida;-35.0049280;-58.0221784;201
9060;Ida;-35.0051125;-58.0222213;202
9060;Ida;-35.0053674;-58.0221248;203
9060;Ida;-35.0055168;-58.0218995;204
9060;Ida;-35.0055695;-58.0215132;205
9060;Ida;-35.0056838;-58.0211377;206
9060;Ida;-35.0058859;-58.0207729;207
9060;Ida;-35.0063297;-58.0201346;208
9060;Ida;-35.0065669;-58.0197483;209
9060;Ida;-35.0076297;-58.0183310;210
9060;Ida;-35.0086926;-58.0169137;211
9060;Ida;-35.0097554;-58.0154964;212
9060;Ida;-35.0108182;-58.0140791;213
9060;Ida;-35.0118810;-58.0126618;214
9060;Ida;-35.0129438;-58.0112445;215
9060;Ida;-35.0140066;-58.0098272;216
9060;Ida;-35.0150695;-58.0084099;217
9060;Ida;-35.0161323;-58.0069925;218
9060;Ida;-35.0171951;-58.0055752;219
9060;Ida;-35.0182580;-58.0041579;220
9060;Ida;-35.0193208;-58.0027405;221
9060;Ida;-35.0203837;-58.0013232;222
9060;Ida;-35.0214465;-57.9999058;223
9060;Ida;-35.0225094;-57.9984885;224
9060;Ida;-35.0235722;-57.9970711;225
9060;Ida;-35.0246351;-57.9956537;226
9060;Ida;-35.0254454;-57.9945731;227
9060;Ida;-35.0264294;-57.9938650;228
9060;Ida;-35.0278428;-57.9930194;229
9060;Ida;-35.0292561;-57.9921737;230
9060;Ida;-35.0306694;-57.9913281;231
9060;Ida;-35.0320828;-57.9904824;232
9060;Ida;-35.0334961;-57.9896368;233
9060;Ida;-35.0349094;-57.9887911;234
9060;Ida;-35.0363228;-57.9879455;235
9060;Ida;-35.0377361;-57.9870998;236
9060;Ida;-35.0391495;-57.9862541;237
9060;Ida;-35.0405628;-57.9854085;238
9060;Ida;-35.0419762;-57.9845628;239
9060;Ida;-35.0433895;-57.9837172;240
9060;Ida;-35.0448029;-57.9828715;241
9060;Ida;-35.0462162;-57.9820258;242
9060;Ida;-35.0476296;-57.9811802;243
9060;Ida;-35.0490429;-57.9803345;244
9060;Ida;-35.0504563;-57.9794888;245
9060;Ida;-35.0507798;-57.9792953;246
9060;Ida;-35.0521291;-57.9783055;247
9060;Ida;-35.0534783;-57.9773157;248
9060;Ida;-35.0548276;-57.9763260;249
9060;Ida;-35.0561768;-57.9753362;250
9060;Ida;-35.0575261;-57.9743464;251
9060;Ida;-35.0588754;-57.9733566;252
9060;Ida;-35.0602246;-57.9723669;253
9060;Ida;-35.0615739;-57.9713771;254
9060;Ida;-35.0629232;-57.9703873;255
9060;Ida;-35.0642725;-57.9693975;256
9060;Ida;-35.0656394;-57.9683948;257
9060;Ida;-35.0668488;-57.9671642;258
9060;Ida;-35.0680582;-57.9659337;259
9060;Ida;-35.0692676;-57.9647031;260
9060;Ida;-35.0704770;-57.9634725;261
9060;Ida;-35.0716864;-57.9622420;262
9060;Ida;-35.0728958;-57.9610114;263
9060;Ida;-35.0741052;-57.9597808;264
9060;Ida;-35.0753147;-57.9585503;265
9060;Ida;-35.0765241;-57.9573197;266
9060;Ida;-35.0777335;-57.9560891;267
9060;Ida;-35.0789429;-57.9548585;268
9060;Ida;-35.0801524;-57.9536279;269
9060;Ida;-35.0804437;-57.9533315;270
9060;Ida;-35.0816331;-57.9520719;271
9060;Ida;-35.0828225;-57.9508124;272
9060;Ida;-35.0840119;-57.9495529;273
9060;Ida;-35.0852013;-57.9482933;274
9060;Ida;-35.0863907;-57.9470338;275
9060;Ida;-35.0875801;-57.9457742;276
9060;Ida;-35.0887695;-57.9445147;277
9060;Ida;-35.0899589;-57.9432551;278
9060;Ida;-35.0911484;-57.9419956;279
9060;Ida;-35.0923378;-57.9407360;280
9060;Ida;-35.0935272;-57.9394764;281
9060;Ida;-35.0936652;-57.9393303;282
9060;Ida;-35.0945342;-57.9384828;283
9060;Ida;-35.0958150;-57.9373650;284
9060;Ida;-35.0970959;-57.9362472;285
9060;Ida;-35.0983767;-57.9351294;286
9060;Ida;-35.0994763;-57.9341698;287
9060;Ida;-35.1005700;-57.9327865;288
9060;Ida;-35.1016637;-57.9314032;289
9060;Ida;-35.1027574;-57.9300199;290
9060;Ida;-35.1038511;-57.9286366;291
9060;Ida;-35.1049449;-57.9272532;292
9060;Ida;-35.1060386;-57.9258699;293
9060;Ida;-35.1071323;-57.9244866;294
9060;Ida;-35.1082260;-57.9231033;295
9060;Ida;-35.1093198;-57.9217199;296
9060;Ida;-35.1095878;-57.9213810;297
9060;Ida;-35.1103777;-57.9199862;298
9060;Ida;-35.1109218;-57.9181194;299
9060;Ida;-35.1112446;-57.9162364;300
9060;Ida;-35.1115674;-57.9143534;301
9060;Ida;-35.1118902;-57.9124704;302
9060;Ida;-35.1119223;-57.9122829;303
9060;Ida;-35.1120364;-57.9123634;304
9060;Ida;-35.1130974;-57.9137844;305
9060;Ida;-35.1132300;-57.9139620;306
9060;Ida;-35.1143493;-57.9153149;307
9060;Ida;-35.1154686;-57.9166677;308
9060;Ida;-35.1165880;-57.9180206;309
9060;Ida;-35.1177073;-57.9193735;310
9060;Ida;-35.1188266;-57.9207264;311
9060;Ida;-35.1199459;-57.9220793;312
9060;Ida;-35.1210653;-57.9234322;313
9060;Ida;-35.1221846;-57.9247851;314
9060;Ida;-35.1233039;-57.9261380;315
9060;Ida;-35.1244233;-57.9274909;316
9060;Ida;-35.1255426;-57.9288438;317
9060;Ida;-35.1266620;-57.9301967;318
9060;Ida;-35.1277813;-57.9315496;319
9060;Ida;-35.1289007;-57.9329026;320
9060;Ida;-35.1300201;-57.9342555;321
9060;Ida;-35.1311394;-57.9356084;322
9060;Ida;-35.1322588;-57.9369614;323
9060;Ida;-35.1333782;-57.9383143;324
9060;Ida;-35.1344975;-57.9396672;325
9060;Ida;-35.1356169;-57.9410202;326
9060;Ida;-35.1367363;-57.9423732;327
9060;Ida;-35.1378557;-57.9437261;328
9060;Ida;-35.1389751;-57.9450791;329
9060;Ida;-35.1400945;-57.9464321;330
9060;Ida;-35.1412139;-57.9477850;331
9060;Ida;-35.1423333;-57.9491380;332
9060;Ida;-35.1434527;-57.9504910;333
9060;Ida;-35.1445721;-57.9518440;334
9060;Ida;-35.1456915;-57.9531970;335
9060;Ida;-35.1468110;-57.9545500;336
9060;Ida;-35.1479304;-57.9559030;337
9060;Ida;-35.1490498;-57.9572560;338
9060;Ida;-35.1501692;-57.9586090;339
9060;Ida;-35.1512887;-57.9599620;340
9060;Ida;-35.1524081;-57.9613151;341
9060;Ida;-35.1535275;-57.9626681;342
9060;Ida;-35.1546470;-57.9640211;343
9060;Ida;-35.1557664;-57.9653742;344
9060;Ida;-35.1568859;-57.9667272;345
9060;Ida;-35.1580054;-57.9680802;346
9060;Ida;-35.1583588;-57.9685074;347
9060;Ida;-35.1585561;-57.9686415;348
9060;Ida;-35.1587754;-57.9687113;349
9060;Ida;-35.1589991;-57.9687005;350
9060;Ida;-35.1594859;-57.9684860;351
9060;Ida;-35.1602709;-57.9680568;352
9060;Ida;-35.1617050;-57.9671180;353
9060;Ida;-35.1630167;-57.9660541;354
9060;Ida;-35.1643284;-57.9649901;355
9060;Ida;-35.1656401;-57.9639262;356
9060;Ida;-35.1669518;-57.9628623;357
9060;Ida;-35.1682635;-57.9617983;358
9060;Ida;-35.1695752;-57.9607343;359
9060;Ida;-35.1708869;-57.9596704;360
9060;Ida;-35.1721986;-57.9586064;361
9060;Ida;-35.1735103;-57.9575425;362
9060;Ida;-35.1748220;-57.9564785;363
9060;Ida;-35.1761338;-57.9554145;364
9060;Ida;-35.1774455;-57.9543506;365
9060;Ida;-35.1787572;-57.9532866;366
9060;Ida;-35.1800689;-57.9522226;367
9060;Ida;-35.1813807;-57.9511587;368
9060;Ida;-35.1822269;-57.9504722;369
9060;Ida;-35.1828013;-57.9515237;370
9060;Ida;-35.1836869;-57.9507726;371
9060;Ida;-35.1842613;-57.9518723;372
9060;Ida;-35.1850198;-57.9512501;373
9060;Ida;-35.1850812;-57.9511589;374
9060;Ida;-35.1850505;-57.9510248;375
9060;Ida;-35.1845463;-57.9500860;376
9060;Ida;-35.1858576;-57.9490213;377
9060;Ida;-35.1871690;-57.9479565;378
9060;Ida;-35.1873873;-57.9477793;379
9060;Ida;-35.1865784;-57.9463443;380
9060;Ida;-35.1852670;-57.9474090;381
9060;Ida;-35.1839557;-57.9484738;382
9060;Ida;-35.1826444;-57.9495385;383
9060;Ida;-35.1820559;-57.9500163;384
9060;Ida;-35.1820559;-57.9500163;385
9060;Vuelta;-35.1824899;-57.9509228;0
9060;Vuelta;-35.1828012;-57.9515022;1
9060;Vuelta;-35.1836913;-57.9507994;2
9060;Vuelta;-35.1842656;-57.9518616;3
9060;Vuelta;-35.1850241;-57.9512447;4
9060;Vuelta;-35.1850811;-57.9511535;5
9060;Vuelta;-35.1850592;-57.9510462;6
9060;Vuelta;-35.1845594;-57.9500913;7
9060;Vuelta;-35.1856467;-57.9491580;8
9060;Vuelta;-35.1869679;-57.9481115;9
9060;Vuelta;-35.1873873;-57.9477793;10
9060;Vuelta;-35.1865674;-57.9463255;11
9060;Vuelta;-35.1853398;-57.9473608;12
9060;Vuelta;-35.1839982;-57.9484713;13
9060;Vuelta;-35.1828933;-57.9493671;14
9060;Vuelta;-35.1819946;-57.9500753;15
9060;Vuelta;-35.1822182;-57.9504830;16
9060;Vuelta;-35.1809061;-57.9515461;17
9060;Vuelta;-35.1795939;-57.9526093;18
9060;Vuelta;-35.1782818;-57.9536724;19
9060;Vuelta;-35.1769697;-57.9547356;20
9060;Vuelta;-35.1756576;-57.9557987;21
9060;Vuelta;-35.1743456;-57.9568619;22
9060;Vuelta;-35.1730335;-57.9579250;23
9060;Vuelta;-35.1717214;-57.9589882;24
9060;Vuelta;-35.1704093;-57.9600513;25
9060;Vuelta;-35.1690972;-57.9611144;26
9060;Vuelta;-35.1677851;-57.9621776;27
9060;Vuelta;-35.1664731;-57.9632407;28
9060;Vuelta;-35.1651610;-57.9643038;29
9060;Vuelta;-35.1638489;-57.9653670;30
9060;Vuelta;-35.1625369;-57.9664301;31
9060;Vuelta;-35.1616349;-57.9671609;32
9060;Vuelta;-35.1602666;-57.9680407;33
9060;Vuelta;-35.1593543;-57.9685450;34
9060;Vuelta;-35.1590144;-57.9686764;35
9060;Vuelta;-35.1587930;-57.9686952;36
9060;Vuelta;-35.1586088;-57.9686442;37
9060;Vuelta;-35.1584114;-57.9685450;38
9060;Vuelta;-35.1582754;-57.9684055;39
9060;Vuelta;-35.1571561;-57.9670527;40
9060;Vuelta;-35.1560367;-57.9656999;41
9060;Vuelta;-35.1549174;-57.9643471;42
9060;Vuelta;-35.1537981;-57.9629943;43
9060;Vuelta;-35.1526787;-57.9616415;44
9060;Vuelta;-35.1515594;-57.9602887;45
9060;Vuelta;-35.1504401;-57.9589359;46
9060;Vuelta;-35.1493207;-57.9575831;47
9060;Vuelta;-35.1482014;-57.9562304;48
9060;Vuelta;-35.1470821;-57.9548776;49
9060;Vuelta;-35.1459628;-57.9535248;50
9060;Vuelta;-35.1448435;-57.9521721;51
9060;Vuelta;-35.1437242;-57.9508193;52
9060;Vuelta;-35.1426049;-57.9494666;53
9060;Vuelta;-35.1414856;-57.9481138;54
9060;Vuelta;-35.1403663;-57.9467611;55
9060;Vuelta;-35.1392470;-57.9454083;56
9060;Vuelta;-35.1381277;-57.9440556;57
9060;Vuelta;-35.1370084;-57.9427029;58
9060;Vuelta;-35.1358891;-57.9413502;59
9060;Vuelta;-35.1347698;-57.9399974;60
9060;Vuelta;-35.1336506;-57.9386447;61
9060;Vuelta;-35.1325313;-57.9372920;62
9060;Vuelta;-35.1314120;-57.9359393;63
9060;Vuelta;-35.1302928;-57.9345866;64
9060;Vuelta;-35.1291735;-57.9332339;65
9060;Vuelta;-35.1280543;-57.9318812;66
9060;Vuelta;-35.1269350;-57.9305285;67
9060;Vuelta;-35.1258158;-57.9291759;68
9060;Vuelta;-35.1246965;-57.9278232;69
9060;Vuelta;-35.1235773;-57.9264705;70
9060;Vuelta;-35.1224581;-57.9251178;71
9060;Vuelta;-35.1213388;-57.9237652;72
9060;Vuelta;-35.1202196;-57.9224125;73
9060;Vuelta;-35.1191004;-57.9210599;74
9060;Vuelta;-35.1179812;-57.9197072;75
9060;Vuelta;-35.1168619;-57.9183546;76
9060;Vuelta;-35.1157427;-57.9170019;77
9060;Vuelta;-35.1146235;-57.9156493;78
9060;Vuelta;-35.1135043;-57.9142967;79
9060;Vuelta;-35.1130721;-57.9137743;80
9060;Vuelta;-35.1119794;-57.9122910;81
9060;Vuelta;-35.1119092;-57.9123151;82
9060;Vuelta;-35.1115944;-57.9142002;83
9060;Vuelta;-35.1112797;-57.9160852;84
9060;Vuelta;-35.1109525;-57.9180443;85
9060;Vuelta;-35.1106366;-57.9192621;86
9060;Vuelta;-35.1102987;-57.9201338;87
9060;Vuelta;-35.1099300;-57.9208231;88
9060;Vuelta;-35.1094166;-57.9216439;89
9060;Vuelta;-35.1087803;-57.9224968;90
9060;Vuelta;-35.1076804;-57.9238728;91
9060;Vuelta;-35.1065806;-57.9252487;92
9060;Vuelta;-35.1054807;-57.9266247;93
9060;Vuelta;-35.1043809;-57.9280007;94
9060;Vuelta;-35.1032810;-57.9293766;95
9060;Vuelta;-35.1021812;-57.9307526;96
9060;Vuelta;-35.1010814;-57.9321285;97
9060;Vuelta;-35.0999815;-57.9335045;98
9060;Vuelta;-35.0994412;-57.9341805;99
9060;Vuelta;-35.0985458;-57.9350388;100
9060;Vuelta;-35.0972569;-57.9361426;101
9060;Vuelta;-35.0959680;-57.9372463;102
9060;Vuelta;-35.0946791;-57.9383501;103
9060;Vuelta;-35.0944991;-57.9385042;104
9060;Vuelta;-35.0937047;-57.9392606;105
9060;Vuelta;-35.0925129;-57.9405167;106
9060;Vuelta;-35.0913211;-57.9417728;107
9060;Vuelta;-35.0901293;-57.9430289;108
9060;Vuelta;-35.0889375;-57.9442850;109
9060;Vuelta;-35.0877457;-57.9455411;110
9060;Vuelta;-35.0865539;-57.9467972;111
9060;Vuelta;-35.0853621;-57.9480533;112
9060;Vuelta;-35.0841703;-57.9493093;113
9060;Vuelta;-35.0829786;-57.9505654;114
9060;Vuelta;-35.0817868;-57.9518215;115
9060;Vuelta;-35.0805950;-57.9530775;116
9060;Vuelta;-35.0794033;-57.9543336;117
9060;Vuelta;-35.0785472;-57.9552358;118
9060;Vuelta;-35.0780643;-57.9556811;119
9060;Vuelta;-35.0768577;-57.9569157;120
9060;Vuelta;-35.0756511;-57.9581503;121
9060;Vuelta;-35.0744446;-57.9593850;122
9060;Vuelta;-35.0732380;-57.9606196;123
9060;Vuelta;-35.0720314;-57.9618542;124
9060;Vuelta;-35.0708248;-57.9630888;125
9060;Vuelta;-35.0696183;-57.9643234;126
9060;Vuelta;-35.0684117;-57.9655580;127
9060;Vuelta;-35.0672052;-57.9667926;128
9060;Vuelta;-35.0659986;-57.9680272;129
9060;Vuelta;-35.0656394;-57.9683948;130
9060;Vuelta;-35.0642898;-57.9693837;131
9060;Vuelta;-35.0629401;-57.9703726;132
9060;Vuelta;-35.0615904;-57.9713614;133
9060;Vuelta;-35.0602408;-57.9723503;134
9060;Vuelta;-35.0588911;-57.9733392;135
9060;Vuelta;-35.0575414;-57.9743281;136
9060;Vuelta;-35.0561918;-57.9753170;137
9060;Vuelta;-35.0548421;-57.9763059;138
9060;Vuelta;-35.0534925;-57.9772948;139
9060;Vuelta;-35.0521428;-57.9782837;140
9060;Vuelta;-35.0510696;-57.9790699;141
9060;Vuelta;-35.0496565;-57.9799159;142
9060;Vuelta;-35.0482433;-57.9807619;143
9060;Vuelta;-35.0468301;-57.9816079;144
9060;Vuelta;-35.0454169;-57.9824539;145
9060;Vuelta;-35.0440037;-57.9832999;146
9060;Vuelta;-35.0425905;-57.9841458;147
9060;Vuelta;-35.0411774;-57.9849918;148
9060;Vuelta;-35.0397642;-57.9858378;149
9060;Vuelta;-35.0383510;-57.9866838;150
9060;Vuelta;-35.0369378;-57.9875297;151
9060;Vuelta;-35.0355247;-57.9883757;152
9060;Vuelta;-35.0341115;-57.9892217;153
9060;Vuelta;-35.0326984;-57.9900676;154
9060;Vuelta;-35.0312852;-57.9909136;155
9060;Vuelta;-35.0298720;-57.9917596;156
9060;Vuelta;-35.0284589;-57.9926055;157
9060;Vuelta;-35.0270457;-57.9934515;158
9060;Vuelta;-35.0265700;-57.9937363;159
9060;Vuelta;-35.0254454;-57.9945517;160
9060;Vuelta;-35.0244790;-57.9956460;161
9060;Vuelta;-35.0234211;-57.9970688;162
9060;Vuelta;-35.0223633;-57.9984915;163
9060;Vuelta;-35.0213054;-57.9999143;164
9060;Vuelta;-35.0202475;-58.0013370;165
9060;Vuelta;-35.0191897;-58.0027598;166
9060;Vuelta;-35.0181318;-58.0041825;167
9060;Vuelta;-35.0170740;-58.0056053;168
9060;Vuelta;-35.0160162;-58.0070280;169
9060;Vuelta;-35.0149583;-58.0084507;170
9060;Vuelta;-35.0139005;-58.0098734;171
9060;Vuelta;-35.0128426;-58.0112962;172
9060;Vuelta;-35.0117848;-58.0127189;173
9060;Vuelta;-35.0107270;-58.0141416;174
9060;Vuelta;-35.0096692;-58.0155643;175
9060;Vuelta;-35.0086114;-58.0169870;176
9060;Vuelta;-35.0075535;-58.0184097;177
9060;Vuelta;-35.0064957;-58.0198323;178
9060;Vuelta;-35.0057804;-58.0207944;179
9060;Vuelta;-35.0055036;-58.0210036;180
9060;Vuelta;-35.0048841;-58.0212128;181
9060;Vuelta;-35.0047259;-58.0211967;182
9060;Vuelta;-35.0044930;-58.0210197;183
9060;Vuelta;-35.0033245;-58.0197327;184
9060;Vuelta;-35.0021561;-58.0184457;185
9060;Vuelta;-35.0009877;-58.0171586;186
9060;Vuelta;-34.9998193;-58.0158716;187
9060;Vuelta;-34.9986508;-58.0145846;188
9060;Vuelta;-34.9974824;-58.0132976;189
9060;Vuelta;-34.9963140;-58.0120106;190
9060;Vuelta;-34.9951456;-58.0107236;191
9060;Vuelta;-34.9939772;-58.0094366;192
9060;Vuelta;-34.9928088;-58.0081497;193
9060;Vuelta;-34.9916404;-58.0068627;194
9060;Vuelta;-34.9904720;-58.0055757;195
9060;Vuelta;-34.9893036;-58.0042887;196
9060;Vuelta;-34.9881352;-58.0030018;197
9060;Vuelta;-34.9869668;-58.0017148;198
9060;Vuelta;-34.9857984;-58.0004278;199
9060;Vuelta;-34.9846300;-57.9991409;200
9060;Vuelta;-34.9839263;-57.9983658;201
9060;Vuelta;-34.9835352;-57.9978722;202
9060;Vuelta;-34.9829506;-57.9972017;203
9060;Vuelta;-34.9817795;-57.9959185;204
9060;Vuelta;-34.9806085;-57.9946353;205
9060;Vuelta;-34.9794374;-57.9933521;206
9060;Vuelta;-34.9782664;-57.9920689;207
9060;Vuelta;-34.9770953;-57.9907858;208
9060;Vuelta;-34.9759243;-57.9895026;209
9060;Vuelta;-34.9747532;-57.9882194;210
9060;Vuelta;-34.9735822;-57.9869362;211
9060;Vuelta;-34.9724111;-57.9856531;212
9060;Vuelta;-34.9713773;-57.9845202;213
9060;Vuelta;-34.9710564;-57.9842412;214
9060;Vuelta;-34.9698888;-57.9829536;215
9060;Vuelta;-34.9687211;-57.9816659;216
9060;Vuelta;-34.9675536;-57.9803783;217
9060;Vuelta;-34.9663860;-57.9790906;218
9060;Vuelta;-34.9652184;-57.9778030;219
9060;Vuelta;-34.9640508;-57.9765153;220
9060;Vuelta;-34.9628832;-57.9752277;221
9060;Vuelta;-34.9617156;-57.9739401;222
9060;Vuelta;-34.9605480;-57.9726524;223
9060;Vuelta;-34.9593805;-57.9713648;224
9060;Vuelta;-34.9582129;-57.9700772;225
9060;Vuelta;-34.9570453;-57.9687896;226
9060;Vuelta;-34.9558778;-57.9675019;227
9060;Vuelta;-34.9554980;-57.9670832;228
9060;Vuelta;-34.9545044;-57.9660183;229
9060;Vuelta;-34.9543901;-57.9660130;230
9060;Vuelta;-34.9533334;-57.9674359;231
9060;Vuelta;-34.9522767;-57.9688589;232
9060;Vuelta;-34.9512201;-57.9702819;233
9060;Vuelta;-34.9501634;-57.9717049;234
9060;Vuelta;-34.9493909;-57.9727453;235
9060;Vuelta;-34.9482201;-57.9714621;236
9060;Vuelta;-34.9470494;-57.9701790;237
9060;Vuelta;-34.9458787;-57.9688958;238
9060;Vuelta;-34.9447080;-57.9676126;239
9060;Vuelta;-34.9438505;-57.9666728;240
9060;Vuelta;-34.9446903;-57.9655516;241
9060;Vuelta;-34.9442220;-57.9650527;242
9060;Vuelta;-34.9431619;-57.9664717;243
9060;Vuelta;-34.9421018;-57.9678907;244
9060;Vuelta;-34.9410417;-57.9693097;245
9060;Vuelta;-34.9399815;-57.9707286;246
9060;Vuelta;-34.9397213;-57.9710770;247
9060;Vuelta;-34.9394355;-57.9715329;248
9060;Vuelta;-34.9390793;-57.9719621;249
9060;Vuelta;-34.9380239;-57.9733863;250
9060;Vuelta;-34.9378172;-57.9736653;251
9060;Vuelta;-34.9366322;-57.9724019;252
9060;Vuelta;-34.9361241;-57.9718602;253
9060;Vuelta;-34.9359284;-57.9716215;254
9060;Vuelta;-34.9347572;-57.9703391;255
9060;Vuelta;-34.9345541;-57.9701167;256
9060;Vuelta;-34.9340901;-57.9695722;257
9060;Vuelta;-34.9341231;-57.9694998;258
9060;Vuelta;-34.9343012;-57.9693443;259
9060;Vuelta;-34.9345321;-57.9690009;260
9060;Vuelta;-34.9347937;-57.9686657;261
9060;Vuelta;-34.9348883;-57.9684243;262
9060;Vuelta;-34.9349433;-57.9680622;263
9060;Vuelta;-34.9349411;-57.9676035;264
9060;Vuelta;-34.9349103;-57.9672575;265
9060;Vuelta;-34.9348487;-57.9669785;266
9060;Vuelta;-34.9347190;-57.9667935;267
9060;Vuelta;-34.9345914;-57.9666433;268
9060;Vuelta;-34.9340659;-57.9661041;269
9060;Vuelta;-34.9328919;-57.9648257;270
9060;Vuelta;-34.9324871;-57.9643849;271
9060;Vuelta;-34.9323617;-57.9642937;272
9060;Vuelta;-34.9321561;-57.9642548;273
9060;Vuelta;-34.9318967;-57.9642467;274
9060;Vuelta;-34.9316537;-57.9642481;275
9060;Vuelta;-34.9313986;-57.9643124;276
9060;Vuelta;-34.9312535;-57.9643232;277
9060;Vuelta;-34.9311457;-57.9643393;278
9060;Vuelta;-34.9303981;-57.9653692;279
9060;Vuelta;-34.9292124;-57.9641069;280
9060;Vuelta;-34.9280267;-57.9628446;281
9060;Vuelta;-34.9275965;-57.9623866;282
9060;Vuelta;-34.9280517;-57.9617429;283
9060;Vuelta;-34.9289753;-57.9605037;284
9060;Vuelta;-34.9279659;-57.9593959;285
9060;Vuelta;-34.9269116;-57.9608211;286
9060;Vuelta;-34.9265849;-57.9612628;287
9060;Vuelta;-34.9255557;-57.9601228;288
9060;Vuelta;-34.9243837;-57.9588417;289
9060;Vuelta;-34.9232118;-57.9575606;290
9060;Vuelta;-34.9220398;-57.9562795;291
9060;Vuelta;-34.9218875;-57.9561129;292
9060;Vuelta;-34.9218435;-57.9560110;293
9060;Vuelta;-34.9218743;-57.9558206;294
9060;Vuelta;-34.9219271;-57.9556516;295
9060;Vuelta;-34.9220634;-57.9554585;296
9060;Vuelta;-34.9224769;-57.9549649;297
9060;Vuelta;-34.9228243;-57.9548845;298
9060;Vuelta;-34.9229321;-57.9548255;299
9060;Vuelta;-34.9231454;-57.9545707;300
9060;Vuelta;-34.9231960;-57.9544687;301
9060;Vuelta;-34.9232158;-57.9543319;302
9060;Vuelta;-34.9231696;-57.9541951;303
9060;Vuelta;-34.9230421;-57.9540449;304
9060;Vuelta;-34.9228419;-57.9539055;305
9060;Vuelta;-34.9226330;-57.9536426;306
9060;Vuelta;-34.9222679;-57.9532188;307
9060;Vuelta;-34.9215114;-57.9524061;308
9060;Vuelta;-34.9213267;-57.9521634;309
9060;Vuelta;-34.9201567;-57.9508795;310
9060;Vuelta;-34.9189868;-57.9495957;311
9060;Vuelta;-34.9178169;-57.9483119;312
9060;Vuelta;-34.9167939;-57.9471892;313
9060;Vuelta;-34.9166707;-57.9471892;314
9060;Vuelta;-34.9156161;-57.9486138;315
9060;Vuelta;-34.9145614;-57.9500383;316
9060;Vuelta;-34.9135067;-57.9514629;317
9060;Vuelta;-34.9124521;-57.9528874;318
9060;Vuelta;-34.9123576;-57.9530150;319
9060;Vuelta;-34.9115438;-57.9540208;320
9060;Vuelta;-34.9111721;-57.9545653;321
9060;Vuelta;-34.9110137;-57.9544473;322
9060;Vuelta;-34.9108334;-57.9543614;323
9060;Vuelta;-34.9106442;-57.9543507;324
9060;Vuelta;-34.9104287;-57.9544097;325
9060;Vuelta;-34.9102703;-57.9545009;326
9060;Vuelta;-34.9101493;-57.9545948;327
9060;Vuelta;-34.9097600;-57.9542059;328
9060;Vuelta;-34.9088516;-57.9531464;329
9060;Vuelta;-34.9076857;-57.9518572;330
9060;Vuelta;-34.9065199;-57.9505681;331
9060;Vuelta;-34.9053541;-57.9492789;332
9060;Vuelta;-34.9052398;-57.9491526;333
9060;Vuelta;-34.9051430;-57.9491016;334
9060;Vuelta;-34.9050308;-57.9491901;335
9060;Vuelta;-34.9039748;-57.9506130;336
9060;Vuelta;-34.9036692;-57.9510248;337
9060;Vuelta;-34.9033942;-57.9514378;338
9060;Vuelta;-34.9025385;-57.9525724;339
9060;Vuelta;-34.9017708;-57.9537231;340
9060;Vuelta;-34.9007114;-57.9551421;341
9060;Vuelta;-34.8996519;-57.9565611;342
9060;Vuelta;-34.8985925;-57.9579800;343
9060;Vuelta;-34.8975331;-57.9593990;344
9060;Vuelta;-34.8964736;-57.9608180;345
9060;Vuelta;-34.8954142;-57.9622370;346
9060;Vuelta;-34.8949600;-57.9628453;347
9060;Vuelta;-34.8948324;-57.9630035;348
9060;Vuelta;-34.8946652;-57.9628640;349
9060;Vuelta;-34.8942472;-57.9622900;350
9060;Vuelta;-34.8940316;-57.9620218;351
9060;Vuelta;-34.8938073;-57.9616678;352
9060;Vuelta;-34.8934157;-57.9606485;353
9060;Vuelta;-34.8933607;-57.9603589;354
9060;Vuelta;-34.8930175;-57.9596025;355
9060;Vuelta;-34.8927469;-57.9587817;356
9060;Vuelta;-34.8925489;-57.9579288;357
9060;Vuelta;-34.8924345;-57.9569846;358
9060;Vuelta;-34.8924037;-57.9564482;359
9060;Vuelta;-34.8923157;-57.9563195;360
9060;Vuelta;-34.8907451;-57.9564419;361
9060;Vuelta;-34.8896316;-57.9565287;362
9060;Vuelta;-34.8893060;-57.9564536;363
9060;Vuelta;-34.8891520;-57.9562336;364
9060;Vuelta;-34.8890068;-57.9560834;365
9060;Vuelta;-34.8889804;-57.9558742;366
9060;Vuelta;-34.8887735;-57.9554290;367
9060;Vuelta;-34.8885029;-57.9549730;368
9060;Vuelta;-34.8882939;-57.9546672;369
9060;Vuelta;-34.8881993;-57.9545492;370
9060;Vuelta;-34.8872846;-57.9529879;371
9060;Vuelta;-34.8863700;-57.9514266;372
9060;Vuelta;-34.8854553;-57.9498653;373
9060;Vuelta;-34.8845406;-57.9483040;374
9060;Vuelta;-34.8837791;-57.9470041;375
9060;Vuelta;-34.8837791;-57.9470041;376
9432;Ida;-34.7179331;-58.2120037;0
9432;Ida;-34.7179860;-58.2118642;1
9432;Ida;-34.7179464;-58.2117408;2
9432;Ida;-34.7178582;-58.2116979;3
9432;Ida;-34.7177788;-58.2117944;4
9432;Ida;-34.7177171;-58.2122451;5
9432;Ida;-34.7176818;-58.2123148;6
9432;Ida;-34.7173820;-58.2127547;7
9432;Ida;-34.7168616;-58.2135808;8
9432;Ida;-34.7162443;-58.2145947;9
9432;Ida;-34.7156711;-58.2154583;10
9432;Ida;-34.7148862;-58.2166707;11
9432;Ida;-34.7139470;-58.2181352;12
9432;Ida;-34.7133384;-58.2190579;13
9432;Ida;-34.7127784;-58.2198733;14
9432;Ida;-34.7123815;-58.2205116;15
9432;Ida;-34.7119273;-58.2211875;16
9432;Ida;-34.7114202;-58.2219332;17
9432;Ida;-34.7108337;-58.2228344;18
9432;Ida;-34.7105515;-58.2232314;19
9432;Ida;-34.7103972;-58.2233548;20
9432;Ida;-34.7102252;-58.2236015;21
9432;Ida;-34.7097181;-58.2244223;22
9432;Ida;-34.7087391;-58.2258707;23
9432;Ida;-34.7081482;-58.2268363;24
9432;Ida;-34.7080423;-58.2270777;25
9432;Ida;-34.7078968;-58.2274907;26
9432;Ida;-34.7076807;-58.2282042;27
9432;Ida;-34.7073456;-58.2293683;28
9432;Ida;-34.7070942;-58.2302212;29
9432;Ida;-34.7069751;-58.2307416;30
9432;Ida;-34.7072309;-58.2308542;31
9432;Ida;-34.7072088;-58.2312726;32
9432;Ida;-34.7079922;-58.2326192;33
9432;Ida;-34.7089034;-58.2341802;34
9432;Ida;-34.7098146;-58.2357412;35
9432;Ida;-34.7107411;-58.2372915;36
9432;Ida;-34.7116495;-58.2388311;37
9432;Ida;-34.7125800;-58.2404297;38
9432;Ida;-34.7134928;-58.2419478;39
9432;Ida;-34.7144232;-58.2435303;40
9432;Ida;-34.7153316;-58.2450807;41
9432;Ida;-34.7162223;-58.2466042;42
9432;Ida;-34.7169939;-58.2478004;43
9432;Ida;-34.7175892;-58.2468831;44
9432;Ida;-34.7185548;-58.2484281;45
9432;Ida;-34.7194138;-58.2499581;46
9432;Ida;-34.7195558;-58.2502466;47
9432;Ida;-34.7202656;-58.2518291;48
9432;Ida;-34.7211210;-58.2534223;49
9432;Ida;-34.7219536;-58.2550450;50
9432;Ida;-34.7227877;-58.2566732;51
9432;Ida;-34.7234976;-58.2580626;52
9432;Ida;-34.7242780;-58.2595539;53
9432;Ida;-34.7228847;-58.2606428;54
9432;Ida;-34.7215090;-58.2616728;55
9432;Ida;-34.7202127;-58.2626760;56
9432;Ida;-34.7188767;-58.2636523;57
9432;Ida;-34.7182153;-58.2641834;58
9432;Ida;-34.7187797;-58.2653528;59
9432;Ida;-34.7191942;-58.2661467;60
9432;Ida;-34.7205028;-58.2651726;61
9432;Ida;-34.7208477;-58.2649076;62
9432;Ida;-34.7217207;-58.2666778;63
9432;Ida;-34.7226731;-58.2685768;64
9432;Ida;-34.7236431;-58.2705187;65
9432;Ida;-34.7212974;-58.2723426;66
9432;Ida;-34.7195425;-58.2735013;67
9432;Ida;-34.7175936;-58.2748317;68
9432;Ida;-34.7167470;-58.2753896;69
9432;Ida;-34.7148906;-58.2768326;70
9432;Ida;-34.7140484;-58.2773691;71
9432;Ida;-34.7133384;-58.2778948;72
9432;Ida;-34.7128842;-58.2769185;73
9432;Ida;-34.7124300;-58.2759422;74
9432;Ida;-34.7120199;-58.2752609;75
9432;Ida;-34.7118612;-58.2752341;76
9432;Ida;-34.7108734;-58.2774120;77
9432;Ida;-34.7102252;-58.2788550;78
9432;Ida;-34.7097533;-58.2800459;79
9432;Ida;-34.7091757;-58.2815533;80
9432;Ida;-34.7084921;-58.2833182;81
9432;Ida;-34.7077160;-58.2852226;82
9432;Ida;-34.7067061;-58.2874864;83
9432;Ida;-34.7055948;-58.2898145;84
9432;Ida;-34.7049730;-58.2910591;85
9432;Ida;-34.7043556;-58.2930225;86
9432;Ida;-34.7039719;-58.2943636;87
9432;Ida;-34.7038925;-58.2948839;88
9432;Ida;-34.7035176;-58.2963109;89
9432;Ida;-34.7030943;-58.2978665;90
9432;Ida;-34.7029179;-58.2982528;91
9432;Ida;-34.7027679;-58.2987570;92
9432;Ida;-34.7023578;-58.2999211;93
9432;Ida;-34.7017580;-58.3016109;94
9432;Ida;-34.7016124;-58.3019542;95
9432;Ida;-34.7012243;-58.3031237;96
9432;Ida;-34.7008759;-58.3040624;97
9432;Ida;-34.7004790;-58.3052104;98
9432;Ida;-34.7000247;-58.3065193;99
9432;Ida;-34.6994293;-58.3077156;100
9432;Ida;-34.6986884;-58.3091908;101
9432;Ida;-34.6980798;-58.3104354;102
9432;Ida;-34.6977931;-58.3113044;103
9432;Ida;-34.6975373;-58.3121412;104
9432;Ida;-34.6975990;-58.3123934;105
9432;Ida;-34.6993147;-58.3144319;106
9432;Ida;-34.7011009;-58.3165454;107
9432;Ida;-34.7020138;-58.3176344;108
9432;Ida;-34.7029311;-58.3186697;109
9432;Ida;-34.7016477;-58.3203274;110
9432;Ida;-34.7004173;-58.3218938;111
9432;Ida;-34.6988516;-58.3239054;112
9432;Ida;-34.6976608;-58.3254075;113
9432;Ida;-34.6969904;-58.3246672;114
9432;Ida;-34.6964611;-58.3254075;115
9432;Ida;-34.6972771;-58.3264321;116
9432;Ida;-34.6989089;-58.3284276;117
9432;Ida;-34.7000115;-58.3297526;118
9432;Ida;-34.7015551;-58.3316570;119
9432;Ida;-34.7029311;-58.3333092;120
9432;Ida;-34.7043071;-58.3350151;121
9432;Ida;-34.7032001;-58.3363938;122
9432;Ida;-34.7021196;-58.3377134;123
9432;Ida;-34.7007480;-58.3395320;124
9432;Ida;-34.6994470;-58.3412057;125
9432;Ida;-34.6980754;-58.3427828;126
9432;Ida;-34.6967478;-58.3444082;127
9432;Ida;-34.6954511;-58.3459693;128
9432;Ida;-34.6940529;-58.3476322;129
9432;Ida;-34.6933869;-58.3484262;130
9432;Ida;-34.6926768;-58.3492791;131
9432;Ida;-34.6915036;-58.3507061;132
9432;Ida;-34.6905596;-58.3518648;133
9432;Ida;-34.6898010;-58.3527392;134
9432;Ida;-34.6906523;-58.3537423;135
9432;Ida;-34.6895187;-58.3551102;136
9432;Ida;-34.6884204;-58.3563441;137
9432;Ida;-34.6875117;-58.3573687;138
9432;Ida;-34.6868104;-58.3582645;139
9432;Ida;-34.6859811;-58.3592730;140
9432;Ida;-34.6845475;-58.3610379;141
9432;Ida;-34.6834226;-58.3624219;142
9432;Ida;-34.6822757;-58.3637899;143
9432;Ida;-34.6795363;-58.3641707;144
9432;Ida;-34.6774673;-58.3644819;145
9432;Ida;-34.6758129;-58.3646911;146
9432;Ida;-34.6744056;-58.3631461;147
9432;Ida;-34.6738056;-58.3624166;148
9432;Ida;-34.6740483;-58.3623200;149
9432;Ida;-34.6743836;-58.3622503;150
9432;Ida;-34.6744541;-58.3621752;151
9432;Ida;-34.6744365;-58.3619070;152
9432;Ida;-34.6733777;-58.3620250;153
9432;Ida;-34.6731527;-58.3621966;154
9432;Ida;-34.6739997;-58.3631515;155
9432;Ida;-34.6752174;-58.3644980;156
9432;Ida;-34.6764791;-58.3658444;157
9432;Ida;-34.6776261;-58.3671319;158
9432;Ida;-34.6783628;-58.3680278;159
9432;Ida;-34.6783275;-58.3683925;160
9432;Ida;-34.6780319;-58.3689022;161
9432;Ida;-34.6767438;-58.3704257;162
9432;Ida;-34.6761217;-58.3711713;163
9432;Ida;-34.6758173;-58.3714073;164
9432;Ida;-34.6745953;-58.3727431;165
9432;Ida;-34.6736865;-58.3738428;166
9432;Ida;-34.6728571;-58.3748191;167
9432;Ida;-34.6722659;-58.3755594;168
9432;Ida;-34.6718821;-58.3763480;169
9432;Ida;-34.6717012;-58.3770829;170
9432;Ida;-34.6715380;-58.3777803;171
9432;Ida;-34.6715512;-58.3781129;172
9432;Ida;-34.6717012;-58.3784186;173
9432;Ida;-34.6721600;-58.3787405;174
9432;Ida;-34.6728836;-58.3792662;175
9432;Ida;-34.6733865;-58.3796149;176
9432;Ida;-34.6737439;-58.3799314;177
9432;Ida;-34.6739997;-58.3801406;178
9432;Ida;-34.6741409;-58.3802264;179
9432;Ida;-34.6741144;-58.3803123;180
9432;Ida;-34.6736247;-58.3809238;181
9432;Ida;-34.6729806;-58.3816695;182
9432;Ida;-34.6730645;-58.3818143;183
9432;Ida;-34.6744718;-58.3822005;184
9432;Ida;-34.6756982;-58.3825385;185
9432;Ida;-34.6768320;-58.3829784;186
9432;Ida;-34.6777055;-58.3833914;187
9432;Ida;-34.6785878;-58.3838313;188
9432;Ida;-34.6795495;-58.3842551;189
9432;Ida;-34.6803921;-58.3846521;190
9432;Ida;-34.6807053;-58.3847916;191
9432;Ida;-34.6807803;-58.3849740;192
9432;Ida;-34.6815522;-58.3858913;193
9432;Ida;-34.6811288;-58.3863741;194
9432;Ida;-34.6804671;-58.3871304;195
9432;Ida;-34.6799068;-58.3877635;196
9432;Ida;-34.6794348;-58.3883482;197
9432;Ida;-34.6786319;-58.3892709;198
9432;Ida;-34.6776393;-58.3903813;199
9432;Ida;-34.6768585;-58.3912771;200
9432;Ida;-34.6763467;-58.3919048;201
9432;Ida;-34.6754335;-58.3928757;202
9432;Ida;-34.6748512;-58.3935785;203
9432;Ida;-34.6744321;-58.3940505;204
9432;Ida;-34.6741718;-58.3941954;205
9432;Ida;-34.6739071;-58.3942705;206
9432;Ida;-34.6739247;-58.3946138;207
9432;Ida;-34.6731086;-58.3956331;208
9432;Ida;-34.6742336;-58.3969098;209
9432;Ida;-34.6753453;-58.3981382;210
9432;Ida;-34.6763467;-58.3995813;211
9432;Ida;-34.6772599;-58.4010297;212
9432;Ida;-34.6762188;-58.4024780;213
9432;Ida;-34.6751821;-58.4039211;214
9432;Ida;-34.6740924;-58.4053534;215
9432;Ida;-34.6730600;-58.4067749;216
9432;Ida;-34.6719836;-58.4082233;217
9432;Ida;-34.6710483;-58.4095215;218
9432;Ida;-34.6698835;-58.4110343;219
9432;Ida;-34.6688423;-58.4124344;220
9432;Ida;-34.6677658;-58.4138774;221
9432;Ida;-34.6666980;-58.4153687;222
9432;Ida;-34.6656612;-58.4167367;223
9432;Ida;-34.6649950;-58.4176540;224
9432;Ida;-34.6633070;-58.4173522;225
9432;Ida;-34.6617559;-58.4170289;226
9432;Ida;-34.6602047;-58.4167056;227
9432;Ida;-34.6599164;-58.4166455;228
9432;Ida;-34.6582573;-58.4164846;229
9432;Ida;-34.6566838;-58.4164452;230
9432;Ida;-34.6551104;-58.4164058;231
9432;Ida;-34.6535369;-58.4163664;232
9432;Ida;-34.6519634;-58.4163270;233
9432;Ida;-34.6502437;-58.4163236;234
9432;Ida;-34.6487786;-58.4161841;235
9432;Ida;-34.6483902;-58.4160768;236
9432;Ida;-34.6481519;-58.4159910;237
9432;Ida;-34.6479401;-58.4158784;238
9432;Ida;-34.6478210;-58.4160715;239
9432;Ida;-34.6478342;-58.4162914;240
9432;Ida;-34.6480372;-58.4162646;241
9432;Ida;-34.6483020;-58.4163665;242
9432;Ida;-34.6481960;-58.4166938;243
9432;Ida;-34.6476268;-58.4180992;244
9432;Ida;-34.6471016;-58.4192419;245
9432;Ida;-34.6457423;-58.4204006;246
9432;Ida;-34.6445375;-58.4214574;247
9432;Ida;-34.6434254;-58.4223854;248
9432;Ida;-34.6428760;-58.4227931;249
9432;Ida;-34.6412584;-58.4232062;250
9432;Ida;-34.6397313;-58.4235656;251
9432;Ida;-34.6381027;-58.4240216;252
9432;Ida;-34.6364123;-58.4244561;253
9432;Ida;-34.6350793;-58.4247672;254
9432;Ida;-34.6334639;-58.4251856;255
9432;Ida;-34.6316321;-58.4256792;256
9432;Ida;-34.6303300;-58.4259474;257
9432;Ida;-34.6285423;-58.4263283;258
9432;Ida;-34.6270414;-58.4267038;259
9432;Ida;-34.6256156;-58.4270364;260
9432;Ida;-34.6239823;-58.4273850;261
9432;Ida;-34.6223313;-58.4277069;262
9432;Ida;-34.6210467;-58.4279590;263
9432;Ida;-34.6196208;-58.4282165;264
9432;Ida;-34.6181427;-58.4285377;265
9432;Ida;-34.6165968;-58.4288968;266
9432;Ida;-34.6151775;-58.4292264;267
9432;Ida;-34.6151168;-58.4294021;268
9432;Ida;-34.6158330;-58.4310489;269
9432;Ida;-34.6166100;-58.4327441;270
9432;Ida;-34.6174930;-58.4345948;271
9432;Ida;-34.6182390;-58.4364080;272
9432;Ida;-34.6188880;-58.4378081;273
9432;Ida;-34.6195502;-58.4393692;274
9432;Ida;-34.6204154;-58.4411609;275
9432;Ida;-34.6211747;-58.4430384;276
9432;Ida;-34.6218811;-58.4446477;277
9432;Ida;-34.6226050;-58.4464126;278
9432;Ida;-34.6232981;-58.4481346;279
9432;Ida;-34.6239559;-58.4498244;280
9432;Ida;-34.6246621;-58.4515839;281
9432;Ida;-34.6253684;-58.4534883;282
9432;Ida;-34.6259732;-58.4550225;283
9432;Ida;-34.6266309;-58.4567070;284
9432;Ida;-34.6273372;-58.4583860;285
9432;Ida;-34.6280170;-58.4600973;286
9432;Ida;-34.6285643;-58.4617495;287
9432;Ida;-34.6288027;-58.4627580;288
9432;Ida;-34.6293324;-58.4645926;289
9432;Ida;-34.6298135;-58.4663200;290
9432;Ida;-34.6302946;-58.4682673;291
9432;Ida;-34.6307669;-58.4700268;292
9432;Ida;-34.6312701;-58.4718829;293
9432;Ida;-34.6317469;-58.4736692;294
9432;Ida;-34.6322589;-58.4755575;295
9432;Ida;-34.6327091;-58.4774190;296
9432;Ida;-34.6331593;-58.4791892;297
9432;Ida;-34.6336095;-58.4809970;298
9432;Ida;-34.6339361;-58.4823542;299
9432;Ida;-34.6332255;-58.4832769;300
9432;Ida;-34.6327753;-58.4835935;301
9432;Ida;-34.6312991;-58.4842563;302
9432;Ida;-34.6298228;-58.4849192;303
9432;Ida;-34.6282995;-58.4856641;304
9432;Ida;-34.6268207;-58.4863078;305
9432;Ida;-34.6262425;-58.4865707;306
9432;Ida;-34.6262601;-58.4868335;307
9432;Ida;-34.6268075;-58.4881800;308
9432;Ida;-34.6270812;-58.4888237;309
9432;Ida;-34.6270282;-58.4891188;310
9432;Ida;-34.6259344;-58.4904939;311
9432;Ida;-34.6248407;-58.4918690;312
9432;Ida;-34.6237469;-58.4932441;313
9432;Ida;-34.6226531;-58.4946192;314
9432;Ida;-34.6215593;-58.4959943;315
9432;Ida;-34.6204655;-58.4973694;316
9432;Ida;-34.6193717;-58.4987444;317
9432;Ida;-34.6182780;-58.5001195;318
9432;Ida;-34.6180846;-58.5003626;319
9432;Ida;-34.6173208;-58.5012531;320
9432;Ida;-34.6159964;-58.5022401;321
9432;Ida;-34.6146410;-58.5032486;322
9432;Ida;-34.6133872;-58.5043805;323
9432;Ida;-34.6121245;-58.5055232;324
9432;Ida;-34.6108770;-58.5066486;325
9432;Ida;-34.6095838;-58.5077385;326
9432;Ida;-34.6082878;-58.5088491;327
9432;Ida;-34.6070029;-58.5099595;328
9432;Ida;-34.6059742;-58.5108500;329
9432;Ida;-34.6055635;-58.5111826;330
9432;Ida;-34.6055768;-58.5114026;331
9432;Ida;-34.6064973;-58.5128860;332
9432;Ida;-34.6074533;-58.5144656;333
9432;Ida;-34.6083540;-58.5159623;334
9432;Ida;-34.6093518;-58.5174858;335
9432;Ida;-34.6102348;-58.5189986;336
9432;Ida;-34.6111797;-58.5205113;337
9432;Ida;-34.6120980;-58.5220670;338
9432;Ida;-34.6130649;-58.5236495;339
9432;Ida;-34.6140053;-58.5251355;340
9432;Ida;-34.6150913;-58.5265731;341
9432;Ida;-34.6161774;-58.5279464;342
9432;Ida;-34.6172281;-58.5293519;343
9432;Ida;-34.6179080;-58.5302424;344
9432;Ida;-34.6179852;-58.5304436;345
9432;Ida;-34.6180360;-58.5310686;346
9432;Ida;-34.6182060;-58.5313073;347
9432;Ida;-34.6197781;-58.5312180;348
9432;Ida;-34.6213502;-58.5311288;349
9432;Ida;-34.6226007;-58.5310578;350
9432;Ida;-34.6237474;-58.5323678;351
9432;Ida;-34.6247593;-58.5335630;352
9432;Ida;-34.6260408;-58.5349877;353
9432;Ida;-34.6272401;-58.5363579;354
9432;Ida;-34.6273990;-58.5363579;355
9432;Ida;-34.6280920;-58.5354298;356
9432;Ida;-34.6287144;-58.5346198;357
9432;Vuelta;-34.6285026;-58.5344160;0
9432;Vuelta;-34.6282289;-58.5341424;1
9432;Vuelta;-34.6271563;-58.5355420;2
9432;Vuelta;-34.6268517;-58.5359395;3
9432;Vuelta;-34.6262601;-58.5367387;4
9432;Vuelta;-34.6251632;-58.5355137;5
9432;Vuelta;-34.6240144;-58.5342065;6
9432;Vuelta;-34.6228656;-58.5328993;7
9432;Vuelta;-34.6224682;-58.5324472;8
9432;Vuelta;-34.6214176;-58.5338259;9
9432;Vuelta;-34.6202542;-58.5325379;10
9432;Vuelta;-34.6191838;-58.5313529;11
9432;Vuelta;-34.6191308;-58.5304409;12
9432;Vuelta;-34.6189763;-58.5303068;13
9432;Vuelta;-34.6180757;-58.5303551;14
9432;Vuelta;-34.6170073;-58.5290032;15
9432;Vuelta;-34.6158418;-58.5275495;16
9432;Vuelta;-34.6147734;-58.5261279;17
9432;Vuelta;-34.6139523;-58.5250657;18
9432;Vuelta;-34.6135462;-58.5244435;19
9432;Vuelta;-34.6126142;-58.5229026;20
9432;Vuelta;-34.6116822;-58.5213618;21
9432;Vuelta;-34.6107503;-58.5198209;22
9432;Vuelta;-34.6098183;-58.5182800;23
9432;Vuelta;-34.6088863;-58.5167392;24
9432;Vuelta;-34.6079544;-58.5151983;25
9432;Vuelta;-34.6070224;-58.5136575;26
9432;Vuelta;-34.6066807;-58.5130924;27
9432;Vuelta;-34.6064687;-58.5130923;28
9432;Vuelta;-34.6052598;-58.5142043;29
9432;Vuelta;-34.6051132;-58.5143423;30
9432;Vuelta;-34.6049586;-58.5142189;31
9432;Vuelta;-34.6042875;-58.5131192;32
9432;Vuelta;-34.6035325;-58.5119337;33
9432;Vuelta;-34.6035546;-58.5117728;34
9432;Vuelta;-34.6048041;-58.5106408;35
9432;Vuelta;-34.6050823;-58.5105497;36
9432;Vuelta;-34.6056916;-58.5116225;37
9432;Vuelta;-34.6063406;-58.5126578;38
9432;Vuelta;-34.6065305;-58.5127491;39
9432;Vuelta;-34.6077847;-58.5115940;40
9432;Vuelta;-34.6091399;-58.5103458;41
9432;Vuelta;-34.6105070;-58.5093984;42
9432;Vuelta;-34.6108972;-58.5091281;43
9432;Vuelta;-34.6121466;-58.5080230;44
9432;Vuelta;-34.6134357;-58.5067999;45
9432;Vuelta;-34.6146631;-58.5056251;46
9432;Vuelta;-34.6159434;-58.5044234;47
9432;Vuelta;-34.6171124;-58.5032637;48
9432;Vuelta;-34.6180095;-58.5024172;49
9432;Vuelta;-34.6191032;-58.5010420;50
9432;Vuelta;-34.6201969;-58.4996667;51
9432;Vuelta;-34.6212906;-58.4982915;52
9432;Vuelta;-34.6223843;-58.4969163;53
9432;Vuelta;-34.6234781;-58.4955410;54
9432;Vuelta;-34.6245718;-58.4941658;55
9432;Vuelta;-34.6256655;-58.4927905;56
9432;Vuelta;-34.6267592;-58.4914152;57
9432;Vuelta;-34.6278530;-58.4900400;58
9432;Vuelta;-34.6284320;-58.4893119;59
9432;Vuelta;-34.6295312;-58.4879431;60
9432;Vuelta;-34.6306304;-58.4865743;61
9432;Vuelta;-34.6317115;-58.4851759;62
9432;Vuelta;-34.6328548;-58.4837597;63
9432;Vuelta;-34.6332697;-58.4832877;64
9432;Vuelta;-34.6340333;-58.4829605;65
9432;Vuelta;-34.6341083;-58.4828532;66
9432;Vuelta;-34.6336669;-58.4809648;67
9432;Vuelta;-34.6332255;-58.4791034;68
9432;Vuelta;-34.6327312;-58.4770810;69
9432;Vuelta;-34.6323251;-58.4753966;70
9432;Vuelta;-34.6318086;-58.4734117;71
9432;Vuelta;-34.6312569;-58.4715074;72
9432;Vuelta;-34.6307537;-58.4697264;73
9432;Vuelta;-34.6305021;-58.4685462;74
9432;Vuelta;-34.6300430;-58.4667974;75
9432;Vuelta;-34.6293809;-58.4644103;76
9432;Vuelta;-34.6288689;-58.4627205;77
9432;Vuelta;-34.6284098;-58.4611433;78
9432;Vuelta;-34.6276329;-58.4591370;79
9432;Vuelta;-34.6271165;-58.4578388;80
9432;Vuelta;-34.6264543;-58.4561491;81
9432;Vuelta;-34.6257525;-58.4543734;82
9432;Vuelta;-34.6250815;-58.4526407;83
9432;Vuelta;-34.6243664;-58.4508275;84
9432;Vuelta;-34.6237440;-58.4491699;85
9432;Vuelta;-34.6230553;-58.4474211;86
9432;Vuelta;-34.6224020;-58.4457528;87
9432;Vuelta;-34.6217486;-58.4440684;88
9432;Vuelta;-34.6212630;-58.4427917;89
9432;Vuelta;-34.6207403;-58.4409698;90
9432;Vuelta;-34.6203007;-58.4391063;91
9432;Vuelta;-34.6196870;-58.4371054;92
9432;Vuelta;-34.6192632;-58.4356409;93
9432;Vuelta;-34.6190558;-58.4345573;94
9432;Vuelta;-34.6188087;-58.4326686;95
9432;Vuelta;-34.6185615;-58.4307800;96
9432;Vuelta;-34.6183144;-58.4288913;97
9432;Vuelta;-34.6182921;-58.4287208;98
9432;Vuelta;-34.6183627;-58.4285653;99
9432;Vuelta;-34.6198901;-58.4282541;100
9432;Vuelta;-34.6214661;-58.4279483;101
9432;Vuelta;-34.6230553;-58.4276318;102
9432;Vuelta;-34.6245915;-58.4273314;103
9432;Vuelta;-34.6262160;-58.4269666;104
9432;Vuelta;-34.6276992;-58.4266072;105
9432;Vuelta;-34.6294118;-58.4262800;106
9432;Vuelta;-34.6309391;-58.4259474;107
9432;Vuelta;-34.6324487;-58.4255611;108
9432;Vuelta;-34.6338435;-58.4251642;109
9432;Vuelta;-34.6353971;-58.4247565;110
9432;Vuelta;-34.6368801;-58.4243756;111
9432;Vuelta;-34.6384558;-58.4239518;112
9432;Vuelta;-34.6400005;-58.4235924;113
9432;Vuelta;-34.6415493;-58.4231733;114
9432;Vuelta;-34.6427458;-58.4228951;115
9432;Vuelta;-34.6430061;-58.4227717;116
9432;Vuelta;-34.6442942;-58.4216724;117
9432;Vuelta;-34.6455822;-58.4205731;118
9432;Vuelta;-34.6468702;-58.4194739;119
9432;Vuelta;-34.6471546;-58.4192312;120
9432;Vuelta;-34.6474988;-58.4185070;121
9432;Vuelta;-34.6481889;-58.4167876;122
9432;Vuelta;-34.6482976;-58.4165168;123
9432;Vuelta;-34.6484256;-58.4164497;124
9432;Vuelta;-34.6486793;-58.4164014;125
9432;Vuelta;-34.6502613;-58.4163987;126
9432;Vuelta;-34.6518279;-58.4164094;127
9432;Vuelta;-34.6533945;-58.4164416;128
9432;Vuelta;-34.6550272;-58.4164845;129
9432;Vuelta;-34.6566025;-58.4165114;130
9432;Vuelta;-34.6581208;-58.4165972;131
9432;Vuelta;-34.6588971;-58.4166133;132
9432;Vuelta;-34.6604194;-58.4168225;133
9432;Vuelta;-34.6613725;-58.4170532;134
9432;Vuelta;-34.6624138;-58.4173053;135
9432;Vuelta;-34.6634110;-58.4174716;136
9432;Vuelta;-34.6647743;-58.4176862;137
9432;Vuelta;-34.6649619;-58.4177506;138
9432;Vuelta;-34.6650920;-58.4175145;139
9432;Vuelta;-34.6652355;-58.4173349;140
9432;Vuelta;-34.6662879;-58.4159120;141
9432;Vuelta;-34.6673403;-58.4144892;142
9432;Vuelta;-34.6683927;-58.4130663;143
9432;Vuelta;-34.6694451;-58.4116435;144
9432;Vuelta;-34.6704976;-58.4102206;145
9432;Vuelta;-34.6715500;-58.4087978;146
9432;Vuelta;-34.6726024;-58.4073749;147
9432;Vuelta;-34.6736548;-58.4059520;148
9432;Vuelta;-34.6747073;-58.4045292;149
9432;Vuelta;-34.6757597;-58.4031063;150
9432;Vuelta;-34.6768122;-58.4016834;151
9432;Vuelta;-34.6772600;-58.4010780;152
9432;Vuelta;-34.6772688;-58.4008365;153
9432;Vuelta;-34.6763114;-58.3992648;154
9432;Vuelta;-34.6754379;-58.3980095;155
9432;Vuelta;-34.6741056;-58.3965396;156
9432;Vuelta;-34.6729806;-58.3952683;157
9432;Vuelta;-34.6725306;-58.3947801;158
9432;Vuelta;-34.6723365;-58.3946460;159
9432;Vuelta;-34.6724556;-58.3944636;160
9432;Vuelta;-34.6730292;-58.3937394;161
9432;Vuelta;-34.6731306;-58.3937609;162
9432;Vuelta;-34.6733204;-58.3939970;163
9432;Vuelta;-34.6735939;-58.3942383;164
9432;Vuelta;-34.6739424;-58.3943080;165
9432;Vuelta;-34.6743306;-58.3941847;166
9432;Vuelta;-34.6746682;-58.3938709;167
9432;Vuelta;-34.6754887;-58.3928731;168
9432;Vuelta;-34.6763733;-58.3918995;169
9432;Vuelta;-34.6767791;-58.3913684;170
9432;Vuelta;-34.6774099;-58.3906871;171
9432;Vuelta;-34.6783923;-58.3895674;172
9432;Vuelta;-34.6795098;-58.3882570;173
9432;Vuelta;-34.6807759;-58.3867657;174
9432;Vuelta;-34.6816184;-58.3857947;175
9432;Vuelta;-34.6819736;-58.3853978;176
9432;Vuelta;-34.6820419;-58.3852207;177
9432;Vuelta;-34.6818787;-58.3851134;178
9432;Vuelta;-34.6806435;-58.3845931;179
9432;Vuelta;-34.6797480;-58.3841961;180
9432;Vuelta;-34.6780408;-58.3834290;181
9432;Vuelta;-34.6769291;-58.3829194;182
9432;Vuelta;-34.6757071;-58.3824688;183
9432;Vuelta;-34.6745821;-58.3821415;184
9432;Vuelta;-34.6751644;-58.3814549;185
9432;Vuelta;-34.6757335;-58.3807897;186
9432;Vuelta;-34.6741453;-58.3801996;187
9432;Vuelta;-34.6729939;-58.3792930;188
9432;Vuelta;-34.6721733;-58.3787083;189
9432;Vuelta;-34.6717189;-58.3784079;190
9432;Vuelta;-34.6715424;-58.3780753;191
9432;Vuelta;-34.6716086;-58.3774638;192
9432;Vuelta;-34.6718380;-58.3765089;193
9432;Vuelta;-34.6721645;-58.3757364;194
9432;Vuelta;-34.6732145;-58.3744812;195
9432;Vuelta;-34.6744409;-58.3729791;196
9432;Vuelta;-34.6757556;-58.3715307;197
9432;Vuelta;-34.6761526;-58.3712357;198
9432;Vuelta;-34.6768276;-58.3704686;199
9432;Vuelta;-34.6778908;-58.3691006;200
9432;Vuelta;-34.6786937;-58.3681190;201
9432;Vuelta;-34.6772158;-58.3664882;202
9432;Vuelta;-34.6756762;-58.3647608;203
9432;Vuelta;-34.6777893;-58.3644336;204
9432;Vuelta;-34.6796024;-58.3641868;205
9432;Vuelta;-34.6823022;-58.3637845;206
9432;Vuelta;-34.6840667;-58.3616709;207
9432;Vuelta;-34.6853282;-58.3601313;208
9432;Vuelta;-34.6874985;-58.3574008;209
9432;Vuelta;-34.6882880;-58.3564996;210
9432;Vuelta;-34.6889276;-58.3558237;211
9432;Vuelta;-34.6907361;-58.3536994;212
9432;Vuelta;-34.6921652;-58.3520150;213
9432;Vuelta;-34.6936207;-58.3502876;214
9432;Vuelta;-34.6956143;-58.3479487;215
9432;Vuelta;-34.6966375;-58.3467149;216
9432;Vuelta;-34.6982606;-58.3447837;217
9432;Vuelta;-34.6997866;-58.3429491;218
9432;Vuelta;-34.7023710;-58.3398538;219
9432;Vuelta;-34.7036940;-58.3379280;220
9432;Vuelta;-34.7043997;-58.3369410;221
9432;Vuelta;-34.7051538;-58.3360022;222
9432;Vuelta;-34.7037955;-58.3343392;223
9432;Vuelta;-34.7025386;-58.3328157;224
9432;Vuelta;-34.7007480;-58.3306646;225
9432;Vuelta;-34.6989707;-58.3284544;226
9432;Vuelta;-34.6971712;-58.3262658;227
9432;Vuelta;-34.6983753;-58.3247476;228
9432;Vuelta;-34.6998748;-58.3229291;229
9432;Vuelta;-34.7015860;-58.3207297;230
9432;Vuelta;-34.7030854;-58.3188790;231
9432;Vuelta;-34.7041395;-58.3200913;232
9432;Vuelta;-34.7051670;-58.3187770;233
9432;Vuelta;-34.7042750;-58.3178086;234
9432;Vuelta;-34.7024768;-58.3156871;235
9432;Vuelta;-34.7008362;-58.3137935;236
9432;Vuelta;-34.6980842;-58.3105373;237
9432;Vuelta;-34.6991074;-58.3084076;238
9432;Vuelta;-34.7000247;-58.3066266;239
9432;Vuelta;-34.7004128;-58.3055806;240
9432;Vuelta;-34.7008715;-58.3042716;241
9432;Vuelta;-34.7014140;-58.3027482;242
9432;Vuelta;-34.7021770;-58.3004790;243
9432;Vuelta;-34.7028693;-58.2985532;244
9432;Vuelta;-34.7031295;-58.2979685;245
9432;Vuelta;-34.7033986;-58.2970726;246
9432;Vuelta;-34.7036544;-58.2961338;247
9432;Vuelta;-34.7039939;-58.2947874;248
9432;Vuelta;-34.7040469;-58.2942992;249
9432;Vuelta;-34.7043864;-58.2930600;250
9432;Vuelta;-34.7049465;-58.2912147;251
9432;Vuelta;-34.7057800;-58.2894551;252
9432;Vuelta;-34.7066223;-58.2877117;253
9432;Vuelta;-34.7077116;-58.2851797;254
9432;Vuelta;-34.7088273;-58.2826423;255
9432;Vuelta;-34.7097489;-58.2802283;256
9432;Vuelta;-34.7102825;-58.2788389;257
9432;Vuelta;-34.7108205;-58.2776534;258
9432;Vuelta;-34.7119935;-58.2752394;259
9432;Vuelta;-34.7125138;-58.2762211;260
9432;Vuelta;-34.7133605;-58.2779645;261
9432;Vuelta;-34.7160944;-58.2759153;262
9432;Vuelta;-34.7175186;-58.2749176;263
9432;Vuelta;-34.7184226;-58.2743006;264
9432;Vuelta;-34.7202392;-58.2730829;265
9432;Vuelta;-34.7219764;-58.2717847;266
9432;Vuelta;-34.7236916;-58.2705509;267
9432;Vuelta;-34.7231581;-58.2695746;268
9432;Vuelta;-34.7223732;-58.2679545;269
9432;Vuelta;-34.7217251;-58.2666832;270
9432;Vuelta;-34.7213062;-58.2658088;271
9432;Vuelta;-34.7205303;-58.2663453;272
9432;Vuelta;-34.7204332;-58.2663131;273
9432;Vuelta;-34.7196098;-58.2646814;274
9432;Vuelta;-34.7190796;-58.2636309;275
9432;Vuelta;-34.7191149;-58.2635128;276
9432;Vuelta;-34.7204558;-58.2625104;277
9432;Vuelta;-34.7217956;-58.2614582;278
9432;Vuelta;-34.7228450;-58.2606804;279
9432;Vuelta;-34.7242604;-58.2596183;280
9432;Vuelta;-34.7243530;-58.2596290;281
9432;Vuelta;-34.7246968;-58.2602834;282
9432;Vuelta;-34.7248115;-58.2603693;283
9432;Vuelta;-34.7253803;-58.2599321;284
9432;Vuelta;-34.7253846;-58.2597684;285
9432;Vuelta;-34.7246571;-58.2582235;286
9432;Vuelta;-34.7237577;-58.2564532;287
9432;Vuelta;-34.7229288;-58.2548567;288
9432;Vuelta;-34.7221043;-58.2532257;289
9432;Vuelta;-34.7212798;-58.2515948;290
9432;Vuelta;-34.7204554;-58.2499638;291
9432;Vuelta;-34.7196309;-58.2483328;292
9432;Vuelta;-34.7193265;-58.2477307;293
9432;Vuelta;-34.7185196;-58.2464486;294
9432;Vuelta;-34.7182462;-58.2459176;295
9432;Vuelta;-34.7180875;-58.2459658;296
9432;Vuelta;-34.7175319;-58.2469528;297
9432;Vuelta;-34.7170822;-58.2476234;298
9432;Vuelta;-34.7169719;-58.2476074;299
9432;Vuelta;-34.7160238;-58.2461106;300
9432;Vuelta;-34.7150802;-58.2445442;301
9432;Vuelta;-34.7141498;-58.2429027;302
9432;Vuelta;-34.7132370;-58.2414221;303
9432;Vuelta;-34.7123463;-58.2399201;304
9432;Vuelta;-34.7114296;-58.2383069;305
9432;Vuelta;-34.7105058;-58.2367569;306
9432;Vuelta;-34.7095593;-58.2352316;307
9432;Vuelta;-34.7085671;-58.2335150;308
9432;Vuelta;-34.7076939;-58.2320398;309
9432;Vuelta;-34.7071427;-58.2310152;310
9432;Vuelta;-34.7071118;-58.2308596;311
9432;Vuelta;-34.7076152;-58.2290569;312
9432;Vuelta;-34.7081526;-58.2272279;313
9432;Vuelta;-34.7090919;-58.2256454;314
9432;Vuelta;-34.7102825;-58.2238322;315
9432;Vuelta;-34.7105251;-58.2233279;316
9432;Vuelta;-34.7110057;-58.2226252;317
9432;Vuelta;-34.7120067;-58.2211178;318
9432;Vuelta;-34.7129592;-58.2196265;319
9432;Vuelta;-34.7139646;-58.2180869;320
9432;Vuelta;-34.7149612;-58.2165849;321
9432;Vuelta;-34.7158827;-58.2151848;322
9432;Vuelta;-34.7168969;-58.2136076;323
9432;Vuelta;-34.7174614;-58.2127011;324
9432;Vuelta;-34.7180081;-58.2119071;325
9432;Vuelta;-34.7179905;-58.2117623;326
9432;Vuelta;-34.7178692;-58.2116899;327
9433;Ida;-34.7178758;-58.2121324;0
9433;Ida;-34.7180213;-58.2117730;1
9433;Ida;-34.7178758;-58.2116657;2
9433;Ida;-34.7177656;-58.2117944;3
9433;Ida;-34.7176818;-58.2122075;4
9433;Ida;-34.7173908;-58.2127600;5
9433;Ida;-34.7168484;-58.2136076;6
9433;Ida;-34.7162311;-58.2145947;7
9433;Ida;-34.7156534;-58.2154583;8
9433;Ida;-34.7150361;-58.2164293;9
9433;Ida;-34.7145599;-58.2171911;10
9433;Ida;-34.7139646;-58.2181406;11
9433;Ida;-34.7133384;-58.2190847;12
9433;Ida;-34.7127520;-58.2199323;13
9433;Ida;-34.7121919;-58.2208389;14
9433;Ida;-34.7115569;-58.2217186;15
9433;Ida;-34.7108999;-58.2227325;16
9433;Ida;-34.7105295;-58.2232528;17
9433;Ida;-34.7104457;-58.2232958;18
9433;Ida;-34.7102561;-58.2235479;19
9433;Ida;-34.7093609;-58.2249212;20
9433;Ida;-34.7088493;-58.2256722;21
9433;Ida;-34.7083246;-58.2264822;22
9433;Ida;-34.7080423;-58.2270401;23
9433;Ida;-34.7078571;-58.2275658;24
9433;Ida;-34.7075396;-58.2286494;25
9433;Ida;-34.7071118;-58.2300603;26
9433;Ida;-34.7069795;-58.2307738;27
9433;Ida;-34.7071956;-58.2309079;28
9433;Ida;-34.7071471;-58.2311654;29
9433;Ida;-34.7079922;-58.2326192;30
9433;Ida;-34.7089034;-58.2341802;31
9433;Ida;-34.7098146;-58.2357412;32
9433;Ida;-34.7107940;-58.2373774;33
9433;Ida;-34.7117906;-58.2390296;34
9433;Ida;-34.7125932;-58.2403922;35
9433;Ida;-34.7135280;-58.2419908;36
9433;Ida;-34.7144541;-58.2435142;37
9433;Ida;-34.7153624;-58.2450914;38
9433;Ida;-34.7161297;-58.2464486;39
9433;Ida;-34.7169851;-58.2478058;40
9433;Ida;-34.7175583;-58.2468831;41
9433;Ida;-34.7185504;-58.2484388;42
9433;Ida;-34.7194984;-58.2501071;43
9433;Ida;-34.7199482;-58.2511585;44
9433;Ida;-34.7203935;-58.2521188;45
9433;Ida;-34.7211166;-58.2534277;46
9433;Ida;-34.7219536;-58.2550450;47
9433;Ida;-34.7227789;-58.2566785;48
9433;Ida;-34.7235505;-58.2581484;49
9433;Ida;-34.7243000;-58.2595700;50
9433;Ida;-34.7228450;-58.2606589;51
9433;Ida;-34.7215796;-58.2616192;52
9433;Ida;-34.7203494;-58.2625579;53
9433;Ida;-34.7189517;-58.2635772;54
9433;Ida;-34.7181977;-58.2642048;55
9433;Ida;-34.7187444;-58.2652831;56
9433;Ida;-34.7191986;-58.2661575;57
9433;Ida;-34.7205028;-58.2651726;58
9433;Ida;-34.7208477;-58.2649076;59
9433;Ida;-34.7216549;-58.2665515;60
9433;Ida;-34.7224702;-58.2681852;61
9433;Ida;-34.7232947;-58.2698482;62
9433;Ida;-34.7240399;-58.2713663;63
9433;Ida;-34.7247938;-58.2730561;64
9433;Ida;-34.7255345;-58.2746064;65
9433;Ida;-34.7265221;-58.2764089;66
9433;Ida;-34.7273290;-58.2779538;67
9433;Ida;-34.7281887;-58.2796597;68
9433;Ida;-34.7290396;-58.2812744;69
9433;Ida;-34.7298464;-58.2827979;70
9433;Ida;-34.7307458;-58.2846969;71
9433;Ida;-34.7314776;-58.2863008;72
9433;Ida;-34.7322535;-58.2879102;73
9433;Ida;-34.7329942;-58.2895034;74
9433;Ida;-34.7337921;-58.2911556;75
9433;Ida;-34.7346121;-58.2928079;76
9433;Ida;-34.7353042;-58.2941651;77
9433;Ida;-34.7356569;-58.2948571;78
9433;Ida;-34.7342187;-58.2958730;79
9433;Ida;-34.7328555;-58.2968299;80
9433;Ida;-34.7314732;-58.2978290;81
9433;Ida;-34.7301065;-58.2987731;82
9433;Ida;-34.7287662;-58.2997226;83
9433;Ida;-34.7274083;-58.3006829;84
9433;Ida;-34.7262135;-58.3015036;85
9433;Ida;-34.7254772;-58.3020776;86
9433;Ida;-34.7238436;-58.3025423;87
9433;Ida;-34.7223157;-58.3030017;88
9433;Ida;-34.7207879;-58.3034610;89
9433;Ida;-34.7192736;-58.3039283;90
9433;Ida;-34.7176906;-58.3044219;91
9433;Ida;-34.7162972;-58.3048295;92
9433;Ida;-34.7150626;-58.3061063;93
9433;Ida;-34.7138852;-58.3073347;94
9433;Ida;-34.7126461;-58.3085578;95
9433;Ida;-34.7115790;-58.3096414;96
9433;Ida;-34.7112263;-58.3099473;97
9433;Ida;-34.7108911;-58.3098989;98
9433;Ida;-34.7105031;-58.3094645;99
9433;Ida;-34.7101590;-58.3096200;100
9433;Ida;-34.7095417;-58.3109933;101
9433;Ida;-34.7090830;-58.3120554;102
9433;Ida;-34.7078527;-58.3133000;103
9433;Ida;-34.7066797;-58.3145016;104
9433;Ida;-34.7054581;-58.3157569;105
9433;Ida;-34.7048186;-58.3164221;106
9433;Ida;-34.7038925;-58.3152848;107
9433;Ida;-34.7027783;-58.3166202;108
9433;Ida;-34.7019830;-58.3176237;109
9433;Ida;-34.7030766;-58.3188199;110
9433;Ida;-34.7040777;-58.3175754;111
9433;Ida;-34.7052420;-58.3189004;112
9433;Ida;-34.7063665;-58.3202147;113
9433;Ida;-34.7074999;-58.3215558;114
9433;Ida;-34.7086244;-58.3228915;115
9433;Ida;-34.7097666;-58.3242166;116
9433;Ida;-34.7109175;-58.3255523;117
9433;Ida;-34.7114599;-58.3261853;118
9433;Ida;-34.7103398;-58.3275908;119
9433;Ida;-34.7092330;-58.3289641;120
9433;Ida;-34.7081129;-58.3303266;121
9433;Ida;-34.7070192;-58.3316677;122
9433;Ida;-34.7059432;-58.3329874;123
9433;Ida;-34.7047878;-58.3344089;124
9433;Ida;-34.7038881;-58.3354872;125
9433;Ida;-34.7035353;-58.3359593;126
9433;Ida;-34.7045761;-58.3371502;127
9433;Ida;-34.7057359;-58.3384913;128
9433;Ida;-34.7069222;-58.3398377;129
9433;Ida;-34.7086024;-58.3418279;130
9433;Ida;-34.7092109;-58.3425414;131
9433;Ida;-34.7102825;-58.3437430;132
9433;Ida;-34.7114555;-58.3451002;133
9433;Ida;-34.7125888;-58.3463877;134
9433;Ida;-34.7136162;-58.3476161;135
9433;Ida;-34.7141718;-58.3482491;136
9433;Ida;-34.7130298;-58.3495849;137
9433;Ida;-34.7118215;-58.3509689;138
9433;Ida;-34.7106737;-58.3522528;139
9433;Ida;-34.7095505;-58.3535653;140
9433;Ida;-34.7083887;-58.3548860;141
9433;Ida;-34.7072794;-58.3562153;142
9433;Ida;-34.7061284;-58.3575618;143
9433;Ida;-34.7050435;-58.3588171;144
9433;Ida;-34.7043115;-58.3596754;145
9433;Ida;-34.7044614;-58.3600294;146
9433;Ida;-34.7044746;-58.3601796;147
9433;Ida;-34.7037337;-58.3618479;148
9433;Ida;-34.7033589;-58.3626151;149
9433;Ida;-34.7023754;-58.3638381;150
9433;Ida;-34.7012540;-58.3652054;151
9433;Ida;-34.6999718;-58.3667081;152
9433;Ida;-34.6991912;-58.3677864;153
9433;Ida;-34.6987987;-58.3683818;154
9433;Ida;-34.6982253;-58.3693045;155
9433;Ida;-34.6970110;-58.3707597;156
9433;Ida;-34.6958040;-58.3721584;157
9433;Ida;-34.6947234;-58.3734512;158
9433;Ida;-34.6935590;-58.3747923;159
9433;Ida;-34.6924298;-58.3761173;160
9433;Ida;-34.6912566;-58.3774691;161
9433;Ida;-34.6901891;-58.3787834;162
9433;Ida;-34.6891658;-58.3801352;163
9433;Ida;-34.6880543;-58.3815515;164
9433;Ida;-34.6869868;-58.3829247;165
9433;Ida;-34.6859458;-58.3843302;166
9433;Ida;-34.6846225;-58.3861595;167
9433;Ida;-34.6843578;-58.3861863;168
9433;Ida;-34.6829242;-58.3855962;169
9433;Ida;-34.6820595;-58.3852636;170
9433;Ida;-34.6808729;-58.3866852;171
9433;Ida;-34.6797348;-58.3879673;172
9433;Ida;-34.6789628;-58.3889114;173
9433;Ida;-34.6774452;-58.3906066;174
9433;Ida;-34.6763335;-58.3919048;175
9433;Ida;-34.6751865;-58.3931708;176
9433;Ida;-34.6744850;-58.3940720;177
9433;Ida;-34.6739336;-58.3942973;178
9433;Ida;-34.6739468;-58.3946299;179
9433;Ida;-34.6731086;-58.3956599;180
9433;Ida;-34.6742380;-58.3969151;181
9433;Ida;-34.6753188;-58.3981329;182
9433;Ida;-34.6763291;-58.3996134;183
9433;Ida;-34.6772511;-58.4010350;184
9433;Ida;-34.6761967;-58.4024995;185
9433;Ida;-34.6751733;-58.4038943;186
9433;Ida;-34.6740924;-58.4054017;187
9433;Ida;-34.6730556;-58.4067857;188
9433;Ida;-34.6719792;-58.4082180;189
9433;Ida;-34.6708938;-58.4097093;190
9433;Ida;-34.6698835;-58.4110236;191
9433;Ida;-34.6688379;-58.4124451;192
9433;Ida;-34.6677790;-58.4138667;193
9433;Ida;-34.6667113;-58.4153312;194
9433;Ida;-34.6658024;-58.4165543;195
9433;Ida;-34.6651185;-58.4174823;196
9433;Ida;-34.6649199;-58.4176486;197
9433;Ida;-34.6631506;-58.4173750;198
9433;Ida;-34.6617559;-58.4170289;199
9433;Ida;-34.6602047;-58.4167056;200
9433;Ida;-34.6599164;-58.4166455;201
9433;Ida;-34.6582573;-58.4164846;202
9433;Ida;-34.6566838;-58.4164452;203
9433;Ida;-34.6551104;-58.4164058;204
9433;Ida;-34.6535369;-58.4163664;205
9433;Ida;-34.6519634;-58.4163270;206
9433;Ida;-34.6503899;-58.4162877;207
9433;Ida;-34.6488164;-58.4162483;208
9433;Ida;-34.6484476;-58.4160768;209
9433;Ida;-34.6480901;-58.4159052;210
9433;Ida;-34.6478894;-58.4159428;211
9433;Ida;-34.6478210;-58.4160715;212
9433;Ida;-34.6478828;-58.4162566;213
9433;Ida;-34.6480725;-58.4162753;214
9433;Ida;-34.6482667;-58.4164577;215
9433;Ida;-34.6477062;-58.4178900;216
9433;Ida;-34.6471457;-58.4192204;217
9433;Ida;-34.6458218;-58.4203308;218
9433;Ida;-34.6445287;-58.4214305;219
9433;Ida;-34.6433415;-58.4224390;220
9433;Ida;-34.6428760;-58.4227931;221
9433;Ida;-34.6413301;-58.4231522;222
9433;Ida;-34.6397710;-58.4235870;223
9433;Ida;-34.6381115;-58.4239894;224
9433;Ida;-34.6364034;-58.4244883;225
9433;Ida;-34.6349602;-58.4248423;226
9433;Ida;-34.6334550;-58.4252232;227
9433;Ida;-34.6316144;-58.4256845;228
9433;Ida;-34.6303300;-58.4259474;229
9433;Ida;-34.6285334;-58.4263283;230
9433;Ida;-34.6271386;-58.4266769;231
9433;Ida;-34.6257481;-58.4269881;232
9433;Ida;-34.6239823;-58.4273850;233
9433;Ida;-34.6224108;-58.4277015;234
9433;Ida;-34.6211571;-58.4279590;235
9433;Ida;-34.6196385;-58.4282541;236
9433;Ida;-34.6181427;-58.4285377;237
9433;Ida;-34.6165968;-58.4288968;238
9433;Ida;-34.6151775;-58.4292264;239
9433;Ida;-34.6151168;-58.4294021;240
9433;Ida;-34.6158374;-58.4311079;241
9433;Ida;-34.6165923;-58.4327012;242
9433;Ida;-34.6175106;-58.4346216;243
9433;Ida;-34.6182126;-58.4363812;244
9433;Ida;-34.6188792;-58.4378457;245
9433;Ida;-34.6195634;-58.4393906;246
9433;Ida;-34.6204154;-58.4413111;247
9433;Ida;-34.6211615;-58.4430277;248
9433;Ida;-34.6218634;-58.4446370;249
9433;Ida;-34.6225565;-58.4463804;250
9433;Ida;-34.6232451;-58.4480488;251
9433;Ida;-34.6239117;-58.4497869;252
9433;Ida;-34.6246048;-58.4515035;253
9433;Ida;-34.6252757;-58.4532362;254
9433;Ida;-34.6259600;-58.4550011;255
9433;Ida;-34.6265824;-58.4565889;256
9433;Ida;-34.6273372;-58.4584236;257
9433;Ida;-34.6279905;-58.4600436;258
9433;Ida;-34.6285511;-58.4617441;259
9433;Ida;-34.6288468;-58.4628385;260
9433;Ida;-34.6293765;-58.4645819;261
9433;Ida;-34.6298268;-58.4663361;262
9433;Ida;-34.6303079;-58.4681922;263
9433;Ida;-34.6307537;-58.4700483;264
9433;Ida;-34.6312746;-58.4718292;265
9433;Ida;-34.6317689;-58.4736746;266
9433;Ida;-34.6322500;-58.4754931;267
9433;Ida;-34.6327091;-58.4773117;268
9433;Ida;-34.6331549;-58.4791249;269
9433;Ida;-34.6335875;-58.4809488;270
9433;Ida;-34.6339361;-58.4823703;271
9433;Ida;-34.6332388;-58.4832608;272
9433;Ida;-34.6327753;-58.4835935;273
9433;Ida;-34.6312991;-58.4842563;274
9433;Ida;-34.6298228;-58.4849192;275
9433;Ida;-34.6283216;-58.4856158;276
9433;Ida;-34.6268516;-58.4862649;277
9433;Ida;-34.6262204;-58.4865760;278
9433;Ida;-34.6262380;-58.4868121;279
9433;Ida;-34.6267413;-58.4880566;280
9433;Ida;-34.6270900;-58.4888774;281
9433;Ida;-34.6270768;-58.4890383;282
9433;Ida;-34.6259379;-58.4904545;283
9433;Ida;-34.6248299;-58.4918332;284
9433;Ida;-34.6237469;-58.4932441;285
9433;Ida;-34.6226713;-58.4945690;286
9433;Ida;-34.6215544;-58.4959638;287
9433;Ida;-34.6204655;-58.4973694;288
9433;Ida;-34.6193717;-58.4987444;289
9433;Ida;-34.6182780;-58.5001195;290
9433;Ida;-34.6180846;-58.5003626;291
9433;Ida;-34.6173429;-58.5011995;292
9433;Ida;-34.6152105;-58.5028356;293
9433;Ida;-34.6146410;-58.5032486;294
9433;Ida;-34.6133872;-58.5043805;295
9433;Ida;-34.6121510;-58.5054749;296
9433;Ida;-34.6108883;-58.5066175;297
9433;Ida;-34.6095838;-58.5077385;298
9433;Ida;-34.6082906;-58.5088283;299
9433;Ida;-34.6070338;-58.5099327;300
9433;Ida;-34.6057755;-58.5110110;301
9433;Ida;-34.6055415;-58.5111826;302
9433;Ida;-34.6055547;-58.5114347;303
9433;Ida;-34.6065128;-58.5129207;304
9433;Ida;-34.6074224;-58.5143959;305
9433;Ida;-34.6083805;-58.5159248;306
9433;Ida;-34.6093518;-58.5174858;307
9433;Ida;-34.6102348;-58.5189986;308
9433;Ida;-34.6111797;-58.5205113;309
9433;Ida;-34.6120980;-58.5220670;310
9433;Ida;-34.6130472;-58.5236656;311
9433;Ida;-34.6140053;-58.5251355;312
9433;Ida;-34.6150913;-58.5265731;313
9433;Ida;-34.6161774;-58.5279464;314
9433;Ida;-34.6172104;-58.5293626;315
9433;Ida;-34.6179080;-58.5302424;316
9433;Ida;-34.6179852;-58.5304436;317
9433;Ida;-34.6180360;-58.5310686;318
9433;Ida;-34.6181993;-58.5312724;319
9433;Ida;-34.6197781;-58.5312180;320
9433;Ida;-34.6213502;-58.5311288;321
9433;Ida;-34.6226007;-58.5310578;322
9433;Ida;-34.6238631;-58.5325652;323
9433;Ida;-34.6248829;-58.5336971;324
9433;Ida;-34.6260408;-58.5349877;325
9433;Ida;-34.6272401;-58.5363579;326
9433;Ida;-34.6273990;-58.5363579;327
9433;Ida;-34.6280699;-58.5354459;328
9433;Ida;-34.6287144;-58.5346198;329
9433;Vuelta;-34.6285026;-58.5344160;0
9433;Vuelta;-34.6282244;-58.5341745;1
9433;Vuelta;-34.6272092;-58.5355103;2
9433;Vuelta;-34.6268560;-58.5359770;3
9433;Vuelta;-34.6262601;-58.5367494;4
9433;Vuelta;-34.6251477;-58.5354834;5
9433;Vuelta;-34.6240144;-58.5342065;6
9433;Vuelta;-34.6231127;-58.5331553;7
9433;Vuelta;-34.6224903;-58.5324633;8
9433;Vuelta;-34.6214396;-58.5338419;9
9433;Vuelta;-34.6202542;-58.5325379;10
9433;Vuelta;-34.6191838;-58.5313529;11
9433;Vuelta;-34.6191308;-58.5304409;12
9433;Vuelta;-34.6189763;-58.5303068;13
9433;Vuelta;-34.6180757;-58.5303551;14
9433;Vuelta;-34.6169720;-58.5289818;15
9433;Vuelta;-34.6158948;-58.5275870;16
9433;Vuelta;-34.6148132;-58.5261923;17
9433;Vuelta;-34.6139655;-58.5250926;18
9433;Vuelta;-34.6135462;-58.5244435;19
9433;Vuelta;-34.6126142;-58.5229026;20
9433;Vuelta;-34.6116822;-58.5213618;21
9433;Vuelta;-34.6107503;-58.5198209;22
9433;Vuelta;-34.6098183;-58.5182800;23
9433;Vuelta;-34.6088863;-58.5167392;24
9433;Vuelta;-34.6079544;-58.5151983;25
9433;Vuelta;-34.6072723;-58.5141330;26
9433;Vuelta;-34.6066674;-58.5131138;27
9433;Vuelta;-34.6064908;-58.5130709;28
9433;Vuelta;-34.6058020;-58.5137200;29
9433;Vuelta;-34.6051397;-58.5143101;30
9433;Vuelta;-34.6049984;-58.5142725;31
9433;Vuelta;-34.6041462;-58.5128724;32
9433;Vuelta;-34.6035589;-58.5119497;33
9433;Vuelta;-34.6035722;-58.5118103;34
9433;Vuelta;-34.6048968;-58.5105657;35
9433;Vuelta;-34.6050602;-58.5105872;36
9433;Vuelta;-34.6056033;-58.5114616;37
9433;Vuelta;-34.6063980;-58.5127276;38
9433;Vuelta;-34.6065526;-58.5127115;39
9433;Vuelta;-34.6077847;-58.5115940;40
9433;Vuelta;-34.6091399;-58.5103458;41
9433;Vuelta;-34.6105070;-58.5093984;42
9433;Vuelta;-34.6108972;-58.5091281;43
9433;Vuelta;-34.6121775;-58.5080122;44
9433;Vuelta;-34.6134004;-58.5068321;45
9433;Vuelta;-34.6146366;-58.5056465;46
9433;Vuelta;-34.6158683;-58.5044878;47
9433;Vuelta;-34.6171124;-58.5032637;48
9433;Vuelta;-34.6180095;-58.5024172;49
9433;Vuelta;-34.6191032;-58.5010420;50
9433;Vuelta;-34.6201969;-58.4996667;51
9433;Vuelta;-34.6212906;-58.4982915;52
9433;Vuelta;-34.6223843;-58.4969163;53
9433;Vuelta;-34.6234781;-58.4955410;54
9433;Vuelta;-34.6245718;-58.4941658;55
9433;Vuelta;-34.6256655;-58.4927905;56
9433;Vuelta;-34.6267592;-58.4914152;57
9433;Vuelta;-34.6278530;-58.4900400;58
9433;Vuelta;-34.6284320;-58.4893119;59
9433;Vuelta;-34.6295312;-58.4879431;60
9433;Vuelta;-34.6306434;-58.4865331;61
9433;Vuelta;-34.6317248;-58.4851545;62
9433;Vuelta;-34.6328289;-58.4838366;63
9433;Vuelta;-34.6332697;-58.4832877;64
9433;Vuelta;-34.6340333;-58.4829605;65
9433;Vuelta;-34.6341083;-58.4828532;66
9433;Vuelta;-34.6336448;-58.4810131;67
9433;Vuelta;-34.6332211;-58.4791839;68
9433;Vuelta;-34.6327532;-58.4772849;69
9433;Vuelta;-34.6323516;-58.4755307;70
9433;Vuelta;-34.6318042;-58.4735190;71
9433;Vuelta;-34.6312922;-58.4717702;72
9433;Vuelta;-34.6307846;-58.4698551;73
9433;Vuelta;-34.6303300;-58.4681117;74
9433;Vuelta;-34.6298621;-58.4661966;75
9433;Vuelta;-34.6293677;-58.4644371;76
9433;Vuelta;-34.6288821;-58.4627580;77
9433;Vuelta;-34.6283745;-58.4610199;78
9433;Vuelta;-34.6276462;-58.4590566;79
9433;Vuelta;-34.6271253;-58.4577584;80
9433;Vuelta;-34.6264279;-58.4561008;81
9433;Vuelta;-34.6257701;-58.4543788;82
9433;Vuelta;-34.6251168;-58.4526461;83
9433;Vuelta;-34.6244370;-58.4508866;84
9433;Vuelta;-34.6237528;-58.4491592;85
9433;Vuelta;-34.6230597;-58.4474211;86
9433;Vuelta;-34.6223976;-58.4457206;87
9433;Vuelta;-34.6217486;-58.4440791;88
9433;Vuelta;-34.6212189;-58.4427917;89
9433;Vuelta;-34.6207403;-58.4409698;90
9433;Vuelta;-34.6202874;-58.4391492;91
9433;Vuelta;-34.6197832;-58.4373261;92
9433;Vuelta;-34.6193471;-58.4358233;93
9433;Vuelta;-34.6190558;-58.4345573;94
9433;Vuelta;-34.6188087;-58.4326686;95
9433;Vuelta;-34.6185615;-58.4307800;96
9433;Vuelta;-34.6183144;-58.4288913;97
9433;Vuelta;-34.6182921;-58.4287208;98
9433;Vuelta;-34.6183627;-58.4285653;99
9433;Vuelta;-34.6199343;-58.4282433;100
9433;Vuelta;-34.6214352;-58.4279859;101
9433;Vuelta;-34.6230465;-58.4276640;102
9433;Vuelta;-34.6246224;-58.4273421;103
9433;Vuelta;-34.6260306;-58.4270256;104
9433;Vuelta;-34.6275844;-58.4266662;105
9433;Vuelta;-34.6294118;-58.4262800;106
9433;Vuelta;-34.6310274;-58.4259152;107
9433;Vuelta;-34.6323825;-58.4255719;108
9433;Vuelta;-34.6338435;-58.4251642;109
9433;Vuelta;-34.6353971;-58.4247565;110
9433;Vuelta;-34.6369066;-58.4243863;111
9433;Vuelta;-34.6385750;-58.4239250;112
9433;Vuelta;-34.6399917;-58.4236031;113
9433;Vuelta;-34.6415493;-58.4231733;114
9433;Vuelta;-34.6427060;-58.4228628;115
9433;Vuelta;-34.6430061;-58.4227717;116
9433;Vuelta;-34.6442942;-58.4216724;117
9433;Vuelta;-34.6455822;-58.4205731;118
9433;Vuelta;-34.6468702;-58.4194739;119
9433;Vuelta;-34.6471546;-58.4192312;120
9433;Vuelta;-34.6474988;-58.4185070;121
9433;Vuelta;-34.6481889;-58.4167876;122
9433;Vuelta;-34.6482976;-58.4165168;123
9433;Vuelta;-34.6484256;-58.4164497;124
9433;Vuelta;-34.6486793;-58.4164014;125
9433;Vuelta;-34.6502529;-58.4164341;126
9433;Vuelta;-34.6518265;-58.4164667;127
9433;Vuelta;-34.6534001;-58.4164993;128
9433;Vuelta;-34.6549737;-58.4165320;129
9433;Vuelta;-34.6565472;-58.4165646;130
9433;Vuelta;-34.6581208;-58.4165972;131
9433;Vuelta;-34.6588971;-58.4166133;132
9433;Vuelta;-34.6604544;-58.4168901;133
9433;Vuelta;-34.6613725;-58.4170532;134
9433;Vuelta;-34.6626697;-58.4174395;135
9433;Vuelta;-34.6633404;-58.4175038;136
9433;Vuelta;-34.6648053;-58.4177774;137
9433;Vuelta;-34.6649619;-58.4177506;138
9433;Vuelta;-34.6650590;-58.4176379;139
9433;Vuelta;-34.6652355;-58.4173349;140
9433;Vuelta;-34.6662879;-58.4159120;141
9433;Vuelta;-34.6673403;-58.4144892;142
9433;Vuelta;-34.6683927;-58.4130663;143
9433;Vuelta;-34.6694451;-58.4116435;144
9433;Vuelta;-34.6704976;-58.4102206;145
9433;Vuelta;-34.6715500;-58.4087978;146
9433;Vuelta;-34.6726024;-58.4073749;147
9433;Vuelta;-34.6736548;-58.4059520;148
9433;Vuelta;-34.6747073;-58.4045292;149
9433;Vuelta;-34.6757597;-58.4031063;150
9433;Vuelta;-34.6768122;-58.4016834;151
9433;Vuelta;-34.6772600;-58.4010780;152
9433;Vuelta;-34.6773438;-58.4008687;153
9433;Vuelta;-34.6763287;-58.3993339;154
9433;Vuelta;-34.6754071;-58.3980202;155
9433;Vuelta;-34.6741674;-58.3966684;156
9433;Vuelta;-34.6730159;-58.3953648;157
9433;Vuelta;-34.6723850;-58.3946675;158
9433;Vuelta;-34.6724512;-58.3944475;159
9433;Vuelta;-34.6729806;-58.3937609;160
9433;Vuelta;-34.6731351;-58.3937287;161
9433;Vuelta;-34.6733204;-58.3939970;162
9433;Vuelta;-34.6736160;-58.3942115;163
9433;Vuelta;-34.6739513;-58.3942866;164
9433;Vuelta;-34.6743152;-58.3941659;165
9433;Vuelta;-34.6746682;-58.3938709;166
9433;Vuelta;-34.6754887;-58.3928731;167
9433;Vuelta;-34.6763733;-58.3918995;168
9433;Vuelta;-34.6767791;-58.3913684;169
9433;Vuelta;-34.6772556;-58.3908910;170
9433;Vuelta;-34.6783923;-58.3895674;171
9433;Vuelta;-34.6795291;-58.3882439;172
9433;Vuelta;-34.6806659;-58.3869203;173
9433;Vuelta;-34.6818027;-58.3855968;174
9433;Vuelta;-34.6819736;-58.3853978;175
9433;Vuelta;-34.6820794;-58.3853576;176
9433;Vuelta;-34.6831668;-58.3858699;177
9433;Vuelta;-34.6831756;-58.3860040;178
9433;Vuelta;-34.6833786;-58.3862481;179
9433;Vuelta;-34.6835870;-58.3864559;180
9433;Vuelta;-34.6839785;-58.3869079;181
9433;Vuelta;-34.6840843;-58.3869240;182
9433;Vuelta;-34.6846269;-58.3861756;183
9433;Vuelta;-34.6855929;-58.3848237;184
9433;Vuelta;-34.6866427;-58.3833968;185
9433;Vuelta;-34.6878822;-58.3817982;186
9433;Vuelta;-34.6889717;-58.3803981;187
9433;Vuelta;-34.6898363;-58.3792448;188
9433;Vuelta;-34.6912433;-58.3775335;189
9433;Vuelta;-34.6922754;-58.3763211;190
9433;Vuelta;-34.6933384;-58.3751142;191
9433;Vuelta;-34.6944984;-58.3737409;192
9433;Vuelta;-34.6956143;-58.3724319;193
9433;Vuelta;-34.6964744;-58.3713966;194
9433;Vuelta;-34.6972153;-58.3705490;195
9433;Vuelta;-34.6979607;-58.3696854;196
9433;Vuelta;-34.6983223;-58.3691811;197
9433;Vuelta;-34.6990501;-58.3680009;198
9433;Vuelta;-34.6996852;-58.3671105;199
9433;Vuelta;-34.7007961;-58.3657545;200
9433;Vuelta;-34.7019071;-58.3643986;201
9433;Vuelta;-34.7029135;-58.3632105;202
9433;Vuelta;-34.7035088;-58.3623790;203
9433;Vuelta;-34.7042432;-58.3607176;204
9433;Vuelta;-34.7045452;-58.3600884;205
9433;Vuelta;-34.7043600;-58.3596807;206
9433;Vuelta;-34.7049995;-58.3589190;207
9433;Vuelta;-34.7061410;-58.3576011;208
9433;Vuelta;-34.7072882;-58.3562207;209
9433;Vuelta;-34.7084127;-58.3549010;210
9433;Vuelta;-34.7095681;-58.3535814;211
9433;Vuelta;-34.7103928;-58.3526372;212
9433;Vuelta;-34.7115261;-58.3513230;213
9433;Vuelta;-34.7126726;-58.3500033;214
9433;Vuelta;-34.7137928;-58.3487604;215
9433;Vuelta;-34.7147451;-58.3476591;216
9433;Vuelta;-34.7147672;-58.3474231;217
9433;Vuelta;-34.7136162;-58.3461195;218
9433;Vuelta;-34.7124741;-58.3447891;219
9433;Vuelta;-34.7113232;-58.3434373;220
9433;Vuelta;-34.7102031;-58.3421283;221
9433;Vuelta;-34.7090919;-58.3408302;222
9433;Vuelta;-34.7079629;-58.3394408;223
9433;Vuelta;-34.7068075;-58.3380246;224
9433;Vuelta;-34.7057437;-58.3367420;225
9433;Vuelta;-34.7051141;-58.3359969;226
9433;Vuelta;-34.7062431;-58.3346557;227
9433;Vuelta;-34.7073941;-58.3332985;228
9433;Vuelta;-34.7084877;-58.3319360;229
9433;Vuelta;-34.7095769;-58.3306217;230
9433;Vuelta;-34.7107103;-58.3291947;231
9433;Vuelta;-34.7117730;-58.3278590;232
9433;Vuelta;-34.7122714;-58.3271992;233
9433;Vuelta;-34.7122493;-58.3270704;234
9433;Vuelta;-34.7111204;-58.3257508;235
9433;Vuelta;-34.7099772;-58.3244050;236
9433;Vuelta;-34.7088368;-58.3230858;237
9433;Vuelta;-34.7076963;-58.3217665;238
9433;Vuelta;-34.7065429;-58.3203542;239
9433;Vuelta;-34.7054757;-58.3191365;240
9433;Vuelta;-34.7042750;-58.3178086;241
9433;Vuelta;-34.7041616;-58.3176774;242
9433;Vuelta;-34.7041571;-58.3175003;243
9433;Vuelta;-34.7047437;-58.3167868;244
9433;Vuelta;-34.7059558;-58.3155004;245
9433;Vuelta;-34.7071636;-58.3142729;246
9433;Vuelta;-34.7083598;-58.3129996;247
9433;Vuelta;-34.7094403;-58.3119589;248
9433;Vuelta;-34.7095638;-58.3117765;249
9433;Vuelta;-34.7108011;-58.3105934;250
9433;Vuelta;-34.7115834;-58.3098453;251
9433;Vuelta;-34.7128269;-58.3086222;252
9433;Vuelta;-34.7138720;-58.3076083;253
9433;Vuelta;-34.7147583;-58.3066320;254
9433;Vuelta;-34.7156138;-58.3057308;255
9433;Vuelta;-34.7163325;-58.3050066;256
9433;Vuelta;-34.7165794;-58.3048886;257
9433;Vuelta;-34.7172364;-58.3046579;258
9433;Vuelta;-34.7186783;-58.3042234;259
9433;Vuelta;-34.7202855;-58.3037148;260
9433;Vuelta;-34.7218134;-58.3032553;261
9433;Vuelta;-34.7233412;-58.3027958;262
9433;Vuelta;-34.7248690;-58.3023363;263
9433;Vuelta;-34.7254199;-58.3021849;264
9433;Vuelta;-34.7262400;-58.3015090;265
9433;Vuelta;-34.7270468;-58.3009618;266
9433;Vuelta;-34.7283518;-58.3000445;267
9433;Vuelta;-34.7296965;-58.2990950;268
9433;Vuelta;-34.7310676;-58.2981294;269
9433;Vuelta;-34.7324343;-58.2971745;270
9433;Vuelta;-34.7337701;-58.2962411;271
9433;Vuelta;-34.7346606;-58.2956296;272
9433;Vuelta;-34.7347929;-58.2956672;273
9433;Vuelta;-34.7351808;-58.2964933;274
9433;Vuelta;-34.7352999;-58.2965147;275
9433;Vuelta;-34.7361375;-58.2959300;276
9433;Vuelta;-34.7360933;-58.2956939;277
9433;Vuelta;-34.7353348;-58.2941553;278
9433;Vuelta;-34.7345014;-58.2925309;279
9433;Vuelta;-34.7336246;-58.2907855;280
9433;Vuelta;-34.7328399;-58.2891225;281
9433;Vuelta;-34.7320639;-58.2874274;282
9433;Vuelta;-34.7312880;-58.2857644;283
9433;Vuelta;-34.7305033;-58.2841229;284
9433;Vuelta;-34.7297273;-58.2824653;285
9433;Vuelta;-34.7288412;-58.2808345;286
9433;Vuelta;-34.7279065;-58.2790213;287
9433;Vuelta;-34.7270909;-58.2774066;288
9433;Vuelta;-34.7260856;-58.2756042;289
9433;Vuelta;-34.7254993;-58.2744723;290
9433;Vuelta;-34.7247233;-58.2728254;291
9433;Vuelta;-34.7239561;-58.2711732;292
9433;Vuelta;-34.7236740;-58.2704920;293
9433;Vuelta;-34.7231713;-58.2695854;294
9433;Vuelta;-34.7223688;-58.2679277;295
9433;Vuelta;-34.7216545;-58.2665437;296
9433;Vuelta;-34.7212798;-58.2658088;297
9433;Vuelta;-34.7205303;-58.2663453;298
9433;Vuelta;-34.7204332;-58.2663131;299
9433;Vuelta;-34.7196098;-58.2646814;300
9433;Vuelta;-34.7190796;-58.2636309;301
9433;Vuelta;-34.7191149;-58.2635128;302
9433;Vuelta;-34.7204558;-58.2625104;303
9433;Vuelta;-34.7218000;-58.2614582;304
9433;Vuelta;-34.7228450;-58.2606965;305
9433;Vuelta;-34.7242604;-58.2596183;306
9433;Vuelta;-34.7243530;-58.2596290;307
9433;Vuelta;-34.7247057;-58.2603264;308
9433;Vuelta;-34.7248115;-58.2603693;309
9433;Vuelta;-34.7253803;-58.2599321;310
9433;Vuelta;-34.7253846;-58.2598006;311
9433;Vuelta;-34.7247056;-58.2582771;312
9433;Vuelta;-34.7237709;-58.2564747;313
9433;Vuelta;-34.7229288;-58.2548567;314
9433;Vuelta;-34.7221043;-58.2532257;315
9433;Vuelta;-34.7212798;-58.2515948;316
9433;Vuelta;-34.7204554;-58.2499638;317
9433;Vuelta;-34.7198027;-58.2487231;318
9433;Vuelta;-34.7193265;-58.2477307;319
9433;Vuelta;-34.7185196;-58.2464486;320
9433;Vuelta;-34.7182462;-58.2459176;321
9433;Vuelta;-34.7181227;-58.2459229;322
9433;Vuelta;-34.7174305;-58.2470870;323
9433;Vuelta;-34.7170822;-58.2476234;324
9433;Vuelta;-34.7169719;-58.2476074;325
9433;Vuelta;-34.7159930;-58.2460302;326
9433;Vuelta;-34.7150626;-58.2444530;327
9433;Vuelta;-34.7142007;-58.2429571;328
9433;Vuelta;-34.7132282;-58.2413631;329
9433;Vuelta;-34.7122889;-58.2397860;330
9433;Vuelta;-34.7114467;-58.2383215;331
9433;Vuelta;-34.7105058;-58.2367569;332
9433;Vuelta;-34.7095821;-58.2352069;333
9433;Vuelta;-34.7086773;-58.2336384;334
9433;Vuelta;-34.7077601;-58.2321095;335
9433;Vuelta;-34.7071427;-58.2310152;336
9433;Vuelta;-34.7071118;-58.2308596;337
9433;Vuelta;-34.7075749;-58.2291537;338
9433;Vuelta;-34.7081482;-58.2272064;339
9433;Vuelta;-34.7090654;-58.2256186;340
9433;Vuelta;-34.7102825;-58.2238322;341
9433;Vuelta;-34.7105251;-58.2233279;342
9433;Vuelta;-34.7110057;-58.2226252;343
9433;Vuelta;-34.7120067;-58.2211178;344
9433;Vuelta;-34.7128137;-58.2198840;345
9433;Vuelta;-34.7139866;-58.2181137;346
9433;Vuelta;-34.7149612;-58.2165956;347
9433;Vuelta;-34.7158827;-58.2151848;348
9433;Vuelta;-34.7168969;-58.2136076;349
9433;Vuelta;-34.7174614;-58.2127011;350
9433;Vuelta;-34.7180081;-58.2119071;351
9433;Vuelta;-34.7179905;-58.2117623;352
9433;Vuelta;-34.7178692;-58.2116899;353
9434;Ida;-34.7179067;-58.2120841;0
9434;Ida;-34.7180081;-58.2119178;1
9434;Ida;-34.7180081;-58.2117891;2
9434;Ida;-34.7179419;-58.2117033;3
9434;Ida;-34.7178317;-58.2116764;4
9434;Ida;-34.7177435;-58.2118749;5
9434;Ida;-34.7176818;-58.2122665;6
9434;Ida;-34.7173952;-58.2127332;7
9434;Ida;-34.7168660;-58.2135754;8
9434;Ida;-34.7162399;-58.2145893;9
9434;Ida;-34.7156402;-58.2154798;10
9434;Ida;-34.7144673;-58.2173091;11
9434;Ida;-34.7139514;-58.2181459;12
9434;Ida;-34.7133473;-58.2190793;13
9434;Ida;-34.7127740;-58.2199108;14
9434;Ida;-34.7121611;-58.2208496;15
9434;Ida;-34.7113100;-58.2221156;16
9434;Ida;-34.7105471;-58.2232689;17
9434;Ida;-34.7103663;-58.2233870;18
9434;Ida;-34.7098768;-58.2241594;19
9434;Ida;-34.7092153;-58.2251572;20
9434;Ida;-34.7085891;-58.2260853;21
9434;Ida;-34.7081482;-58.2267934;22
9434;Ida;-34.7079012;-58.2274371;23
9434;Ida;-34.7073323;-58.2293683;24
9434;Ida;-34.7071074;-58.2301568;25
9434;Ida;-34.7069928;-58.2308059;26
9434;Ida;-34.7072177;-58.2308596;27
9434;Ida;-34.7071824;-58.2312083;28
9434;Ida;-34.7079922;-58.2326192;29
9434;Ida;-34.7089034;-58.2341802;30
9434;Ida;-34.7098146;-58.2357412;31
9434;Ida;-34.7107455;-58.2372969;32
9434;Ida;-34.7116716;-58.2388150;33
9434;Ida;-34.7125800;-58.2403975;34
9434;Ida;-34.7135016;-58.2419371;35
9434;Ida;-34.7143967;-58.2434767;36
9434;Ida;-34.7152919;-58.2450217;37
9434;Ida;-34.7161958;-58.2465666;38
9434;Ida;-34.7169675;-58.2477629;39
9434;Ida;-34.7175627;-58.2468992;40
9434;Ida;-34.7185284;-58.2483744;41
9434;Ida;-34.7194808;-58.2500642;42
9434;Ida;-34.7198953;-58.2510781;43
9434;Ida;-34.7204156;-58.2521510;44
9434;Ida;-34.7211431;-58.2534599;45
9434;Ida;-34.7219536;-58.2550450;46
9434;Ida;-34.7227921;-58.2567000;47
9434;Ida;-34.7235593;-58.2582020;48
9434;Ida;-34.7242780;-58.2595700;49
9434;Ida;-34.7228715;-58.2606428;50
9434;Ida;-34.7215708;-58.2616138;51
9434;Ida;-34.7203715;-58.2625579;52
9434;Ida;-34.7190840;-58.2634967;53
9434;Ida;-34.7182021;-58.2641941;54
9434;Ida;-34.7187621;-58.2652777;55
9434;Ida;-34.7192118;-58.2661360;56
9434;Ida;-34.7201731;-58.2654333;57
9434;Ida;-34.7208653;-58.2649290;58
9434;Ida;-34.7216549;-58.2665515;59
9434;Ida;-34.7224835;-58.2681852;60
9434;Ida;-34.7236254;-58.2705026;61
9434;Ida;-34.7219500;-58.2717955;62
9434;Ida;-34.7193044;-58.2736945;63
9434;Ida;-34.7178758;-58.2746332;64
9434;Ida;-34.7167249;-58.2754004;65
9434;Ida;-34.7174790;-58.2769775;66
9434;Ida;-34.7182682;-58.2784366;67
9434;Ida;-34.7190487;-58.2800620;68
9434;Ida;-34.7208036;-58.2833075;69
9434;Ida;-34.7218750;-58.2854855;70
9434;Ida;-34.7229288;-58.2876098;71
9434;Ida;-34.7213635;-58.2886987;72
9434;Ida;-34.7204156;-58.2893800;73
9434;Ida;-34.7195381;-58.2899862;74
9434;Ida;-34.7189385;-58.2911181;75
9434;Ida;-34.7183917;-58.2922232;76
9434;Ida;-34.7178008;-58.2934463;77
9434;Ida;-34.7168616;-58.2952862;78
9434;Ida;-34.7159136;-58.2971692;79
9434;Ida;-34.7148686;-58.2992988;80
9434;Ida;-34.7142556;-58.3004844;81
9434;Ida;-34.7136427;-58.3017075;82
9434;Ida;-34.7130827;-58.3029359;83
9434;Ida;-34.7124741;-58.3042234;84
9434;Ida;-34.7119626;-58.3054518;85
9434;Ida;-34.7113894;-58.3067500;86
9434;Ida;-34.7108734;-58.3079463;87
9434;Ida;-34.7103487;-58.3091318;88
9434;Ida;-34.7099606;-58.3100169;89
9434;Ida;-34.7094843;-58.3111327;90
9434;Ida;-34.7090830;-58.3120018;91
9434;Ida;-34.7078439;-58.3133000;92
9434;Ida;-34.7066576;-58.3144962;93
9434;Ida;-34.7054493;-58.3157515;94
9434;Ida;-34.7048142;-58.3163899;95
9434;Ida;-34.7038837;-58.3152848;96
9434;Ida;-34.7027783;-58.3166202;97
9434;Ida;-34.7019830;-58.3176237;98
9434;Ida;-34.7030634;-58.3187878;99
9434;Ida;-34.7040910;-58.3176023;100
9434;Ida;-34.7052508;-58.3188951;101
9434;Ida;-34.7063886;-58.3202308;102
9434;Ida;-34.7075043;-58.3215504;103
9434;Ida;-34.7086288;-58.3228862;104
9434;Ida;-34.7097754;-58.3242058;105
9434;Ida;-34.7108249;-58.3254557;106
9434;Ida;-34.7114555;-58.3261907;107
9434;Ida;-34.7103443;-58.3275908;108
9434;Ida;-34.7092639;-58.3289480;109
9434;Ida;-34.7081305;-58.3303266;110
9434;Ida;-34.7067723;-58.3319950;111
9434;Ida;-34.7057668;-58.3332395;112
9434;Ida;-34.7045805;-58.3346879;113
9434;Ida;-34.7035397;-58.3359646;114
9434;Ida;-34.7021152;-58.3377242;115
9434;Ida;-34.7007392;-58.3395427;116
9434;Ida;-34.6988295;-58.3419191;117
9434;Ida;-34.6967654;-58.3443921;118
9434;Ida;-34.6947145;-58.3468329;119
9434;Ida;-34.6933869;-58.3484154;120
9434;Ida;-34.6921564;-58.3499068;121
9434;Ida;-34.6906920;-58.3516502;122
9434;Ida;-34.6898010;-58.3527499;123
9434;Ida;-34.6906920;-58.3537745;124
9434;Ida;-34.6921916;-58.3556091;125
9434;Ida;-34.6930076;-58.3565479;126
9434;Ida;-34.6937221;-58.3573043;127
9434;Ida;-34.6944852;-58.3580017;128
9434;Ida;-34.6952526;-58.3587419;129
9434;Ida;-34.6961656;-58.3595788;130
9434;Ida;-34.6970477;-58.3603513;131
9434;Ida;-34.6979342;-58.3612525;132
9434;Ida;-34.6988295;-58.3621323;133
9434;Ida;-34.6997204;-58.3631032;134
9434;Ida;-34.7005584;-58.3640044;135
9434;Ida;-34.7014316;-58.3649486;136
9434;Ida;-34.6999895;-58.3667242;137
9434;Ida;-34.6990697;-58.3679621;138
9434;Ida;-34.6986663;-58.3685857;139
9434;Ida;-34.6981988;-58.3693581;140
9434;Ida;-34.6970110;-58.3707597;141
9434;Ida;-34.6958084;-58.3721691;142
9434;Ida;-34.6947234;-58.3734512;143
9434;Ida;-34.6935590;-58.3747923;144
9434;Ida;-34.6924166;-58.3761334;145
9434;Ida;-34.6912477;-58.3774745;146
9434;Ida;-34.6901891;-58.3787834;147
9434;Ida;-34.6891658;-58.3801352;148
9434;Ida;-34.6880543;-58.3815300;149
9434;Ida;-34.6870221;-58.3828711;150
9434;Ida;-34.6859458;-58.3843302;151
9434;Ida;-34.6849136;-58.3857357;152
9434;Ida;-34.6844945;-58.3863794;153
9434;Ida;-34.6852533;-58.3866798;154
9434;Ida;-34.6862678;-58.3871358;155
9434;Ida;-34.6871809;-58.3875542;156
9434;Ida;-34.6881116;-58.3879405;157
9434;Ida;-34.6874235;-58.3888310;158
9434;Ida;-34.6860208;-58.3907139;159
9434;Ida;-34.6847151;-58.3925217;160
9434;Ida;-34.6839740;-58.3935570;161
9434;Ida;-34.6834447;-58.3942759;162
9434;Ida;-34.6828712;-58.3948016;163
9434;Ida;-34.6823816;-58.3952522;164
9434;Ida;-34.6812743;-58.3961695;165
9434;Ida;-34.6806567;-58.3966630;166
9434;Ida;-34.6791216;-58.3980846;167
9434;Ida;-34.6777231;-58.3992969;168
9434;Ida;-34.6766820;-58.4002035;169
9434;Ida;-34.6772467;-58.4010297;170
9434;Ida;-34.6761835;-58.4025371;171
9434;Ida;-34.6751468;-58.4039318;172
9434;Ida;-34.6740924;-58.4053641;173
9434;Ida;-34.6730556;-58.4067803;174
9434;Ida;-34.6719792;-58.4082180;175
9434;Ida;-34.6709512;-58.4096235;176
9434;Ida;-34.6698791;-58.4110289;177
9434;Ida;-34.6688070;-58.4124988;178
9434;Ida;-34.6677658;-58.4139204;179
9434;Ida;-34.6667598;-58.4152668;180
9434;Ida;-34.6657009;-58.4166830;181
9434;Ida;-34.6651008;-58.4175199;182
9434;Ida;-34.6649288;-58.4176647;183
9434;Ida;-34.6633070;-58.4173522;184
9434;Ida;-34.6617559;-58.4170289;185
9434;Ida;-34.6602047;-58.4167056;186
9434;Ida;-34.6599164;-58.4166455;187
9434;Ida;-34.6582573;-58.4164846;188
9434;Ida;-34.6566838;-58.4164452;189
9434;Ida;-34.6551104;-58.4164058;190
9434;Ida;-34.6535369;-58.4163664;191
9434;Ida;-34.6519634;-58.4163270;192
9434;Ida;-34.6503899;-58.4162877;193
9434;Ida;-34.6488164;-58.4162483;194
9434;Ida;-34.6484741;-58.4161359;195
9434;Ida;-34.6480637;-58.4159696;196
9434;Ida;-34.6478894;-58.4159428;197
9434;Ida;-34.6478210;-58.4160715;198
9434;Ida;-34.6478828;-58.4162566;199
9434;Ida;-34.6480284;-58.4162646;200
9434;Ida;-34.6483108;-58.4163933;201
9434;Ida;-34.6476444;-58.4180188;202
9434;Ida;-34.6471369;-58.4192043;203
9434;Ida;-34.6458394;-58.4203147;204
9434;Ida;-34.6445199;-58.4214413;205
9434;Ida;-34.6433415;-58.4224337;206
9434;Ida;-34.6428760;-58.4227931;207
9434;Ida;-34.6412805;-58.4231954;208
9434;Ida;-34.6397534;-58.4235924;209
9434;Ida;-34.6381513;-58.4240162;210
9434;Ida;-34.6364299;-58.4244775;211
9434;Ida;-34.6349999;-58.4248208;212
9434;Ida;-34.6334109;-58.4252285;213
9434;Ida;-34.6316277;-58.4256631;214
9434;Ida;-34.6303300;-58.4259474;215
9434;Ida;-34.6285643;-58.4263497;216
9434;Ida;-34.6270591;-58.4266769;217
9434;Ida;-34.6256642;-58.4270042;218
9434;Ida;-34.6239823;-58.4273850;219
9434;Ida;-34.6223446;-58.4277015;220
9434;Ida;-34.6211880;-58.4279108;221
9434;Ida;-34.6196959;-58.4282165;222
9434;Ida;-34.6181427;-58.4285377;223
9434;Ida;-34.6165968;-58.4288968;224
9434;Ida;-34.6151775;-58.4292264;225
9434;Ida;-34.6151168;-58.4294021;226
9434;Ida;-34.6158242;-58.4310221;227
9434;Ida;-34.6165835;-58.4326797;228
9434;Ida;-34.6174841;-58.4346055;229
9434;Ida;-34.6182567;-58.4364348;230
9434;Ida;-34.6189101;-58.4378993;231
9434;Ida;-34.6195811;-58.4393745;232
9434;Ida;-34.6204199;-58.4413164;233
9434;Ida;-34.6211703;-58.4430223;234
9434;Ida;-34.6218767;-58.4446316;235
9434;Ida;-34.6225786;-58.4463697;236
9434;Ida;-34.6232937;-58.4480488;237
9434;Ida;-34.6239647;-58.4498673;238
9434;Ida;-34.6246489;-58.4515357;239
9434;Ida;-34.6253155;-58.4533005;240
9434;Ida;-34.6259909;-58.4550601;241
9434;Ida;-34.6266000;-58.4566694;242
9434;Ida;-34.6273151;-58.4583538;243
9434;Ida;-34.6280081;-58.4600597;244
9434;Ida;-34.6284805;-58.4615457;245
9434;Ida;-34.6288424;-58.4628224;246
9434;Ida;-34.6293854;-58.4646087;247
9434;Ida;-34.6298577;-58.4663629;248
9434;Ida;-34.6303079;-58.4682190;249
9434;Ida;-34.6307802;-58.4700644;250
9434;Ida;-34.6312790;-58.4718936;251
9434;Ida;-34.6317513;-58.4736317;252
9434;Ida;-34.6322545;-58.4754878;253
9434;Ida;-34.6327223;-58.4773117;254
9434;Ida;-34.6331417;-58.4791088;255
9434;Ida;-34.6335963;-58.4809005;256
9434;Ida;-34.6339053;-58.4824026;257
9434;Ida;-34.6332167;-58.4832609;258
9434;Ida;-34.6327753;-58.4835935;259
9434;Ida;-34.6312991;-58.4842563;260
9434;Ida;-34.6298228;-58.4849192;261
9434;Ida;-34.6282995;-58.4856426;262
9434;Ida;-34.6268472;-58.4863132;263
9434;Ida;-34.6262292;-58.4865653;264
9434;Ida;-34.6262336;-58.4867960;265
9434;Ida;-34.6267457;-58.4880673;266
9434;Ida;-34.6270900;-58.4888774;267
9434;Ida;-34.6270503;-58.4890490;268
9434;Ida;-34.6259158;-58.4904706;269
9434;Ida;-34.6248343;-58.4918332;270
9434;Ida;-34.6237469;-58.4932441;271
9434;Ida;-34.6226580;-58.4945636;272
9434;Ida;-34.6214705;-58.4960389;273
9434;Ida;-34.6204817;-58.4973210;274
9434;Ida;-34.6193692;-58.4987050;275
9434;Ida;-34.6182780;-58.5001195;276
9434;Ida;-34.6180846;-58.5003626;277
9434;Ida;-34.6173429;-58.5011995;278
9434;Ida;-34.6160317;-58.5022026;279
9434;Ida;-34.6146410;-58.5032486;280
9434;Ida;-34.6133872;-58.5043805;281
9434;Ida;-34.6121245;-58.5055232;282
9434;Ida;-34.6108770;-58.5066486;283
9434;Ida;-34.6095838;-58.5077385;284
9434;Ida;-34.6082966;-58.5088384;285
9434;Ida;-34.6070029;-58.5099488;286
9434;Ida;-34.6059653;-58.5108554;287
9434;Ida;-34.6055547;-58.5111933;288
9434;Ida;-34.6055459;-58.5113811;289
9434;Ida;-34.6064973;-58.5128860;290
9434;Ida;-34.6074224;-58.5144013;291
9434;Ida;-34.6083716;-58.5159462;292
9434;Ida;-34.6093518;-58.5174858;293
9434;Ida;-34.6102348;-58.5189986;294
9434;Ida;-34.6111797;-58.5205113;295
9434;Ida;-34.6120980;-58.5220670;296
9434;Ida;-34.6130693;-58.5236656;297
9434;Ida;-34.6140053;-58.5251355;298
9434;Ida;-34.6150913;-58.5265731;299
9434;Ida;-34.6161774;-58.5279464;300
9434;Ida;-34.6172457;-58.5293626;301
9434;Ida;-34.6179080;-58.5302424;302
9434;Ida;-34.6179852;-58.5304436;303
9434;Ida;-34.6180360;-58.5310686;304
9434;Ida;-34.6181375;-58.5312777;305
9434;Ida;-34.6197444;-58.5311973;306
9434;Ida;-34.6213469;-58.5311061;307
9434;Ida;-34.6226007;-58.5310578;308
9434;Ida;-34.6237351;-58.5323935;309
9434;Ida;-34.6248873;-58.5337239;310
9434;Ida;-34.6260408;-58.5349877;311
9434;Ida;-34.6272754;-58.5363739;312
9434;Ida;-34.6273990;-58.5363579;313
9434;Ida;-34.6280744;-58.5354298;314
9434;Ida;-34.6287144;-58.5346198;315
9434;Vuelta;-34.6285026;-58.5344160;0
9434;Vuelta;-34.6282289;-58.5341424;1
9434;Vuelta;-34.6273372;-58.5353600;2
9434;Vuelta;-34.6268693;-58.5359609;3
9434;Vuelta;-34.6262601;-58.5367333;4
9434;Vuelta;-34.6251698;-58.5354888;5
9434;Vuelta;-34.6240144;-58.5342065;6
9434;Vuelta;-34.6231171;-58.5331445;7
9434;Vuelta;-34.6224770;-58.5324579;8
9434;Vuelta;-34.6214308;-58.5338312;9
9434;Vuelta;-34.6202742;-58.5325223;10
9434;Vuelta;-34.6191838;-58.5313529;11
9434;Vuelta;-34.6191308;-58.5304409;12
9434;Vuelta;-34.6189763;-58.5303068;13
9434;Vuelta;-34.6180757;-58.5303551;14
9434;Vuelta;-34.6169985;-58.5289925;15
9434;Vuelta;-34.6159169;-58.5276085;16
9434;Vuelta;-34.6148264;-58.5262030;17
9434;Vuelta;-34.6139170;-58.5250174;18
9434;Vuelta;-34.6132945;-58.5240250;19
9434;Vuelta;-34.6126142;-58.5229026;20
9434;Vuelta;-34.6116822;-58.5213618;21
9434;Vuelta;-34.6107503;-58.5198209;22
9434;Vuelta;-34.6098183;-58.5182800;23
9434;Vuelta;-34.6088863;-58.5167392;24
9434;Vuelta;-34.6079544;-58.5151983;25
9434;Vuelta;-34.6072060;-58.5140150;26
9434;Vuelta;-34.6066807;-58.5130924;27
9434;Vuelta;-34.6065040;-58.5130923;28
9434;Vuelta;-34.6057401;-58.5137844;29
9434;Vuelta;-34.6051132;-58.5143423;30
9434;Vuelta;-34.6049940;-58.5142994;31
9434;Vuelta;-34.6042831;-58.5130655;32
9434;Vuelta;-34.6035192;-58.5118907;33
9434;Vuelta;-34.6035810;-58.5117781;34
9434;Vuelta;-34.6048791;-58.5105764;35
9434;Vuelta;-34.6050734;-58.5105925;36
9434;Vuelta;-34.6056165;-58.5114991;37
9434;Vuelta;-34.6063804;-58.5126847;38
9434;Vuelta;-34.6065305;-58.5127491;39
9434;Vuelta;-34.6077847;-58.5115940;40
9434;Vuelta;-34.6091399;-58.5103458;41
9434;Vuelta;-34.6101686;-58.5096591;42
9434;Vuelta;-34.6109015;-58.5091549;43
9434;Vuelta;-34.6121510;-58.5080283;44
9434;Vuelta;-34.6133607;-58.5068750;45
9434;Vuelta;-34.6146322;-58.5056519;46
9434;Vuelta;-34.6158904;-58.5044717;47
9434;Vuelta;-34.6171124;-58.5032637;48
9434;Vuelta;-34.6180095;-58.5024172;49
9434;Vuelta;-34.6191032;-58.5010420;50
9434;Vuelta;-34.6202080;-58.4996920;51
9434;Vuelta;-34.6212906;-58.4982915;52
9434;Vuelta;-34.6223843;-58.4969163;53
9434;Vuelta;-34.6234781;-58.4955410;54
9434;Vuelta;-34.6245718;-58.4941658;55
9434;Vuelta;-34.6256655;-58.4927905;56
9434;Vuelta;-34.6267592;-58.4914152;57
9434;Vuelta;-34.6278530;-58.4900400;58
9434;Vuelta;-34.6284320;-58.4893119;59
9434;Vuelta;-34.6295531;-58.4879064;60
9434;Vuelta;-34.6306434;-58.4865278;61
9434;Vuelta;-34.6315747;-58.4853261;62
9434;Vuelta;-34.6328415;-58.4837812;63
9434;Vuelta;-34.6332873;-58.4833037;64
9434;Vuelta;-34.6340333;-58.4829605;65
9434;Vuelta;-34.6341083;-58.4828532;66
9434;Vuelta;-34.6336228;-58.4809863;67
9434;Vuelta;-34.6332034;-58.4791356;68
9434;Vuelta;-34.6327400;-58.4772527;69
9434;Vuelta;-34.6322986;-58.4753859;70
9434;Vuelta;-34.6317689;-58.4734332;71
9434;Vuelta;-34.6312569;-58.4715449;72
9434;Vuelta;-34.6307625;-58.4698390;73
9434;Vuelta;-34.6303300;-58.4680366;74
9434;Vuelta;-34.6296237;-58.4654402;75
9434;Vuelta;-34.6292662;-58.4640616;76
9434;Vuelta;-34.6288248;-58.4625434;77
9434;Vuelta;-34.6282289;-58.4606230;78
9434;Vuelta;-34.6276462;-58.4591424;79
9434;Vuelta;-34.6270635;-58.4577262;80
9434;Vuelta;-34.6263705;-58.4558647;81
9434;Vuelta;-34.6256642;-58.4540945;82
9434;Vuelta;-34.6249049;-58.4521311;83
9434;Vuelta;-34.6244017;-58.4508866;84
9434;Vuelta;-34.6237881;-58.4492290;85
9434;Vuelta;-34.6231171;-58.4474694;86
9434;Vuelta;-34.6224020;-58.4457206;87
9434;Vuelta;-34.6217133;-58.4439396;88
9434;Vuelta;-34.6212366;-58.4426254;89
9434;Vuelta;-34.6207403;-58.4409698;90
9434;Vuelta;-34.6202874;-58.4391009;91
9434;Vuelta;-34.6197488;-58.4373360;92
9434;Vuelta;-34.6193339;-58.4358072;93
9434;Vuelta;-34.6190558;-58.4345573;94
9434;Vuelta;-34.6188174;-58.4326368;95
9434;Vuelta;-34.6185615;-58.4307800;96
9434;Vuelta;-34.6183144;-58.4288913;97
9434;Vuelta;-34.6182921;-58.4287208;98
9434;Vuelta;-34.6183627;-58.4285653;99
9434;Vuelta;-34.6198725;-58.4282541;100
9434;Vuelta;-34.6214131;-58.4279751;101
9434;Vuelta;-34.6230553;-58.4276318;102
9434;Vuelta;-34.6245915;-58.4273314;103
9434;Vuelta;-34.6262160;-58.4269666;104
9434;Vuelta;-34.6276241;-58.4266394;105
9434;Vuelta;-34.6293765;-58.4262585;106
9434;Vuelta;-34.6308773;-58.4259366;107
9434;Vuelta;-34.6323869;-58.4255504;108
9434;Vuelta;-34.6336272;-58.4252393;109
9434;Vuelta;-34.6353971;-58.4247565;110
9434;Vuelta;-34.6368536;-58.4243917;111
9434;Vuelta;-34.6384470;-58.4239679;112
9434;Vuelta;-34.6399741;-58.4235978;113
9434;Vuelta;-34.6415493;-58.4231733;114
9434;Vuelta;-34.6427192;-58.4228789;115
9434;Vuelta;-34.6430061;-58.4227717;116
9434;Vuelta;-34.6442942;-58.4216724;117
9434;Vuelta;-34.6455822;-58.4205731;118
9434;Vuelta;-34.6468702;-58.4194739;119
9434;Vuelta;-34.6471546;-58.4192312;120
9434;Vuelta;-34.6474988;-58.4185070;121
9434;Vuelta;-34.6481889;-58.4167876;122
9434;Vuelta;-34.6482976;-58.4165168;123
9434;Vuelta;-34.6484256;-58.4164497;124
9434;Vuelta;-34.6486793;-58.4164014;125
9434;Vuelta;-34.6502529;-58.4164341;126
9434;Vuelta;-34.6518265;-58.4164667;127
9434;Vuelta;-34.6534001;-58.4164993;128
9434;Vuelta;-34.6549737;-58.4165320;129
9434;Vuelta;-34.6565472;-58.4165646;130
9434;Vuelta;-34.6581208;-58.4165972;131
9434;Vuelta;-34.6588971;-58.4166133;132
9434;Vuelta;-34.6604370;-58.4168386;133
9434;Vuelta;-34.6613769;-58.4170264;134
9434;Vuelta;-34.6626653;-58.4173429;135
9434;Vuelta;-34.6633360;-58.4174501;136
9434;Vuelta;-34.6646111;-58.4176915;137
9434;Vuelta;-34.6649619;-58.4177506;138
9434;Vuelta;-34.6650876;-58.4175199;139
9434;Vuelta;-34.6652355;-58.4173349;140
9434;Vuelta;-34.6662879;-58.4159120;141
9434;Vuelta;-34.6673403;-58.4144892;142
9434;Vuelta;-34.6683923;-58.4130889;143
9434;Vuelta;-34.6694451;-58.4116435;144
9434;Vuelta;-34.6704976;-58.4102206;145
9434;Vuelta;-34.6715500;-58.4087978;146
9434;Vuelta;-34.6726024;-58.4073749;147
9434;Vuelta;-34.6736556;-58.4059703;148
9434;Vuelta;-34.6747144;-58.4045380;149
9434;Vuelta;-34.6757644;-58.4031647;150
9434;Vuelta;-34.6768122;-58.4016834;151
9434;Vuelta;-34.6772600;-58.4010780;152
9434;Vuelta;-34.6774364;-58.4008795;153
9434;Vuelta;-34.6782966;-58.4001284;154
9434;Vuelta;-34.6790775;-58.3995008;155
9434;Vuelta;-34.6802244;-58.3984762;156
9434;Vuelta;-34.6813758;-58.3974623;157
9434;Vuelta;-34.6825139;-58.3965343;158
9434;Vuelta;-34.6830388;-58.3959978;159
9434;Vuelta;-34.6835417;-58.3956062;160
9434;Vuelta;-34.6841064;-58.3951127;161
9434;Vuelta;-34.6853415;-58.3934283;162
9434;Vuelta;-34.6866824;-58.3915668;163
9434;Vuelta;-34.6881292;-58.3895874;164
9434;Vuelta;-34.6887821;-58.3903384;165
9434;Vuelta;-34.6894172;-58.3894908;166
9434;Vuelta;-34.6900480;-58.3886003;167
9434;Vuelta;-34.6885086;-58.3879780;168
9434;Vuelta;-34.6876043;-58.3876079;169
9434;Vuelta;-34.6864045;-58.3870232;170
9434;Vuelta;-34.6852047;-58.3865296;171
9434;Vuelta;-34.6845386;-58.3862560;172
9434;Vuelta;-34.6848298;-58.3858591;173
9434;Vuelta;-34.6856635;-58.3847165;174
9434;Vuelta;-34.6867971;-58.3831876;175
9434;Vuelta;-34.6878072;-58.3818733;176
9434;Vuelta;-34.6890776;-58.3802533;177
9434;Vuelta;-34.6895275;-58.3796578;178
9434;Vuelta;-34.6899862;-58.3790731;179
9434;Vuelta;-34.6910448;-58.3777534;180
9434;Vuelta;-34.6922578;-58.3763533;181
9434;Vuelta;-34.6933340;-58.3750820;182
9434;Vuelta;-34.6944896;-58.3737570;183
9434;Vuelta;-34.6956011;-58.3724534;184
9434;Vuelta;-34.6964699;-58.3713966;185
9434;Vuelta;-34.6969728;-58.3708227;186
9434;Vuelta;-34.6975946;-58.3700823;187
9434;Vuelta;-34.6983135;-58.3692187;188
9434;Vuelta;-34.6988251;-58.3683657;189
9434;Vuelta;-34.6996543;-58.3671212;190
9434;Vuelta;-34.6987237;-58.3661395;191
9434;Vuelta;-34.6996146;-58.3651095;192
9434;Vuelta;-34.7005540;-58.3640098;193
9434;Vuelta;-34.6994293;-58.3627921;194
9434;Vuelta;-34.6984017;-58.3616602;195
9434;Vuelta;-34.6977446;-58.3610272;196
9434;Vuelta;-34.6959892;-58.3593696;197
9434;Vuelta;-34.6944896;-58.3580124;198
9434;Vuelta;-34.6937221;-58.3572614;199
9434;Vuelta;-34.6930076;-58.3565479;200
9434;Vuelta;-34.6922754;-58.3556574;201
9434;Vuelta;-34.6907008;-58.3537423;202
9434;Vuelta;-34.6920725;-58.3521169;203
9434;Vuelta;-34.6936119;-58.3502984;204
9434;Vuelta;-34.6949880;-58.3486729;205
9434;Vuelta;-34.6963641;-58.3470314;206
9434;Vuelta;-34.6976961;-58.3454382;207
9434;Vuelta;-34.6986399;-58.3443170;208
9434;Vuelta;-34.6997469;-58.3429759;209
9434;Vuelta;-34.7009333;-58.3415436;210
9434;Vuelta;-34.7016962;-58.3406853;211
9434;Vuelta;-34.7024195;-58.3397573;212
9434;Vuelta;-34.7036455;-58.3380031;213
9434;Vuelta;-34.7044349;-58.3368873;214
9434;Vuelta;-34.7051802;-58.3359700;215
9434;Vuelta;-34.7062475;-58.3346772;216
9434;Vuelta;-34.7072750;-58.3334273;217
9434;Vuelta;-34.7085098;-58.3319199;218
9434;Vuelta;-34.7097533;-58.3304178;219
9434;Vuelta;-34.7107720;-58.3291196;220
9434;Vuelta;-34.7117774;-58.3278536;221
9434;Vuelta;-34.7122714;-58.3271992;222
9434;Vuelta;-34.7122581;-58.3270865;223
9434;Vuelta;-34.7111071;-58.3257454;224
9434;Vuelta;-34.7099518;-58.3243882;225
9434;Vuelta;-34.7088368;-58.3230858;226
9434;Vuelta;-34.7076963;-58.3217665;227
9434;Vuelta;-34.7065429;-58.3203542;228
9434;Vuelta;-34.7054140;-58.3190828;229
9434;Vuelta;-34.7042750;-58.3178086;230
9434;Vuelta;-34.7041616;-58.3176774;231
9434;Vuelta;-34.7041439;-58.3175432;232
9434;Vuelta;-34.7047525;-58.3168083;233
9434;Vuelta;-34.7059558;-58.3155004;234
9434;Vuelta;-34.7071636;-58.3142729;235
9434;Vuelta;-34.7083598;-58.3130210;236
9434;Vuelta;-34.7093520;-58.3120232;237
9434;Vuelta;-34.7095638;-58.3117765;238
9434;Vuelta;-34.7109572;-58.3104193;239
9434;Vuelta;-34.7109528;-58.3099043;240
9434;Vuelta;-34.7105295;-58.3094108;241
9434;Vuelta;-34.7115966;-58.3069592;242
9434;Vuelta;-34.7126285;-58.3045399;243
9434;Vuelta;-34.7137662;-58.3019113;244
9434;Vuelta;-34.7149656;-58.2994759;245
9434;Vuelta;-34.7166456;-58.2960695;246
9434;Vuelta;-34.7179904;-58.2934570;247
9434;Vuelta;-34.7195602;-58.2901525;248
9434;Vuelta;-34.7210373;-58.2890421;249
9434;Vuelta;-34.7220293;-58.2883179;250
9434;Vuelta;-34.7230082;-58.2876527;251
9434;Vuelta;-34.7221704;-58.2860863;252
9434;Vuelta;-34.7213856;-58.2844877;253
9434;Vuelta;-34.7204552;-58.2826370;254
9434;Vuelta;-34.7193441;-58.2805931;255
9434;Vuelta;-34.7182550;-58.2783991;256
9434;Vuelta;-34.7172453;-58.2764840;257
9434;Vuelta;-34.7167911;-58.2754486;258
9434;Vuelta;-34.7176024;-58.2748854;259
9434;Vuelta;-34.7184667;-58.2742846;260
9434;Vuelta;-34.7202127;-58.2731205;261
9434;Vuelta;-34.7211254;-58.2724714;262
9434;Vuelta;-34.7222366;-58.2716345;263
9434;Vuelta;-34.7237004;-58.2705670;264
9434;Vuelta;-34.7231669;-58.2695746;265
9434;Vuelta;-34.7222674;-58.2677292;266
9434;Vuelta;-34.7215002;-58.2662111;267
9434;Vuelta;-34.7213150;-58.2657927;268
9434;Vuelta;-34.7205303;-58.2663453;269
9434;Vuelta;-34.7204332;-58.2663131;270
9434;Vuelta;-34.7196098;-58.2646814;271
9434;Vuelta;-34.7190796;-58.2636309;272
9434;Vuelta;-34.7191149;-58.2635128;273
9434;Vuelta;-34.7204558;-58.2625104;274
9434;Vuelta;-34.7217868;-58.2614743;275
9434;Vuelta;-34.7228318;-58.2606911;276
9434;Vuelta;-34.7242604;-58.2596183;277
9434;Vuelta;-34.7243530;-58.2596290;278
9434;Vuelta;-34.7247100;-58.2603156;279
9434;Vuelta;-34.7248203;-58.2603746;280
9434;Vuelta;-34.7253803;-58.2599321;281
9434;Vuelta;-34.7253890;-58.2598006;282
9434;Vuelta;-34.7246307;-58.2581269;283
9434;Vuelta;-34.7237577;-58.2564640;284
9434;Vuelta;-34.7229288;-58.2548567;285
9434;Vuelta;-34.7221043;-58.2532257;286
9434;Vuelta;-34.7212798;-58.2515948;287
9434;Vuelta;-34.7204554;-58.2499638;288
9434;Vuelta;-34.7198115;-58.2487392;289
9434;Vuelta;-34.7193265;-58.2477307;290
9434;Vuelta;-34.7185196;-58.2464486;291
9434;Vuelta;-34.7182462;-58.2459176;292
9434;Vuelta;-34.7181315;-58.2458961;293
9434;Vuelta;-34.7174084;-58.2471299;294
9434;Vuelta;-34.7170822;-58.2476234;295
9434;Vuelta;-34.7169719;-58.2476074;296
9434;Vuelta;-34.7160106;-58.2460892;297
9434;Vuelta;-34.7150758;-58.2445335;298
9434;Vuelta;-34.7141630;-58.2428973;299
9434;Vuelta;-34.7132547;-58.2414221;300
9434;Vuelta;-34.7123242;-58.2398504;301
9434;Vuelta;-34.7114296;-58.2383069;302
9434;Vuelta;-34.7105058;-58.2367569;303
9434;Vuelta;-34.7095064;-58.2351082;304
9434;Vuelta;-34.7086332;-58.2336008;305
9434;Vuelta;-34.7077557;-58.2320934;306
9434;Vuelta;-34.7071427;-58.2310152;307
9434;Vuelta;-34.7071030;-58.2308113;308
9434;Vuelta;-34.7075969;-58.2289659;309
9434;Vuelta;-34.7081437;-58.2271903;310
9434;Vuelta;-34.7084348;-58.2266110;311
9434;Vuelta;-34.7104060;-58.2236284;312
9434;Vuelta;-34.7105118;-58.2233119;313
9434;Vuelta;-34.7110278;-58.2225555;314
9434;Vuelta;-34.7119935;-58.2210910;315
9434;Vuelta;-34.7129857;-58.2195889;316
9434;Vuelta;-34.7139558;-58.2181406;317
9434;Vuelta;-34.7149391;-58.2165902;318
9434;Vuelta;-34.7159092;-58.2150936;319
9434;Vuelta;-34.7168881;-58.2135701;320
9434;Vuelta;-34.7174305;-58.2127225;321
9434;Vuelta;-34.7179596;-58.2119339;322
9434;Vuelta;-34.7179905;-58.2117623;323
9434;Vuelta;-34.7178692;-58.2116899;324
9435;Ida;-34.6529179;-58.4163504;0
9435;Ida;-34.6503275;-58.4163075;1
9435;Ida;-34.6488315;-58.4162592;2
9435;Ida;-34.6483946;-58.4161680;3
9435;Ida;-34.6480725;-58.4160339;4
9435;Ida;-34.6479401;-58.4159266;5
9435;Ida;-34.6478210;-58.4160715;6
9435;Ida;-34.6478828;-58.4162566;7
9435;Ida;-34.6480416;-58.4162700;8
9435;Ida;-34.6483196;-58.4163880;9
9435;Ida;-34.6476532;-58.4180349;10
9435;Ida;-34.6471457;-58.4191989;11
9435;Ida;-34.6458174;-58.4203147;12
9435;Ida;-34.6445772;-58.4214037;13
9435;Ida;-34.6433856;-58.4223961;14
9435;Ida;-34.6428760;-58.4227931;15
9435;Ida;-34.6412937;-58.4231901;16
9435;Ida;-34.6393341;-58.4236836;17
9435;Ida;-34.6379703;-58.4240323;18
9435;Ida;-34.6364564;-58.4244668;19
9435;Ida;-34.6350617;-58.4248048;20
9435;Ida;-34.6334109;-58.4252285;21
9435;Ida;-34.6316939;-58.4256738;22
9435;Ida;-34.6302991;-58.4259742;23
9435;Ida;-34.6285378;-58.4263336;24
9435;Ida;-34.6270723;-58.4266984;25
9435;Ida;-34.6256686;-58.4270095;26
9435;Ida;-34.6239823;-58.4273850;27
9435;Ida;-34.6224064;-58.4276908;28
9435;Ida;-34.6211659;-58.4279376;29
9435;Ida;-34.6196606;-58.4282273;30
9435;Ida;-34.6181427;-58.4285377;31
9435;Ida;-34.6164202;-58.4288978;32
9435;Ida;-34.6151575;-58.4292089;33
9435;Ida;-34.6151168;-58.4294021;34
9435;Ida;-34.6158595;-58.4310811;35
9435;Ida;-34.6166012;-58.4327387;36
9435;Ida;-34.6174841;-58.4345734;37
9435;Ida;-34.6182435;-58.4363865;38
9435;Ida;-34.6188880;-58.4378832;39
9435;Ida;-34.6195590;-58.4393799;40
9435;Ida;-34.6204199;-58.4412896;41
9435;Ida;-34.6211615;-58.4429848;42
9435;Ida;-34.6218546;-58.4446156;43
9435;Ida;-34.6225565;-58.4463590;44
9435;Ida;-34.6232540;-58.4480649;45
9435;Ida;-34.6239338;-58.4497815;46
9435;Ida;-34.6246268;-58.4515303;47
9435;Ida;-34.6253022;-58.4532469;48
9435;Ida;-34.6259732;-58.4550440;49
9435;Ida;-34.6265779;-58.4565836;50
9435;Ida;-34.6273637;-58.4584504;51
9435;Ida;-34.6280214;-58.4601026;52
9435;Ida;-34.6285069;-58.4616369;53
9435;Ida;-34.6288468;-58.4628385;54
9435;Ida;-34.6293677;-58.4645980;55
9435;Ida;-34.6298488;-58.4663951;56
9435;Ida;-34.6301843;-58.4677952;57
9435;Ida;-34.6307669;-58.4699732;58
9435;Ida;-34.6312613;-58.4718507;59
9435;Ida;-34.6317513;-58.4736371;60
9435;Ida;-34.6322809;-58.4754931;61
9435;Ida;-34.6327003;-58.4772956;62
9435;Ida;-34.6330843;-58.4789156;63
9435;Ida;-34.6335830;-58.4809219;64
9435;Ida;-34.6339406;-58.4823596;65
9435;Ida;-34.6332167;-58.4832609;66
9435;Ida;-34.6327753;-58.4835935;67
9435;Ida;-34.6312991;-58.4842563;68
9435;Ida;-34.6298228;-58.4849192;69
9435;Ida;-34.6283524;-58.4856212;70
9435;Ida;-34.6268560;-58.4863239;71
9435;Ida;-34.6262248;-58.4865921;72
9435;Ida;-34.6262469;-58.4867906;73
9435;Ida;-34.6267722;-58.4880942;74
9435;Ida;-34.6270856;-58.4888774;75
9435;Ida;-34.6270723;-58.4890490;76
9435;Ida;-34.6259467;-58.4904330;77
9435;Ida;-34.6248211;-58.4918546;78
9435;Ida;-34.6237086;-58.4932655;79
9435;Ida;-34.6226404;-58.4945905;80
9435;Ida;-34.6215500;-58.4959477;81
9435;Ida;-34.6204655;-58.4973694;82
9435;Ida;-34.6196738;-58.4983402;83
9435;Ida;-34.6187909;-58.4994399;84
9435;Ida;-34.6180978;-58.5003519;85
9435;Ida;-34.6173958;-58.5011726;86
9435;Ida;-34.6161376;-58.5021328;87
9435;Ida;-34.6145218;-58.5033398;88
9435;Ida;-34.6133916;-58.5043698;89
9435;Ida;-34.6121201;-58.5054963;90
9435;Ida;-34.6108770;-58.5066486;91
9435;Ida;-34.6095838;-58.5077385;92
9435;Ida;-34.6082524;-58.5088759;93
9435;Ida;-34.6070250;-58.5099327;94
9435;Ida;-34.6057269;-58.5110324;95
9435;Ida;-34.6055326;-58.5111987;96
9435;Ida;-34.6055415;-58.5113543;97
9435;Ida;-34.6064973;-58.5128860;98
9435;Ida;-34.6074224;-58.5143744;99
9435;Ida;-34.6083540;-58.5159462;100
9435;Ida;-34.6093518;-58.5174858;101
9435;Ida;-34.6102348;-58.5189986;102
9435;Ida;-34.6111797;-58.5205113;103
9435;Ida;-34.6120980;-58.5220670;104
9435;Ida;-34.6130825;-58.5236656;105
9435;Ida;-34.6139434;-58.5250979;106
9435;Ida;-34.6150913;-58.5265731;107
9435;Ida;-34.6161774;-58.5279464;108
9435;Ida;-34.6172148;-58.5293304;109
9435;Ida;-34.6178903;-58.5301780;110
9435;Ida;-34.6179852;-58.5304436;111
9435;Ida;-34.6180360;-58.5310686;112
9435;Ida;-34.6181861;-58.5312885;113
9435;Ida;-34.6197488;-58.5311973;114
9435;Ida;-34.6213337;-58.5311007;115
9435;Ida;-34.6225830;-58.5310471;116
9435;Ida;-34.6237704;-58.5324150;117
9435;Ida;-34.6248211;-58.5336112;118
9435;Ida;-34.6260615;-58.5350167;119
9435;Ida;-34.6272533;-58.5363364;120
9435;Ida;-34.6273990;-58.5363579;121
9435;Ida;-34.6280832;-58.5354351;122
9435;Ida;-34.6287144;-58.5346198;123
9435;Vuelta;-34.6285026;-58.5344160;0
9435;Vuelta;-34.6282200;-58.5341852;1
9435;Vuelta;-34.6273548;-58.5353332;2
9435;Vuelta;-34.6268649;-58.5359555;3
9435;Vuelta;-34.6262689;-58.5367548;4
9435;Vuelta;-34.6251566;-58.5354781;5
9435;Vuelta;-34.6240144;-58.5342065;6
9435;Vuelta;-34.6233113;-58.5333645;7
9435;Vuelta;-34.6224814;-58.5324740;8
9435;Vuelta;-34.6214529;-58.5338312;9
9435;Vuelta;-34.6202565;-58.5325115;10
9435;Vuelta;-34.6191838;-58.5313529;11
9435;Vuelta;-34.6191573;-58.5304248;12
9435;Vuelta;-34.6190558;-58.5303336;13
9435;Vuelta;-34.6180757;-58.5303551;14
9435;Vuelta;-34.6169853;-58.5289818;15
9435;Vuelta;-34.6159081;-58.5275870;16
9435;Vuelta;-34.6148308;-58.5262191;17
9435;Vuelta;-34.6139920;-58.5251194;18
9435;Vuelta;-34.6130914;-58.5236924;19
9435;Vuelta;-34.6125263;-58.5227322;20
9435;Vuelta;-34.6116822;-58.5213618;21
9435;Vuelta;-34.6107503;-58.5198209;22
9435;Vuelta;-34.6098183;-58.5182800;23
9435;Vuelta;-34.6088863;-58.5167392;24
9435;Vuelta;-34.6079257;-58.5151684;25
9435;Vuelta;-34.6069897;-58.5136234;26
9435;Vuelta;-34.6066718;-58.5131084;27
9435;Vuelta;-34.6065040;-58.5130548;28
9435;Vuelta;-34.6057755;-58.5137575;29
9435;Vuelta;-34.6051220;-58.5143369;30
9435;Vuelta;-34.6050072;-58.5142993;31
9435;Vuelta;-34.6042831;-58.5130763;32
9435;Vuelta;-34.6035457;-58.5119122;33
9435;Vuelta;-34.6035722;-58.5117888;34
9435;Vuelta;-34.6048791;-58.5105818;35
9435;Vuelta;-34.6050823;-58.5105497;36
9435;Vuelta;-34.6055768;-58.5114026;37
9435;Vuelta;-34.6064113;-58.5127490;38
9435;Vuelta;-34.6065481;-58.5127115;39
9435;Vuelta;-34.6077847;-58.5115940;40
9435;Vuelta;-34.6091399;-58.5103458;41
9435;Vuelta;-34.6101554;-58.5096538;42
9435;Vuelta;-34.6109192;-58.5091334;43
9435;Vuelta;-34.6121863;-58.5079801;44
9435;Vuelta;-34.6133960;-58.5068535;45
9435;Vuelta;-34.6146498;-58.5056573;46
9435;Vuelta;-34.6158551;-58.5044878;47
9435;Vuelta;-34.6171124;-58.5032637;48
9435;Vuelta;-34.6180095;-58.5024172;49
9435;Vuelta;-34.6191032;-58.5010420;50
9435;Vuelta;-34.6202080;-58.4996759;51
9435;Vuelta;-34.6212906;-58.4982915;52
9435;Vuelta;-34.6223887;-58.4968918;53
9435;Vuelta;-34.6234781;-58.4955410;54
9435;Vuelta;-34.6245718;-58.4941658;55
9435;Vuelta;-34.6256655;-58.4927905;56
9435;Vuelta;-34.6267592;-58.4914152;57
9435;Vuelta;-34.6278530;-58.4900400;58
9435;Vuelta;-34.6284320;-58.4893119;59
9435;Vuelta;-34.6294604;-58.4880137;60
9435;Vuelta;-34.6306301;-58.4865492;61
9435;Vuelta;-34.6315482;-58.4853905;62
9435;Vuelta;-34.6327488;-58.4838885;63
9435;Vuelta;-34.6332608;-58.4833145;64
9435;Vuelta;-34.6340333;-58.4829605;65
9435;Vuelta;-34.6341083;-58.4828532;66
9435;Vuelta;-34.6336581;-58.4810131;67
9435;Vuelta;-34.6331946;-58.4791731;68
9435;Vuelta;-34.6327576;-58.4773278;69
9435;Vuelta;-34.6323251;-58.4754985;70
9435;Vuelta;-34.6317954;-58.4735351;71
9435;Vuelta;-34.6313010;-58.4718024;72
9435;Vuelta;-34.6307758;-58.4698766;73
9435;Vuelta;-34.6303476;-58.4680902;74
9435;Vuelta;-34.6298532;-58.4661644;75
9435;Vuelta;-34.6293765;-58.4644371;76
9435;Vuelta;-34.6288821;-58.4627205;77
9435;Vuelta;-34.6283171;-58.4608966;78
9435;Vuelta;-34.6276329;-58.4590566;79
9435;Vuelta;-34.6271253;-58.4578013;80
9435;Vuelta;-34.6264323;-58.4560686;81
9435;Vuelta;-34.6257834;-58.4543627;82
9435;Vuelta;-34.6250859;-58.4526407;83
9435;Vuelta;-34.6244238;-58.4509187;84
9435;Vuelta;-34.6237616;-58.4491807;85
9435;Vuelta;-34.6231083;-58.4474480;86
9435;Vuelta;-34.6224417;-58.4457421;87
9435;Vuelta;-34.6217486;-58.4440255;88
9435;Vuelta;-34.6212189;-58.4426844;89
9435;Vuelta;-34.6207863;-58.4411287;90
9435;Vuelta;-34.6202344;-58.4388810;91
9435;Vuelta;-34.6197665;-58.4373682;92
9435;Vuelta;-34.6193427;-58.4358447;93
9435;Vuelta;-34.6190558;-58.4345573;94
9435;Vuelta;-34.6188087;-58.4326686;95
9435;Vuelta;-34.6185615;-58.4307800;96
9435;Vuelta;-34.6183144;-58.4288913;97
9435;Vuelta;-34.6182921;-58.4287208;98
9435;Vuelta;-34.6183627;-58.4285653;99
9435;Vuelta;-34.6198725;-58.4282541;100
9435;Vuelta;-34.6214131;-58.4279751;101
9435;Vuelta;-34.6230553;-58.4276318;102
9435;Vuelta;-34.6245915;-58.4273314;103
9435;Vuelta;-34.6262160;-58.4269666;104
9435;Vuelta;-34.6276197;-58.4266501;105
9435;Vuelta;-34.6294030;-58.4262478;106
9435;Vuelta;-34.6308773;-58.4259366;107
9435;Vuelta;-34.6323736;-58.4255665;108
9435;Vuelta;-34.6338435;-58.4251642;109
9435;Vuelta;-34.6353971;-58.4247565;110
9435;Vuelta;-34.6368978;-58.4244132;111
9435;Vuelta;-34.6384514;-58.4239733;112
9435;Vuelta;-34.6399785;-58.4236192;113
9435;Vuelta;-34.6415493;-58.4231733;114
9435;Vuelta;-34.6427458;-58.4228951;115
9435;Vuelta;-34.6430061;-58.4227717;116
9435;Vuelta;-34.6442942;-58.4216724;117
9435;Vuelta;-34.6455822;-58.4205731;118
9435;Vuelta;-34.6468702;-58.4194739;119
9435;Vuelta;-34.6471546;-58.4192312;120
9435;Vuelta;-34.6474988;-58.4185070;121
9435;Vuelta;-34.6481889;-58.4167876;122
9435;Vuelta;-34.6482976;-58.4165168;123
9435;Vuelta;-34.6484256;-58.4164497;124
9435;Vuelta;-34.6486793;-58.4164014;125
9435;Vuelta;-34.6501863;-58.4164631;126
9435;Vuelta;-34.6522427;-58.4165114;127
99992;Ida;-34.7178758;-58.2121324;0
99992;Ida;-34.7180213;-58.2117730;1
99992;Ida;-34.7178758;-58.2116657;2
99992;Ida;-34.7177656;-58.2117944;3
99992;Ida;-34.7176818;-58.2122075;4
99992;Ida;-34.7173908;-58.2127600;5
99992;Ida;-34.7168484;-58.2136076;6
99992;Ida;-34.7162311;-58.2145947;7
99992;Ida;-34.7156534;-58.2154583;8
99992;Ida;-34.7150361;-58.2164293;9
99992;Ida;-34.7145599;-58.2171911;10
99992;Ida;-34.7139646;-58.2181406;11
99992;Ida;-34.7133384;-58.2190847;12
99992;Ida;-34.7127520;-58.2199323;13
99992;Ida;-34.7121919;-58.2208389;14
99992;Ida;-34.7115569;-58.2217186;15
99992;Ida;-34.7108999;-58.2227325;16
99992;Ida;-34.7105295;-58.2232528;17
99992;Ida;-34.7104457;-58.2232958;18
99992;Ida;-34.7102561;-58.2235479;19
99992;Ida;-34.7093609;-58.2249212;20
99992;Ida;-34.7088493;-58.2256722;21
99992;Ida;-34.7083246;-58.2264822;22
99992;Ida;-34.7080423;-58.2270401;23
99992;Ida;-34.7078571;-58.2275658;24
99992;Ida;-34.7075396;-58.2286494;25
99992;Ida;-34.7071118;-58.2300603;26
99992;Ida;-34.7069795;-58.2307738;27
99992;Ida;-34.7071956;-58.2309079;28
99992;Ida;-34.7071471;-58.2311654;29
99992;Ida;-34.7079922;-58.2326192;30
99992;Ida;-34.7089034;-58.2341802;31
99992;Ida;-34.7098146;-58.2357412;32
99992;Ida;-34.7107940;-58.2373774;33
99992;Ida;-34.7117906;-58.2390296;34
99992;Ida;-34.7125932;-58.2403922;35
99992;Ida;-34.7135280;-58.2419908;36
99992;Ida;-34.7144541;-58.2435142;37
99992;Ida;-34.7153624;-58.2450914;38
99992;Ida;-34.7161297;-58.2464486;39
99992;Ida;-34.7169851;-58.2478058;40
99992;Ida;-34.7175583;-58.2468831;41
99992;Ida;-34.7185504;-58.2484388;42
99992;Ida;-34.7194984;-58.2501071;43
99992;Ida;-34.7199482;-58.2511585;44
99992;Ida;-34.7203935;-58.2521188;45
99992;Ida;-34.7211166;-58.2534277;46
99992;Ida;-34.7219536;-58.2550450;47
99992;Ida;-34.7227789;-58.2566785;48
99992;Ida;-34.7235505;-58.2581484;49
99992;Ida;-34.7243000;-58.2595700;50
99992;Ida;-34.7228450;-58.2606589;51
99992;Ida;-34.7215796;-58.2616192;52
99992;Ida;-34.7203494;-58.2625579;53
99992;Ida;-34.7189517;-58.2635772;54
99992;Ida;-34.7181977;-58.2642048;55
99992;Ida;-34.7187444;-58.2652831;56
99992;Ida;-34.7191986;-58.2661575;57
99992;Ida;-34.7205028;-58.2651726;58
99992;Ida;-34.7208477;-58.2649076;59
99992;Ida;-34.7216549;-58.2665515;60
99992;Ida;-34.7224702;-58.2681852;61
99992;Ida;-34.7232947;-58.2698482;62
99992;Ida;-34.7240399;-58.2713663;63
99992;Ida;-34.7247938;-58.2730561;64
99992;Ida;-34.7255345;-58.2746064;65
99992;Ida;-34.7265221;-58.2764089;66
99992;Ida;-34.7273290;-58.2779538;67
99992;Ida;-34.7281887;-58.2796597;68
99992;Ida;-34.7290396;-58.2812744;69
99992;Ida;-34.7298464;-58.2827979;70
99992;Ida;-34.7307458;-58.2846969;71
99992;Ida;-34.7314776;-58.2863008;72
99992;Ida;-34.7322535;-58.2879102;73
99992;Ida;-34.7329942;-58.2895034;74
99992;Ida;-34.7337921;-58.2911556;75
99992;Ida;-34.7346121;-58.2928079;76
99992;Ida;-34.7353042;-58.2941651;77
99992;Ida;-34.7356569;-58.2948571;78
99992;Ida;-34.7342187;-58.2958730;79
99992;Ida;-34.7328555;-58.2968299;80
99992;Ida;-34.7314732;-58.2978290;81
99992;Ida;-34.7301065;-58.2987731;82
99992;Ida;-34.7287662;-58.2997226;83
99992;Ida;-34.7274083;-58.3006829;84
99992;Ida;-34.7262135;-58.3015036;85
99992;Ida;-34.7254772;-58.3020776;86
99992;Ida;-34.7238436;-58.3025423;87
99992;Ida;-34.7223157;-58.3030017;88
99992;Ida;-34.7207879;-58.3034610;89
99992;Ida;-34.7192736;-58.3039283;90
99992;Ida;-34.7176906;-58.3044219;91
99992;Ida;-34.7162972;-58.3048295;92
99992;Ida;-34.7150626;-58.3061063;93
99992;Ida;-34.7138852;-58.3073347;94
99992;Ida;-34.7126461;-58.3085578;95
99992;Ida;-34.7115790;-58.3096414;96
99992;Ida;-34.7112263;-58.3099473;97
99992;Ida;-34.7108911;-58.3098989;98
99992;Ida;-34.7105031;-58.3094645;99
99992;Ida;-34.7101590;-58.3096200;100
99992;Ida;-34.7095417;-58.3109933;101
99992;Ida;-34.7090830;-58.3120554;102
99992;Ida;-34.7078527;-58.3133000;103
99992;Ida;-34.7066797;-58.3145016;104
99992;Ida;-34.7054581;-58.3157569;105
99992;Ida;-34.7048186;-58.3164221;106
99992;Ida;-34.7038925;-58.3152848;107
99992;Ida;-34.7027783;-58.3166202;108
99992;Ida;-34.7019830;-58.3176237;109
99992;Ida;-34.7030766;-58.3188199;110
99992;Ida;-34.7040777;-58.3175754;111
99992;Ida;-34.7052420;-58.3189004;112
99992;Ida;-34.7063665;-58.3202147;113
99992;Ida;-34.7074999;-58.3215558;114
99992;Ida;-34.7086244;-58.3228915;115
99992;Ida;-34.7097666;-58.3242166;116
99992;Ida;-34.7109175;-58.3255523;117
99992;Ida;-34.7114599;-58.3261853;118
99992;Ida;-34.7103398;-58.3275908;119
99992;Ida;-34.7092330;-58.3289641;120
99992;Ida;-34.7081129;-58.3303266;121
99992;Ida;-34.7070192;-58.3316677;122
99992;Ida;-34.7059432;-58.3329874;123
99992;Ida;-34.7047878;-58.3344089;124
99992;Ida;-34.7038881;-58.3354872;125
99992;Ida;-34.7035353;-58.3359593;126
99992;Ida;-34.7045761;-58.3371502;127
99992;Ida;-34.7057359;-58.3384913;128
99992;Ida;-34.7069222;-58.3398377;129
99992;Ida;-34.7086024;-58.3418279;130
99992;Ida;-34.7092109;-58.3425414;131
99992;Ida;-34.7102825;-58.3437430;132
99992;Ida;-34.7114555;-58.3451002;133
99992;Ida;-34.7125888;-58.3463877;134
99992;Ida;-34.7136162;-58.3476161;135
99992;Ida;-34.7141718;-58.3482491;136
99992;Ida;-34.7130298;-58.3495849;137
99992;Ida;-34.7118215;-58.3509689;138
99992;Ida;-34.7106737;-58.3522528;139
99992;Ida;-34.7095505;-58.3535653;140
99992;Ida;-34.7083887;-58.3548860;141
99992;Ida;-34.7072794;-58.3562153;142
99992;Ida;-34.7061284;-58.3575618;143
99992;Ida;-34.7050435;-58.3588171;144
99992;Ida;-34.7043115;-58.3596754;145
99992;Ida;-34.7044614;-58.3600294;146
99992;Ida;-34.7044746;-58.3601796;147
99992;Ida;-34.7037337;-58.3618479;148
99992;Ida;-34.7033589;-58.3626151;149
99992;Ida;-34.7023754;-58.3638381;150
99992;Ida;-34.7012540;-58.3652054;151
99992;Ida;-34.6999718;-58.3667081;152
99992;Ida;-34.6991912;-58.3677864;153
99992;Ida;-34.6987987;-58.3683818;154
99992;Ida;-34.6982253;-58.3693045;155
99992;Ida;-34.6970110;-58.3707597;156
99992;Ida;-34.6958040;-58.3721584;157
99992;Ida;-34.6947234;-58.3734512;158
99992;Ida;-34.6935590;-58.3747923;159
99992;Ida;-34.6924298;-58.3761173;160
99992;Ida;-34.6912566;-58.3774691;161
99992;Ida;-34.6901891;-58.3787834;162
99992;Ida;-34.6891658;-58.3801352;163
99992;Ida;-34.6880543;-58.3815515;164
99992;Ida;-34.6869868;-58.3829247;165
99992;Ida;-34.6859458;-58.3843302;166
99992;Ida;-34.6846225;-58.3861595;167
99992;Ida;-34.6843578;-58.3861863;168
99992;Ida;-34.6829242;-58.3855962;169
99992;Ida;-34.6820595;-58.3852636;170
99992;Ida;-34.6808729;-58.3866852;171
99992;Ida;-34.6797348;-58.3879673;172
99992;Ida;-34.6789628;-58.3889114;173
99992;Ida;-34.6774452;-58.3906066;174
99992;Ida;-34.6763335;-58.3919048;175
99992;Ida;-34.6751865;-58.3931708;176
99992;Ida;-34.6744850;-58.3940720;177
99992;Ida;-34.6739336;-58.3942973;178
99992;Ida;-34.6739468;-58.3946299;179
99992;Ida;-34.6731086;-58.3956599;180
99992;Ida;-34.6742380;-58.3969151;181
99992;Ida;-34.6753188;-58.3981329;182
99992;Ida;-34.6763291;-58.3996134;183
99992;Ida;-34.6772511;-58.4010350;184
99992;Ida;-34.6761967;-58.4024995;185
99992;Ida;-34.6751733;-58.4038943;186
99992;Ida;-34.6740924;-58.4054017;187
99992;Ida;-34.6730556;-58.4067857;188
99992;Ida;-34.6719792;-58.4082180;189
99992;Ida;-34.6708938;-58.4097093;190
99992;Ida;-34.6698835;-58.4110236;191
99992;Ida;-34.6688379;-58.4124451;192
99992;Ida;-34.6677790;-58.4138667;193
99992;Ida;-34.6667113;-58.4153312;194
99992;Ida;-34.6658024;-58.4165543;195
99992;Ida;-34.6651185;-58.4174823;196
99992;Ida;-34.6649199;-58.4176486;197
99992;Ida;-34.6631506;-58.4173750;198
99992;Ida;-34.6617559;-58.4170289;199
99992;Ida;-34.6602047;-58.4167056;200
99992;Ida;-34.6599164;-58.4166455;201
99992;Ida;-34.6582573;-58.4164846;202
99992;Ida;-34.6566838;-58.4164452;203
99992;Ida;-34.6551104;-58.4164058;204
99992;Ida;-34.6535369;-58.4163664;205
99992;Ida;-34.6519634;-58.4163270;206
99992;Ida;-34.6503899;-58.4162877;207
99992;Ida;-34.6488164;-58.4162483;208
99992;Ida;-34.6484476;-58.4160768;209
99992;Ida;-34.6480901;-58.4159052;210
99992;Ida;-34.6478894;-58.4159428;211
99992;Ida;-34.6478210;-58.4160715;212
99992;Ida;-34.6478828;-58.4162566;213
99992;Ida;-34.6480725;-58.4162753;214
99992;Ida;-34.6482667;-58.4164577;215
99992;Ida;-34.6477062;-58.4178900;216
99992;Ida;-34.6474502;-58.4184372;217
99992;Ida;-34.6473134;-58.4183192;218
99992;Ida;-34.6473267;-58.4163773;219
99993;Ida;-34.7179067;-58.2120841;0
99993;Ida;-34.7180081;-58.2119178;1
99993;Ida;-34.7180081;-58.2117891;2
99993;Ida;-34.7179419;-58.2117033;3
99993;Ida;-34.7178317;-58.2116764;4
99993;Ida;-34.7177435;-58.2118749;5
99993;Ida;-34.7176818;-58.2122665;6
99993;Ida;-34.7173952;-58.2127332;7
99993;Ida;-34.7168660;-58.2135754;8
99993;Ida;-34.7162399;-58.2145893;9
99993;Ida;-34.7156402;-58.2154798;10
99993;Ida;-34.7144673;-58.2173091;11
99993;Ida;-34.7139514;-58.2181459;12
99993;Ida;-34.7133473;-58.2190793;13
99993;Ida;-34.7127740;-58.2199108;14
99993;Ida;-34.7121611;-58.2208496;15
99993;Ida;-34.7113100;-58.2221156;16
99993;Ida;-34.7105471;-58.2232689;17
99993;Ida;-34.7103663;-58.2233870;18
99993;Ida;-34.7098768;-58.2241594;19
99993;Ida;-34.7092153;-58.2251572;20
99993;Ida;-34.7085891;-58.2260853;21
99993;Ida;-34.7081482;-58.2267934;22
99993;Ida;-34.7079012;-58.2274371;23
99993;Ida;-34.7073323;-58.2293683;24
99993;Ida;-34.7071074;-58.2301568;25
99993;Ida;-34.7069928;-58.2308059;26
99993;Ida;-34.7072177;-58.2308596;27
99993;Ida;-34.7071824;-58.2312083;28
99993;Ida;-34.7079922;-58.2326192;29
99993;Ida;-34.7089034;-58.2341802;30
99993;Ida;-34.7098146;-58.2357412;31
99993;Ida;-34.7107455;-58.2372969;32
99993;Ida;-34.7116716;-58.2388150;33
99993;Ida;-34.7125800;-58.2403975;34
99993;Ida;-34.7135016;-58.2419371;35
99993;Ida;-34.7143967;-58.2434767;36
99993;Ida;-34.7152919;-58.2450217;37
99993;Ida;-34.7161958;-58.2465666;38
99993;Ida;-34.7169675;-58.2477629;39
99993;Ida;-34.7175627;-58.2468992;40
99993;Ida;-34.7185284;-58.2483744;41
99993;Ida;-34.7194808;-58.2500642;42
99993;Ida;-34.7198953;-58.2510781;43
99993;Ida;-34.7204156;-58.2521510;44
99993;Ida;-34.7211431;-58.2534599;45
99993;Ida;-34.7219536;-58.2550450;46
99993;Ida;-34.7227921;-58.2567000;47
99993;Ida;-34.7235593;-58.2582020;48
99993;Ida;-34.7242780;-58.2595700;49
99993;Ida;-34.7228715;-58.2606428;50
99993;Ida;-34.7215708;-58.2616138;51
99993;Ida;-34.7203715;-58.2625579;52
99993;Ida;-34.7190840;-58.2634967;53
99993;Ida;-34.7182021;-58.2641941;54
99993;Ida;-34.7187621;-58.2652777;55
99993;Ida;-34.7192118;-58.2661360;56
99993;Ida;-34.7201731;-58.2654333;57
99993;Ida;-34.7208653;-58.2649290;58
99993;Ida;-34.7216549;-58.2665515;59
99993;Ida;-34.7224835;-58.2681852;60
99993;Ida;-34.7236254;-58.2705026;61
99993;Ida;-34.7219500;-58.2717955;62
99993;Ida;-34.7193044;-58.2736945;63
99993;Ida;-34.7178758;-58.2746332;64
99993;Ida;-34.7167249;-58.2754004;65
99993;Ida;-34.7174790;-58.2769775;66
99993;Ida;-34.7182682;-58.2784366;67
99993;Ida;-34.7190487;-58.2800620;68
99993;Ida;-34.7208036;-58.2833075;69
99993;Ida;-34.7218750;-58.2854855;70
99993;Ida;-34.7229288;-58.2876098;71
99993;Ida;-34.7213635;-58.2886987;72
99993;Ida;-34.7204156;-58.2893800;73
99993;Ida;-34.7195381;-58.2899862;74
99993;Ida;-34.7189385;-58.2911181;75
99993;Ida;-34.7183917;-58.2922232;76
99993;Ida;-34.7178008;-58.2934463;77
99993;Ida;-34.7168616;-58.2952862;78
99993;Ida;-34.7159136;-58.2971692;79
99993;Ida;-34.7148686;-58.2992988;80
99993;Ida;-34.7142556;-58.3004844;81
99993;Ida;-34.7136427;-58.3017075;82
99993;Ida;-34.7130827;-58.3029359;83
99993;Ida;-34.7124741;-58.3042234;84
99993;Ida;-34.7119626;-58.3054518;85
99993;Ida;-34.7113894;-58.3067500;86
99993;Ida;-34.7108734;-58.3079463;87
99993;Ida;-34.7103487;-58.3091318;88
99993;Ida;-34.7099606;-58.3100169;89
99993;Ida;-34.7094843;-58.3111327;90
99993;Ida;-34.7090830;-58.3120018;91
99993;Ida;-34.7078439;-58.3133000;92
99993;Ida;-34.7066576;-58.3144962;93
99993;Ida;-34.7054493;-58.3157515;94
99993;Ida;-34.7048142;-58.3163899;95
99993;Ida;-34.7038837;-58.3152848;96
99993;Ida;-34.7027783;-58.3166202;97
99993;Ida;-34.7019830;-58.3176237;98
99993;Ida;-34.7030634;-58.3187878;99
99993;Ida;-34.7040910;-58.3176023;100
99993;Ida;-34.7052508;-58.3188951;101
99993;Ida;-34.7063886;-58.3202308;102
99993;Ida;-34.7075043;-58.3215504;103
99993;Ida;-34.7086288;-58.3228862;104
99993;Ida;-34.7097754;-58.3242058;105
99993;Ida;-34.7108249;-58.3254557;106
99993;Ida;-34.7114555;-58.3261907;107
99993;Ida;-34.7103443;-58.3275908;108
99993;Ida;-34.7092639;-58.3289480;109
99993;Ida;-34.7081305;-58.3303266;110
99993;Ida;-34.7067723;-58.3319950;111
99993;Ida;-34.7057668;-58.3332395;112
99993;Ida;-34.7045805;-58.3346879;113
99993;Ida;-34.7035397;-58.3359646;114
99993;Ida;-34.7021152;-58.3377242;115
99993;Ida;-34.7007392;-58.3395427;116
99993;Ida;-34.6988295;-58.3419191;117
99993;Ida;-34.6967654;-58.3443921;118
99993;Ida;-34.6947145;-58.3468329;119
99993;Ida;-34.6933869;-58.3484154;120
99993;Ida;-34.6921564;-58.3499068;121
99993;Ida;-34.6906920;-58.3516502;122
99993;Ida;-34.6898010;-58.3527499;123
99993;Ida;-34.6906920;-58.3537745;124
99993;Ida;-34.6921916;-58.3556091;125
99993;Ida;-34.6930076;-58.3565479;126
99993;Ida;-34.6937221;-58.3573043;127
99993;Ida;-34.6944852;-58.3580017;128
99993;Ida;-34.6952526;-58.3587419;129
99993;Ida;-34.6961656;-58.3595788;130
99993;Ida;-34.6970477;-58.3603513;131
99993;Ida;-34.6979342;-58.3612525;132
99993;Ida;-34.6988295;-58.3621323;133
99993;Ida;-34.6997204;-58.3631032;134
99993;Ida;-34.7005584;-58.3640044;135
99993;Ida;-34.7014316;-58.3649486;136
99993;Ida;-34.6999895;-58.3667242;137
99993;Ida;-34.6990697;-58.3679621;138
99993;Ida;-34.6986663;-58.3685857;139
99993;Ida;-34.6981988;-58.3693581;140
99993;Ida;-34.6970110;-58.3707597;141
99993;Ida;-34.6958084;-58.3721691;142
99993;Ida;-34.6947234;-58.3734512;143
99993;Ida;-34.6935590;-58.3747923;144
99993;Ida;-34.6924166;-58.3761334;145
99993;Ida;-34.6912477;-58.3774745;146
99993;Ida;-34.6901891;-58.3787834;147
99993;Ida;-34.6891658;-58.3801352;148
99993;Ida;-34.6880543;-58.3815300;149
99993;Ida;-34.6870221;-58.3828711;150
99993;Ida;-34.6859458;-58.3843302;151
99993;Ida;-34.6849136;-58.3857357;152
99993;Ida;-34.6844945;-58.3863794;153
99993;Ida;-34.6852533;-58.3866798;154
99993;Ida;-34.6862678;-58.3871358;155
99993;Ida;-34.6871809;-58.3875542;156
99993;Ida;-34.6881116;-58.3879405;157
99993;Ida;-34.6874235;-58.3888310;158
99993;Ida;-34.6860208;-58.3907139;159
99993;Ida;-34.6847151;-58.3925217;160
99993;Ida;-34.6839740;-58.3935570;161
99993;Ida;-34.6834447;-58.3942759;162
99993;Ida;-34.6828712;-58.3948016;163
99993;Ida;-34.6823816;-58.3952522;164
99993;Ida;-34.6812743;-58.3961695;165
99993;Ida;-34.6806567;-58.3966630;166
99993;Ida;-34.6791216;-58.3980846;167
99993;Ida;-34.6777231;-58.3992969;168
99993;Ida;-34.6766820;-58.4002035;169
99993;Ida;-34.6772467;-58.4010297;170
99993;Ida;-34.6761835;-58.4025371;171
99993;Ida;-34.6751468;-58.4039318;172
99993;Ida;-34.6740924;-58.4053641;173
99993;Ida;-34.6730556;-58.4067803;174
99993;Ida;-34.6719792;-58.4082180;175
99993;Ida;-34.6709512;-58.4096235;176
99993;Ida;-34.6698791;-58.4110289;177
99993;Ida;-34.6688070;-58.4124988;178
99993;Ida;-34.6677658;-58.4139204;179
99993;Ida;-34.6667598;-58.4152668;180
99993;Ida;-34.6657009;-58.4166830;181
99993;Ida;-34.6651008;-58.4175199;182
99993;Ida;-34.6649288;-58.4176647;183
99993;Ida;-34.6633070;-58.4173522;184
99993;Ida;-34.6617559;-58.4170289;185
99993;Ida;-34.6602047;-58.4167056;186
99993;Ida;-34.6599164;-58.4166455;187
99993;Ida;-34.6582573;-58.4164846;188
99993;Ida;-34.6566838;-58.4164452;189
99993;Ida;-34.6551104;-58.4164058;190
99993;Ida;-34.6535369;-58.4163664;191
99993;Ida;-34.6519634;-58.4163270;192
99993;Ida;-34.6503899;-58.4162877;193
99993;Ida;-34.6488164;-58.4162483;194
99993;Ida;-34.6484741;-58.4161359;195
99993;Ida;-34.6480637;-58.4159696;196
99993;Ida;-34.6478894;-58.4159428;197
99993;Ida;-34.6478210;-58.4160715;198
99993;Ida;-34.6478828;-58.4162566;199
99993;Ida;-34.6480284;-58.4162646;200
99993;Ida;-34.6483108;-58.4163933;201
99993;Ida;-34.6476444;-58.4180188;202
99993;Ida;-34.6474811;-58.4184104;203
99993;Ida;-34.6473311;-58.4183084;204
99993;Ida;-34.6473267;-58.4163504;205
99999;Ida;-34.7179331;-58.2120037;0
99999;Ida;-34.7179860;-58.2118642;1
99999;Ida;-34.7179464;-58.2117408;2
99999;Ida;-34.7178582;-58.2116979;3
99999;Ida;-34.7177788;-58.2117944;4
99999;Ida;-34.7177171;-58.2122451;5
99999;Ida;-34.7176818;-58.2123148;6
99999;Ida;-34.7173820;-58.2127547;7
99999;Ida;-34.7168616;-58.2135808;8
99999;Ida;-34.7162443;-58.2145947;9
99999;Ida;-34.7156711;-58.2154583;10
99999;Ida;-34.7148862;-58.2166707;11
99999;Ida;-34.7139470;-58.2181352;12
99999;Ida;-34.7133384;-58.2190579;13
99999;Ida;-34.7127784;-58.2198733;14
99999;Ida;-34.7123815;-58.2205116;15
99999;Ida;-34.7119273;-58.2211875;16
99999;Ida;-34.7114202;-58.2219332;17
99999;Ida;-34.7108337;-58.2228344;18
99999;Ida;-34.7105515;-58.2232314;19
99999;Ida;-34.7103972;-58.2233548;20
99999;Ida;-34.7102252;-58.2236015;21
99999;Ida;-34.7097181;-58.2244223;22
99999;Ida;-34.7087391;-58.2258707;23
99999;Ida;-34.7081482;-58.2268363;24
99999;Ida;-34.7080423;-58.2270777;25
99999;Ida;-34.7078968;-58.2274907;26
99999;Ida;-34.7076807;-58.2282042;27
99999;Ida;-34.7073456;-58.2293683;28
99999;Ida;-34.7070942;-58.2302212;29
99999;Ida;-34.7069751;-58.2307416;30
99999;Ida;-34.7072309;-58.2308542;31
99999;Ida;-34.7072088;-58.2312726;32
99999;Ida;-34.7079922;-58.2326192;33
99999;Ida;-34.7089034;-58.2341802;34
99999;Ida;-34.7098146;-58.2357412;35
99999;Ida;-34.7107411;-58.2372915;36
99999;Ida;-34.7116495;-58.2388311;37
99999;Ida;-34.7125800;-58.2404297;38
99999;Ida;-34.7134928;-58.2419478;39
99999;Ida;-34.7144232;-58.2435303;40
99999;Ida;-34.7153316;-58.2450807;41
99999;Ida;-34.7162223;-58.2466042;42
99999;Ida;-34.7169939;-58.2478004;43
99999;Ida;-34.7175892;-58.2468831;44
99999;Ida;-34.7185548;-58.2484281;45
99999;Ida;-34.7194138;-58.2499581;46
99999;Ida;-34.7195558;-58.2502466;47
99999;Ida;-34.7202656;-58.2518291;48
99999;Ida;-34.7211210;-58.2534223;49
99999;Ida;-34.7219536;-58.2550450;50
99999;Ida;-34.7227877;-58.2566732;51
99999;Ida;-34.7234976;-58.2580626;52
99999;Ida;-34.7242780;-58.2595539;53
99999;Ida;-34.7228847;-58.2606428;54
99999;Ida;-34.7215090;-58.2616728;55
99999;Ida;-34.7202127;-58.2626760;56
99999;Ida;-34.7188767;-58.2636523;57
99999;Ida;-34.7182153;-58.2641834;58
99999;Ida;-34.7187797;-58.2653528;59
99999;Ida;-34.7191942;-58.2661467;60
99999;Ida;-34.7205028;-58.2651726;61
99999;Ida;-34.7208477;-58.2649076;62
99999;Ida;-34.7217207;-58.2666778;63
99999;Ida;-34.7226731;-58.2685768;64
99999;Ida;-34.7236431;-58.2705187;65
99999;Ida;-34.7212974;-58.2723426;66
99999;Ida;-34.7195425;-58.2735013;67
99999;Ida;-34.7175936;-58.2748317;68
99999;Ida;-34.7167470;-58.2753896;69
99999;Ida;-34.7148906;-58.2768326;70
99999;Ida;-34.7140484;-58.2773691;71
99999;Ida;-34.7133384;-58.2778948;72
99999;Ida;-34.7128842;-58.2769185;73
99999;Ida;-34.7124300;-58.2759422;74
99999;Ida;-34.7120199;-58.2752609;75
99999;Ida;-34.7118612;-58.2752341;76
99999;Ida;-34.7108734;-58.2774120;77
99999;Ida;-34.7102252;-58.2788550;78
99999;Ida;-34.7097533;-58.2800459;79
99999;Ida;-34.7091757;-58.2815533;80
99999;Ida;-34.7084921;-58.2833182;81
99999;Ida;-34.7077160;-58.2852226;82
99999;Ida;-34.7067061;-58.2874864;83
99999;Ida;-34.7055948;-58.2898145;84
99999;Ida;-34.7049730;-58.2910591;85
99999;Ida;-34.7043556;-58.2930225;86
99999;Ida;-34.7039719;-58.2943636;87
99999;Ida;-34.7038925;-58.2948839;88
99999;Ida;-34.7035176;-58.2963109;89
99999;Ida;-34.7030943;-58.2978665;90
99999;Ida;-34.7029179;-58.2982528;91
99999;Ida;-34.7027679;-58.2987570;92
99999;Ida;-34.7023578;-58.2999211;93
99999;Ida;-34.7017580;-58.3016109;94
99999;Ida;-34.7016124;-58.3019542;95
99999;Ida;-34.7012243;-58.3031237;96
99999;Ida;-34.7008759;-58.3040624;97
99999;Ida;-34.7004790;-58.3052104;98
99999;Ida;-34.7000247;-58.3065193;99
99999;Ida;-34.6994293;-58.3077156;100
99999;Ida;-34.6986884;-58.3091908;101
99999;Ida;-34.6980798;-58.3104354;102
99999;Ida;-34.6977931;-58.3113044;103
99999;Ida;-34.6975373;-58.3121412;104
99999;Ida;-34.6975990;-58.3123934;105
99999;Ida;-34.6993147;-58.3144319;106
99999;Ida;-34.7011009;-58.3165454;107
99999;Ida;-34.7020138;-58.3176344;108
99999;Ida;-34.7029311;-58.3186697;109
99999;Ida;-34.7016477;-58.3203274;110
99999;Ida;-34.7004173;-58.3218938;111
99999;Ida;-34.6988516;-58.3239054;112
99999;Ida;-34.6976608;-58.3254075;113
99999;Ida;-34.6969904;-58.3246672;114
99999;Ida;-34.6964611;-58.3254075;115
99999;Ida;-34.6972771;-58.3264321;116
99999;Ida;-34.6989089;-58.3284276;117
99999;Ida;-34.7000115;-58.3297526;118
99999;Ida;-34.7015551;-58.3316570;119
99999;Ida;-34.7029311;-58.3333092;120
99999;Ida;-34.7043071;-58.3350151;121
99999;Ida;-34.7032001;-58.3363938;122
99999;Ida;-34.7021196;-58.3377134;123
99999;Ida;-34.7007480;-58.3395320;124
99999;Ida;-34.6994470;-58.3412057;125
99999;Ida;-34.6980754;-58.3427828;126
99999;Ida;-34.6967478;-58.3444082;127
99999;Ida;-34.6954511;-58.3459693;128
99999;Ida;-34.6940529;-58.3476322;129
99999;Ida;-34.6933869;-58.3484262;130
99999;Ida;-34.6926768;-58.3492791;131
99999;Ida;-34.6915036;-58.3507061;132
99999;Ida;-34.6905596;-58.3518648;133
99999;Ida;-34.6898010;-58.3527392;134
99999;Ida;-34.6906523;-58.3537423;135
99999;Ida;-34.6895187;-58.3551102;136
99999;Ida;-34.6884204;-58.3563441;137
99999;Ida;-34.6875117;-58.3573687;138
99999;Ida;-34.6868104;-58.3582645;139
99999;Ida;-34.6859811;-58.3592730;140
99999;Ida;-34.6845475;-58.3610379;141
99999;Ida;-34.6834226;-58.3624219;142
99999;Ida;-34.6822757;-58.3637899;143
99999;Ida;-34.6795363;-58.3641707;144
99999;Ida;-34.6774673;-58.3644819;145
99999;Ida;-34.6758129;-58.3646911;146
99999;Ida;-34.6744056;-58.3631461;147
99999;Ida;-34.6738056;-58.3624166;148
99999;Ida;-34.6740483;-58.3623200;149
99999;Ida;-34.6743836;-58.3622503;150
99999;Ida;-34.6744541;-58.3621752;151
99999;Ida;-34.6744365;-58.3619070;152
99999;Ida;-34.6733777;-58.3620250;153
99999;Ida;-34.6731527;-58.3621966;154
99999;Ida;-34.6739997;-58.3631515;155
99999;Ida;-34.6752174;-58.3644980;156
99999;Ida;-34.6764791;-58.3658444;157
99999;Ida;-34.6776261;-58.3671319;158
99999;Ida;-34.6783628;-58.3680278;159
99999;Ida;-34.6783275;-58.3683925;160
99999;Ida;-34.6780319;-58.3689022;161
99999;Ida;-34.6767438;-58.3704257;162
99999;Ida;-34.6761217;-58.3711713;163
99999;Ida;-34.6758173;-58.3714073;164
99999;Ida;-34.6745953;-58.3727431;165
99999;Ida;-34.6736865;-58.3738428;166
99999;Ida;-34.6728571;-58.3748191;167
99999;Ida;-34.6722659;-58.3755594;168
99999;Ida;-34.6718821;-58.3763480;169
99999;Ida;-34.6717012;-58.3770829;170
99999;Ida;-34.6715380;-58.3777803;171
99999;Ida;-34.6715512;-58.3781129;172
99999;Ida;-34.6717012;-58.3784186;173
99999;Ida;-34.6721600;-58.3787405;174
99999;Ida;-34.6728836;-58.3792662;175
99999;Ida;-34.6733865;-58.3796149;176
99999;Ida;-34.6737439;-58.3799314;177
99999;Ida;-34.6739997;-58.3801406;178
99999;Ida;-34.6741409;-58.3802264;179
99999;Ida;-34.6741144;-58.3803123;180
99999;Ida;-34.6736247;-58.3809238;181
99999;Ida;-34.6729806;-58.3816695;182
99999;Ida;-34.6730645;-58.3818143;183
99999;Ida;-34.6744718;-58.3822005;184
99999;Ida;-34.6756982;-58.3825385;185
99999;Ida;-34.6768320;-58.3829784;186
99999;Ida;-34.6777055;-58.3833914;187
99999;Ida;-34.6785878;-58.3838313;188
99999;Ida;-34.6795495;-58.3842551;189
99999;Ida;-34.6803921;-58.3846521;190
99999;Ida;-34.6807053;-58.3847916;191
99999;Ida;-34.6807803;-58.3849740;192
99999;Ida;-34.6815522;-58.3858913;193
99999;Ida;-34.6811288;-58.3863741;194
99999;Ida;-34.6804671;-58.3871304;195
99999;Ida;-34.6799068;-58.3877635;196
99999;Ida;-34.6794348;-58.3883482;197
99999;Ida;-34.6786319;-58.3892709;198
99999;Ida;-34.6776393;-58.3903813;199
99999;Ida;-34.6768585;-58.3912771;200
99999;Ida;-34.6763467;-58.3919048;201
99999;Ida;-34.6754335;-58.3928757;202
99999;Ida;-34.6748512;-58.3935785;203
99999;Ida;-34.6744321;-58.3940505;204
99999;Ida;-34.6741718;-58.3941954;205
99999;Ida;-34.6739071;-58.3942705;206
99999;Ida;-34.6739247;-58.3946138;207
99999;Ida;-34.6731086;-58.3956331;208
99999;Ida;-34.6742336;-58.3969098;209
99999;Ida;-34.6753453;-58.3981382;210
99999;Ida;-34.6763467;-58.3995813;211
99999;Ida;-34.6772599;-58.4010297;212
99999;Ida;-34.6762188;-58.4024780;213
99999;Ida;-34.6751821;-58.4039211;214
99999;Ida;-34.6740924;-58.4053534;215
99999;Ida;-34.6730600;-58.4067749;216
99999;Ida;-34.6719836;-58.4082233;217
99999;Ida;-34.6710483;-58.4095215;218
99999;Ida;-34.6698835;-58.4110343;219
99999;Ida;-34.6688423;-58.4124344;220
99999;Ida;-34.6677658;-58.4138774;221
99999;Ida;-34.6666980;-58.4153687;222
99999;Ida;-34.6656612;-58.4167367;223
99999;Ida;-34.6649950;-58.4176540;224
99999;Ida;-34.6633070;-58.4173522;225
99999;Ida;-34.6617559;-58.4170289;226
99999;Ida;-34.6602047;-58.4167056;227
99999;Ida;-34.6599164;-58.4166455;228
99999;Ida;-34.6582573;-58.4164846;229
99999;Ida;-34.6566838;-58.4164452;230
99999;Ida;-34.6551104;-58.4164058;231
99999;Ida;-34.6535369;-58.4163664;232
99999;Ida;-34.6519634;-58.4163270;233
99999;Ida;-34.6502437;-58.4163236;234
99999;Ida;-34.6487786;-58.4161841;235
99999;Ida;-34.6483902;-58.4160768;236
99999;Ida;-34.6481519;-58.4159910;237
99999;Ida;-34.6479401;-58.4158784;238
99999;Ida;-34.6478210;-58.4160715;239
99999;Ida;-34.6478342;-58.4162914;240
99999;Ida;-34.6480372;-58.4162646;241
99999;Ida;-34.6483020;-58.4163665;242
99999;Ida;-34.6481960;-58.4166938;243
99999;Ida;-34.6476268;-58.4180992;244
99999;Ida;-34.6474326;-58.4184426;245
99999;Ida;-34.6473223;-58.4183192;246
99999;Ida;-34.6473178;-58.4163719;247
